page_path,active_users,domain,page_title,pageviews,rank,cumulative_pct,pages_per_user,page_short
/go/trackconfirmaction,10217081,tools.usps.com,,,1,3.91,,/go/trackconfirmaction
/go/trackconfirmaction_input,9524035,tools.usps.com,,,2,7.55,,/go/trackconfirmaction_input
/,6225078,secure.login.gov,,,3,9.93,,/
/geo/browse/,5523071,ncbi.nlm.nih.gov,,,4,12.04,,/geo/browse/
/ufo/,4718451,war.gov,,,5,13.84,,/ufo/
/gene,4287070,ncbi.nlm.nih.gov,,,6,15.48,,/gene
/portal/callback,3163678,informeddelivery.usps.com,,,7,16.69,,/portal/callback
/ril/siview.action,3120012,secure.ssa.gov,,,8,17.88,,/ril/siview.action
/mapclick.php,2919768,forecast.weather.gov,,,9,19.0,,/mapclick.php
/search/advanced,2902348,acquisition.gov,,,10,20.11,,/search/advanced
/portal/dashboard,2834675,informeddelivery.usps.com,,,11,21.19,,/portal/dashboard
/fsa-id/sign-in/landing,2358423,studentaid.gov,,,12,22.1,,/fsa-id/sign-in/landing
/manage/informed-delivery.htm,2322246,usps.com,,,13,22.98,,/manage/informed-delivery.htm
/fsa-id/sign-in,2300781,studentaid.gov,,,14,23.86,,/fsa-id/sign-in
/product.php,2094686,forecast.weather.gov,,,15,24.66,,/product.php
/portal/package/details,1967699,informeddelivery.usps.com,,,16,25.42,,/portal/package/details
/fsa-id/sign-in/enter-password,1827839,studentaid.gov,,,17,26.11,,/fsa-id/sign-in/enter-password
/go/trackconfirmaction.action,1698010,tools.usps.com,,,18,26.76,,/go/trackconfirmaction.action
/fsa-id/sign-in/verify-two-step,1687277,studentaid.gov,,,19,27.41,,/fsa-id/sign-in/verify-two-step
/sign-in,1574868,myaccount.uscis.gov,,,20,28.01,,/sign-in
/portal/package,1504420,informeddelivery.usps.com,,,21,28.59,,/portal/package
/recent-actions,1476368,ofac.treasury.gov,,,22,29.15,,/recent-actions
/refunds,1470416,irs.gov,,,23,29.71,,/refunds
/fsa-id/sign-in/verify-two-step/sms,1442564,studentaid.gov,,,24,30.26,,/fsa-id/sign-in/verify-two-step/sms
/taxonomy,1435777,ncbi.nlm.nih.gov,,,25,30.81,,/taxonomy
/go/trackaction,1429959,tools.usps.com,,,26,31.36,,/go/trackaction
/resources,1414579,fns.usda.gov,,,27,31.9,,/resources
/fr/web/eclipse/overview/community/discussion-forums/-/message_boards/message/31246795,1409464,globe.gov,,,28,32.44,,/fr/web/eclipse/overview/community/dis...
/myaccount/,1328049,ssa.gov,,,29,32.95,,/myaccount/
/auth,1301601,myaccount.uscis.gov,,,30,33.45,,/auth
/dashboard,1284215,myaccount.uscis.gov,,,31,33.94,,/dashboard
/about-usda/news/blog,1204472,usda.gov,,,32,34.4,,/about-usda/news/blog
/research/clinical-trials,1183207,nhlbi.nih.gov,,,33,34.85,,/research/clinical-trials
/h/apply-for-aid/fafsa,1136966,studentaid.gov,,,34,35.28,,/h/apply-for-aid/fafsa
/hantavirus/about/index.html,1110318,cdc.gov,,,35,35.71,,/hantavirus/about/index.html
/auth/login/callback,1011484,va.gov,,,36,36.09,,/auth/login/callback
/fr/web/eclipse/overview/community/discussion-forums/-/message_boards/message/28504246,994632,globe.gov,,,37,36.48,,/fr/web/eclipse/overview/community/dis...
/fr/web/eclipse/overview/community/discussion-forums/-/message_boards/message/29143151,994231,globe.gov,,,38,36.86,,/fr/web/eclipse/overview/community/dis...
/detailedresult,978450,openi.nlm.nih.gov,,,39,37.23,,/detailedresult
/my-health/,924853,va.gov,,,40,37.58,,/my-health/
/sign-in/,917564,va.gov,,,41,37.93,,/sign-in/
/search-public-sex-offender-registries,810136,nsopw.gov,,,42,38.24,,/search-public-sex-offender-registries
/payments/online-account-for-individuals,806826,irs.gov,,,43,38.55,,/payments/online-account-for-individua...
/my-va/,776467,va.gov,,,44,38.85,,/my-va/
/commission_notices,768810,usitc.gov,,,45,39.14,,/commission_notices
/search/results/,766503,usajobs.gov,,,46,39.44,,/search/results/
/14066862/,723038,pubmed.ncbi.nlm.nih.gov,,,47,39.71,,/14066862/
/portal/,721132,informeddelivery.usps.com,,,48,39.99,,/portal/
/login/,718992,tsp.gov,,,49,40.26,,/login/
/apod/archivepixfull.html,718791,apod.nasa.gov,,,50,40.54,,/apod/archivepixfull.html
/go/trackconfirmaction!input.action,700168,tools.usps.com,,,51,40.81,,/go/trackconfirmaction!input.action
/search,686593,search.usa.gov,,,52,41.07,,/search
/logout,684587,reg.usps.com,,,53,41.33,,/logout
/bioproject,645735,ncbi.nlm.nih.gov,,,54,41.58,,/bioproject
/structure/wrpsb-out/wrpsb.cgi,644899,ncbi.nlm.nih.gov,,,55,41.82,,/structure/wrpsb-out/wrpsb.cgi
/your-account,629385,irs.gov,,,56,42.06,,/your-account
/myaccount/lp/landing-page-rome.html,582242,ssa.gov,,,57,42.29,,/myaccount/lp/landing-page-rome.html
/zip-code-lookup.htm,522426,tools.usps.com,,,58,42.49,,/zip-code-lookup.htm
/payments,496179,irs.gov,,,59,42.68,,/payments
/portal/logout,495109,informeddelivery.usps.com,,,60,42.86,,/portal/logout
/about-us/newsroom/,468395,consumerfinance.gov,,,61,43.04,,/about-us/newsroom/
/vivisimo/cgi-bin/query-meta,465419,vsearch.nlm.nih.gov,,,62,43.22,,/vivisimo/cgi-bin/query-meta
/store/myaccount/profile.jsp,454051,store.usps.com,,,63,43.4,,/store/myaccount/profile.jsp
/structure/lexington/lexington.cgi,443653,ncbi.nlm.nih.gov,,,64,43.56,,/structure/lexington/lexington.cgi
/data/metar/,443151,aviationweather.gov,,,65,43.73,,/data/metar/
/oauth/authorize,442750,urs.earthdata.nasa.gov,,,66,43.9,,/oauth/authorize
/basics/get-started-with-medicare,427570,medicare.gov,,,67,44.07,,/basics/get-started-with-medicare
/news-events/news,425597,cisa.gov,,,68,44.23,,/news-events/news
/policy-issues/financial-markets-financial-institutions-and-fiscal-service/debt-limit,423524,home.treasury.gov,,,69,44.39,,/policy-issues/financial-markets-finan...
/estaStatus,413293,esta.cbp.dhs.gov,,,70,44.55,,/estaStatus
/structure/cdd/cddsrv.cgi,405369,ncbi.nlm.nih.gov,,,71,44.7,,/structure/cdd/cddsrv.cgi
/login,397244,ttp.cbp.dhs.gov,,,72,44.86,,/login
/fsa-id/,396609,studentaid.gov,,,73,45.01,,/fsa-id/
/all-news,394937,ornl.gov,,,74,45.16,,/all-news
/home,393332,i94.cbp.dhs.gov,,,75,45.31,,/home
/content/travel/en/passports/have-passport/renew-online.html,374241,travel.state.gov,,,76,45.45,,/content/travel/en/passports/have-pass...
/s/article/where-is-my-package,372536,faq.usps.com,,,77,45.6,,/s/article/where-is-my-package
/my-health/medical-records/,365916,va.gov,,,78,45.73,,/my-health/medical-records/
/cgi/cbook.cgi,359295,webbook.nist.gov,,,79,45.87,,/cgi/cbook.cgi
/site-index-search,358125,irs.gov,,,80,46.01,,/site-index-search
/apod/astropix.html,357824,apod.nasa.gov,,,81,46.15,,/apod/astropix.html
/mobile/,354414,tsp.gov,,,82,46.28,,/mobile/
/en-ca/niv/users/sign_in,354347,ais.usvisa-info.com,,,83,46.42,,/en-ca/niv/users/sign_in
/payments/direct-pay-with-bank-account,345553,irs.gov,,,84,46.55,,/payments/direct-pay-with-bank-account
/business/ground-advantage.htm,344116,usps.com,,,85,46.68,,/business/ground-advantage.htm
/search/results,343982,usajobs.gov,,,86,46.81,,/search/results
/applicant/dashboard/applications/,343748,usajobs.gov,,,87,46.94,,/applicant/dashboard/applications/
/i-9-central/form-i-9-acceptable-documents,341407,uscis.gov,,,88,47.07,,/i-9-central/form-i-9-acceptable-docum...
/locations/home.htm,335088,tools.usps.com,,,89,47.2,,/locations/home.htm
/epstein,331109,justice.gov,,,90,47.33,,/epstein
/earthquakes/map/,330307,earthquake.usgs.gov,,,91,47.46,,/earthquakes/map/
/ossnap/public/landingossnap,327565,secure.ssa.gov,,,92,47.58,,/ossnap/public/landingossnap
/s/connect-to-recruiter,324656,careers.cbp.gov,,,93,47.7,,/s/connect-to-recruiter
/hantavirus/data-research/cases/index.html,323286,cdc.gov,,,94,47.83,,/hantavirus/data-research/cases/index....
/search/,319374,sam.gov,,,95,47.95,,/search/
/advanced/,319006,pubmed.ncbi.nlm.nih.gov,,,96,48.07,,/advanced/
/holdmail/home.jsp,313155,holdmail.usps.com,,,97,48.19,,/holdmail/home.jsp
/careers/career-opportunities/top-jobs.htm,312988,about.usps.com,,,98,48.31,,/careers/career-opportunities/top-jobs...
/rcas.htm,303492,tools.usps.com,,,99,48.43,,/rcas.htm
/content/travel/en/passports.html,302255,travel.state.gov,,,100,48.54,,/content/travel/en/passports.html
/data/data.php,299814,gml.noaa.gov,,,101,48.66,,/data/data.php
/recalls,295635,nhtsa.gov,,,102,48.77,,/recalls
/search/results.htm,295334,usps.com,,,103,48.88,,/search/results.htm
/my-health/secure-messages/inbox/,290084,va.gov,,,104,48.99,,/my-health/secure-messages/inbox/
/cgi-bin/browse-edgar,289683,sec.gov,,,105,49.11,,/cgi-bin/browse-edgar
/mission/hubble/multimedia/what-did-hubble-see-on-your-birthday/,288446,science.nasa.gov,,,106,49.22,,/mission/hubble/multimedia/what-did-hu...
/workflows,287476,tsaenrollmentbyidemia.tsa.dhs.gov,,,107,49.33,,/workflows
/tools/primer-blast/index.cgi,287376,ncbi.nlm.nih.gov,,,108,49.44,,/tools/primer-blast/index.cgi
/hantavirus/situation-summary/index.html,280589,cdc.gov,,,109,49.54,,/hantavirus/situation-summary/index.ht...
/label-manager/new-label,280455,cnsb.usps.com,,,110,49.65,,/label-manager/new-label
/protein,274370,ncbi.nlm.nih.gov,,,111,49.75,,/protein
/news/press-releases,273166,home.treasury.gov,,,112,49.86,,/news/press-releases
/individuals/get-transcript,269054,irs.gov,,,113,49.96,,/individuals/get-transcript
/traces/study/,264373,ncbi.nlm.nih.gov,,,114,50.06,,/traces/study/
/bmi/adult-calculator/index.html,263771,cdc.gov,,,115,50.16,,/bmi/adult-calculator/index.html
/apps/solar-system/,262835,eyes.nasa.gov,,,116,50.26,,/apps/solar-system/
/mission/landsat/outreach/your-name-in-landsat/,259759,science.nasa.gov,,,117,50.36,,/mission/landsat/outreach/your-name-in...
/advantage/ws/catalog/product_detail,256281,gsaadvantage.gov,,,118,50.46,,/advantage/ws/catalog/product_detail
/search/recent-search,254910,i94.cbp.dhs.gov,,,119,50.56,,/search/recent-search
/cart,254041,cnsb.usps.com,,,120,50.66,,/cart
/searchresults.aspx,251868,exclusions.oig.hhs.gov,,,121,50.75,,/searchresults.aspx
/root/global/server_responses/anyapp_outage_apology.htm,250932,usps.com,,,122,50.85,,/root/global/server_responses/anyapp_o...
/confirmation-page,249761,cnsb.usps.com,,,123,50.94,,/confirmation-page
/fsa-id/sign-in/account-lookup,249594,studentaid.gov,,,124,51.04,,/fsa-id/sign-in/account-lookup
/holdmail/confirmation.jsp,248591,holdmail.usps.com,,,125,51.13,,/holdmail/confirmation.jsp
/ossnap/public/termsOfService,248223,secure.ssa.gov,,,126,51.23,,/ossnap/public/termsOfService
/careers/,248123,about.usps.com,,,127,51.32,,/careers/
/payments/pay-personal-taxes-from-your-bank-account,247922,irs.gov,,,128,51.42,,/payments/pay-personal-taxes-from-your...
/fsa-id/create-account/launch,247020,studentaid.gov,,,129,51.51,,/fsa-id/create-account/launch
/blast.cgi,246652,blast.ncbi.nlm.nih.gov,,,130,51.61,,/blast.cgi
/help/contact-us.htm,246552,usps.com,,,131,51.7,,/help/contact-us.htm
/fsa-id/sign-in/verify-two-step/email,246084,studentaid.gov,,,132,51.8,,/fsa-id/sign-in/verify-two-step/email
/ossnap/public/privacyActStatement,237558,secure.ssa.gov,,,133,51.89,,/ossnap/public/privacyActStatement
/ossnap/public/checkAge,236488,secure.ssa.gov,,,134,51.98,,/ossnap/public/checkAge
/fsa-id/sign-in/reset-password,233612,studentaid.gov,,,135,52.07,,/fsa-id/sign-in/reset-password
/Search/Results,230436,www.usajobs.gov,,,136,52.15,,/Search/Results
/ossnap/public/usMailAddr,229867,secure.ssa.gov,,,137,52.24,,/ossnap/public/usMailAddr
/en/,228597,acis.eoir.justice.gov,,,138,52.33,,/en/
/ossnap/public/adultApply,226992,secure.ssa.gov,,,139,52.42,,/ossnap/public/adultApply
/fsa-id/sign-in/new-password,226925,studentaid.gov,,,140,52.5,,/fsa-id/sign-in/new-password
/ossnap/public/checkSSN,225454,secure.ssa.gov,,,141,52.59,,/ossnap/public/checkSSN
/quick-links.html,223548,my.navy.mil,,,142,52.68,,/quick-links.html
/gene/,222813,ncbi.nlm.nih.gov,,,143,52.76,,/gene/
/entreg/loginaction_input,222612,reg.usps.com,,,144,52.85,,/entreg/loginaction_input
/precheck,220806,tsa.gov,,,145,52.93,,/precheck
/accessva/,217964,eauth.va.gov,,,146,53.01,,/accessva/
/geoprofiles,216861,ncbi.nlm.nih.gov,,,147,53.1,,/geoprofiles
/search/recent-search/results,215156,i94.cbp.dhs.gov,,,148,53.18,,/search/recent-search/results
/calculate-your-bmi,213250,nhlbi.nih.gov,,,149,53.26,,/calculate-your-bmi
/dashboard-v3/,211812,lending.sba.gov,,,150,53.34,,/dashboard-v3/
/my-health,209405,va.gov,,,151,53.42,,/my-health
/individualStatusLookup,208034,esta.cbp.dhs.gov,,,152,53.5,,/individualStatusLookup
/businesses/small-businesses-self-employed/get-an-employer-identification-number,207934,irs.gov,,,153,53.58,,/businesses/small-businesses-self-empl...
/edgar/browse/,205226,sec.gov,,,154,53.66,,/edgar/browse/
/my-health/medical-records/labs-and-tests,203688,www.va.gov,,,155,53.74,,/my-health/medical-records/labs-and-te...
/content/travel/en/passports/need-passport/apply-in-person.html,201715,travel.state.gov,,,156,53.81,,/content/travel/en/passports/need-pass...
/informeddelivery/welcome,199241,reg.usps.com,,,157,53.89,,/informeddelivery/welcome
/loan-simulator/,198639,studentaid.gov,,,158,53.97,,/loan-simulator/
/fns-contacts,198438,fns.usda.gov,,,159,54.04,,/fns-contacts
/my-health/appointments/,196131,va.gov,,,160,54.12,,/my-health/appointments/
/entreg/forgotpasswordaction_input,194125,reg.usps.com,,,161,54.19,,/entreg/forgotpasswordaction_input
/news/releases/release/article/4480582/department-of-war-releases-unidentified-anomalous-phenomena-files-in-historic-t/,194025,war.gov,,,162,54.26,,/news/releases/release/article/4480582...
/my-health/medications,193858,www.va.gov,,,163,54.34,,/my-health/medications
/data-research/research-reports/,190414,consumerfinance.gov,,,164,54.41,,/data-research/research-reports/
/portal/MailPieceItemDetail/1,189611,informeddelivery.usps.com,,,165,54.48,,/portal/MailPieceItemDetail/1
/careers/welcome.htm,187906,about.usps.com,,,166,54.56,,/careers/welcome.htm
/mobileupdateapp,186970,esta.cbp.dhs.gov,,,167,54.63,,/mobileupdateapp
/number-card/replace-card,186903,ssa.gov,,,168,54.7,,/number-card/replace-card
/manage-benefits/make-an-appointment,186468,ssa.gov,,,169,54.77,,/manage-benefits/make-an-appointment
/create-account,186134,myaccount.uscis.gov,,,170,54.84,,/create-account
/pay,185198,esta.cbp.dhs.gov,,,171,54.91,,/pay
/redelivery.htm,185098,tools.usps.com,,,172,54.98,,/redelivery.htm
/payments/pay-your-taxes-by-debit-or-credit-card,183058,irs.gov,,,173,55.05,,/payments/pay-your-taxes-by-debit-or-c...
/en/caseInformation,182557,acis.eoir.justice.gov,,,174,55.12,,/en/caseInformation
/apply,180985,ssa.gov,,,175,55.19,,/apply
/forms-instructions,180617,irs.gov,,,176,55.26,,/forms-instructions
/datasets/genome/,180417,ncbi.nlm.nih.gov,,,177,55.33,,/datasets/genome/
/portal/MailPieceDash,177675,informeddelivery.usps.com,,,178,55.4,,/portal/MailPieceDash
/content/travel/en/passports/have-passport/renew.html,177173,travel.state.gov,,,179,55.47,,/content/travel/en/passports/have-pass...
/download/estaStatus,174465,esta.cbp.dhs.gov,,,180,55.53,,/download/estaStatus
/onlineservices/,173964,ssa.gov,,,181,55.6,,/onlineservices/
/individuals/tax-withholding-estimator,171590,irs.gov,,,182,55.66,,/individuals/tax-withholding-estimator
/travel/plan-book/per-diem-rates/per-diem-rates-results,171423,gsa.gov,,,183,55.73,,/travel/plan-book/per-diem-rates/per-d...
/protfam,171222,ncbi.nlm.nih.gov,,,184,55.8,,/protfam
/apod/archivepix.html,170787,apod.nasa.gov,,,185,55.86,,/apod/archivepix.html
/taxonomy/browser/wwwtax.cgi,169951,ncbi.nlm.nih.gov,,,186,55.93,,/taxonomy/browser/wwwtax.cgi
/store/stamps,169617,store.usps.com,,,187,55.99,,/store/stamps
/uap-cases/official-uap-imagery/,167410,aaro.mil,,,188,56.05,,/uap-cases/official-uap-imagery/
/help/let-us-help-you,166441,irs.gov,,,189,56.12,,/help/let-us-help-you
/content/travel/en/passports/have-passport.html,166140,travel.state.gov,,,190,56.18,,/content/travel/en/passports/have-pass...
/wrh/timeseries,165772,weather.gov,,,191,56.25,,/wrh/timeseries
/hemingway/search,164602,jfklibrary.org,,,192,56.31,,/hemingway/search
/esta,163465,esta.cbp.dhs.gov,,,193,56.37,,/esta
/payments/online-account-for-individuals-frequently-asked-questions,163264,irs.gov,,,194,56.43,,/payments/online-account-for-individua...
/oact/babynames/,162796,ssa.gov,,,195,56.5,,/oact/babynames/
/about-usda/news/radio,162796,usda.gov,,,196,56.56,,/about-usda/news/radio
/fsa-id/create-account/email-address,162529,studentaid.gov,,,197,56.62,,/fsa-id/create-account/email-address
/view/app,162061,esta.cbp.dhs.gov,,,198,56.68,,/view/app
/personalInfo,161425,esta.cbp.dhs.gov,,,199,56.74,,/personalInfo
/es/investigacion/ensayos-clinicos,160790,nhlbi.nih.gov,,,200,56.8,,/es/investigacion/ensayos-clinicos
/gfa/,160322,aviationweather.gov,,,201,56.87,,/gfa/
/applicantInfo,160188,esta.cbp.dhs.gov,,,202,56.93,,/applicantInfo
/my-health/medical-records/summaries-and-notes,159219,www.va.gov,,,203,56.99,,/my-health/medical-records/summaries-a...
/travelInfo,158951,esta.cbp.dhs.gov,,,204,57.05,,/travelInfo
/travel/plan-book/per-diem-rates,157480,gsa.gov,,,205,57.11,,/travel/plan-book/per-diem-rates
/dailymed/druginfo.cfm,156945,dailymed.nlm.nih.gov,,,206,57.17,,/dailymed/druginfo.cfm
/content/travel.html,156845,travel.state.gov,,,207,57.23,,/content/travel.html
/entreg/informeddeliveryregistrationaction_input,156577,reg.usps.com,,,208,57.29,,/entreg/informeddeliveryregistrationac...
/triexplorer/quantity_trends,156143,enviro.epa.gov,,,209,57.35,,/triexplorer/quantity_trends
/showsigwx.php,156076,forecast.weather.gov,,,210,57.41,,/showsigwx.php
/research-tools/food-safety-research-projects/search,155708,nal.usda.gov,,,211,57.47,,/research-tools/food-safety-research-p...
/workspace,155675,sam.gov,,,212,57.53,,/workspace
/biosample,155039,ncbi.nlm.nih.gov,,,213,57.59,,/biosample
/fsa-id/create-account,154404,studentaid.gov,,,214,57.65,,/fsa-id/create-account
/products/outlook/day1otlk.html,152431,spc.noaa.gov,,,215,57.7,,/products/outlook/day1otlk.html
/entreg/registrationaction_input,152231,reg.usps.com,,,216,57.76,,/entreg/registrationaction_input
/locator,151629,ssa.gov,,,217,57.82,,/locator
/find-locations/,150994,va.gov,,,218,57.88,,/find-locations/
/eligibilityQs,150726,esta.cbp.dhs.gov,,,219,57.94,,/eligibilityQs
/reviewApp,150191,esta.cbp.dhs.gov,,,220,57.99,,/reviewApp
/workspace/profile/workspace,149021,sam.gov,,,221,58.05,,/workspace/profile/workspace
/entreg/forgotusernameaction_input,148988,reg.usps.com,,,222,58.11,,/entreg/forgotusernameaction_input
/plan-compare/,147951,medicare.gov,,,223,58.16,,/plan-compare/
/track-claims/your-claims,147617,www.va.gov,,,224,58.22,,/track-claims/your-claims
/triexplorer/release_trends,147115,enviro.epa.gov,,,225,58.28,,/triexplorer/release_trends
/hmt/hmt_webpages/hmt_webpage.php,146915,wpc.ncep.noaa.gov,,,226,58.33,,/hmt/hmt_webpages/hmt_webpage.php
/geo/query/acc.cgi,145978,ncbi.nlm.nih.gov,,,227,58.39,,/geo/query/acc.cgi
/search-filings,145711,sec.gov,,,228,58.44,,/search-filings
/disclaimer,145477,esta.cbp.dhs.gov,,,229,58.5,,/disclaimer
/news,144908,vcf.gov,,,230,58.55,,/news
/identity-theft-fraud-scams/verify-your-return,144741,irs.gov,,,231,58.61,,/identity-theft-fraud-scams/verify-you...
/ossnap/public/dateOfBirth,144641,secure.ssa.gov,,,232,58.67,,/ossnap/public/dateOfBirth
/international/passports.htm,144340,usps.com,,,233,58.72,,/international/passports.htm
/content/travel/en/legal/visa-law0/visa-bulletin.html,144073,travel.state.gov,,,234,58.78,,/content/travel/en/legal/visa-law0/vis...
/age-verify,143939,justice.gov,,,235,58.83,,/age-verify
/search/all/,143003,ncbi.nlm.nih.gov,,,236,58.89,,/search/all/
/help/missing-mail.htm,142535,usps.com,,,237,58.94,,/help/missing-mail.htm
/businesses/employer-identification-number,142267,irs.gov,,,238,58.99,,/businesses/employer-identification-nu...
/es,142234,egov.uscis.gov,,,239,59.05,,/es
/ossnap/public/placeOfBirth,142200,secure.ssa.gov,,,240,59.1,,/ossnap/public/placeOfBirth
/search/history-search,141732,i94.cbp.dhs.gov,,,241,59.16,,/search/history-search
/triexplorer/transfer_fac_profile,139158,enviro.epa.gov,,,242,59.21,,/triexplorer/transfer_fac_profile
/log-in/,138857,treasurydirect.gov,,,243,59.26,,/log-in/
/ossnap/public/parentName,138221,secure.ssa.gov,,,244,59.32,,/ossnap/public/parentName
/travel/security-screening/identification,138221,tsa.gov,,,245,59.37,,/travel/security-screening/identificat...
/searchphotos/showqueryresults-lightcycle.pl,137319,eol.jsc.nasa.gov,,,246,59.42,,/searchphotos/showqueryresults-lightcy...
/ossnap/public/mailingAddress,137285,secure.ssa.gov,,,247,59.47,,/ossnap/public/mailingAddress
/entreg/secure/informeddeliveryvalidateaction_input,136851,reg.usps.com,,,248,59.53,,/entreg/secure/informeddeliveryvalidat...
/programs/precheck,136717,tsaenrollmentbyidemia.tsa.dhs.gov,,,249,59.58,,/programs/precheck
/travel/trusted-traveler-programs/global-entry,135948,cbp.gov,,,250,59.63,,/travel/trusted-traveler-programs/glob...
/register.html,135881,donotcall.gov,,,251,59.68,,/register.html
/ossnap/public/raceAndEthnicity,135379,secure.ssa.gov,,,252,59.73,,/ossnap/public/raceAndEthnicity
/applicant/application/applyhistorypost/,135346,usajobs.gov,,,253,59.79,,/applicant/application/applyhistorypos...
/dena/learn/photosmultimedia/webcams-pups.htm,135179,nps.gov,,,254,59.84,,/dena/learn/photosmultimedia/webcams-p...
/payments/online-payment-agreement-application,134209,irs.gov,,,255,59.89,,/payments/online-payment-agreement-app...
/store/home,134009,store.usps.com,,,256,59.94,,/store/home
/subscribe/,133808,healthcare.gov,,,257,59.99,,/subscribe/
/en/caseinformation/,133340,acis.eoir.justice.gov,,,258,60.04,,/en/caseinformation/
/mpn/,133072,studentaid.gov,,,259,60.09,,/mpn/
/forms-pubs/about-form-w-9,132939,irs.gov,,,260,60.14,,/forms-pubs/about-form-w-9
/-/david-brock,132738,doingbusiness.msfc.nasa.gov,,,261,60.2,,/-/david-brock
/rcas-confirmation.htm,132705,tools.usps.com,,,262,60.25,,/rcas-confirmation.htm
/triexplorer/transfer_trends,132571,enviro.epa.gov,,,263,60.3,,/triexplorer/transfer_trends
/manage/hold-mail.htm,131635,usps.com,,,264,60.35,,/manage/hold-mail.htm
/calculator/mailservices,131200,postcalc.usps.com,,,265,60.4,,/calculator/mailservices
/edgar/search/,129896,sec.gov,,,266,60.45,,/edgar/search/
/content/travel/en/legal/visa-law0/visa-bulletin/2026/visa-bulletin-for-may-2026.html,129027,travel.state.gov,,,267,60.5,,/content/travel/en/legal/visa-law0/vis...
/content/travel/en/passports/how-apply/forms.html,128759,travel.state.gov,,,268,60.55,,/content/travel/en/passports/how-apply...
/hantavirus/about/andesvirus.html,128492,cdc.gov,,,269,60.59,,/hantavirus/about/andesvirus.html
/content/travel/en/passports/how-apply/online-renewal-photo.html,128492,travel.state.gov,,,270,60.64,,/content/travel/en/passports/how-apply...
/mhv-portal-web/home,128458,myhealth.va.gov,,,271,60.69,,/mhv-portal-web/home
/public/home,128258,pay.gov,,,272,60.74,,/public/home
/scripts/cder/daf/index.cfm,126619,accessdata.fda.gov,,,273,60.79,,/scripts/cder/daf/index.cfm
/filing/wheres-my-amended-return,125717,irs.gov,,,274,60.84,,/filing/wheres-my-amended-return
/informeddelivery/enrolled,125683,reg.usps.com,,,275,60.89,,/informeddelivery/enrolled
/track-claims/your-claim-letters,125215,va.gov,,,276,60.93,,/track-claims/your-claim-letters
/public/collection/confirm/101/,124379,pay.gov,,,277,60.98,,/public/collection/confirm/101/
/data/search,123309,fas.usda.gov,,,278,61.03,,/data/search
/multimedia/videos/,123242,war.gov,,,279,61.08,,/multimedia/videos/
/order-scheduled.htm,123008,tools.usps.com,,,280,61.12,,/order-scheduled.htm
/my-health/medications/,122473,va.gov,,,281,61.17,,/my-health/medications/
/search/history-search/results,122440,i94.cbp.dhs.gov,,,282,61.22,,/search/history-search/results
/agency/contact/phone.html,122239,ssa.gov,,,283,61.26,,/agency/contact/phone.html
/store/myaccount/myorders.jsp,120099,store.usps.com,,,284,61.31,,/store/myaccount/myorders.jsp
/ossnap/public/review,119966,secure.ssa.gov,,,285,61.35,,/ossnap/public/review
/es/estados-unidos-y-sus-socios-retiran-uranio-altamente-enriquecido-de-venezuela/,119799,ve.usembassy.gov,,,286,61.4,,/es/estados-unidos-y-sus-socios-retira...
/care-compare/,119063,medicare.gov,,,287,61.45,,/care-compare/
/products/outlook/day2otlk.html,118896,spc.noaa.gov,,,288,61.49,,/products/outlook/day2otlk.html
/grasp/hantaviruscaseview/index.html,118561,gis.cdc.gov,,,289,61.54,,/grasp/hantaviruscaseview/index.html
/entreg/forgotpasswordsecretquestionaction_input,117625,reg.usps.com,,,290,61.58,,/entreg/forgotpasswordsecretquestionac...
/images/,116422,nasa.gov,,,291,61.63,,/images/
/profile,116188,va.gov,,,292,61.67,,/profile
/data-research,116121,fns.usda.gov,,,293,61.72,,/data-research
/locator/results,115820,www.ssa.gov,,,294,61.76,,/locator/results
/content/travel/en/passports/how-apply/fees.html,115385,travel.state.gov,,,295,61.8,,/content/travel/en/passports/how-apply...
/manage/po-boxes.htm,115285,usps.com,,,296,61.85,,/manage/po-boxes.htm
/entreg/forgotpasswordsecretquestionaction,114282,reg.usps.com,,,297,61.89,,/entreg/forgotpasswordsecretquestionac...
/help/,113513,login.gov,,,298,61.93,,/help/
/manage/forward.htm,113178,usps.com,,,299,61.98,,/manage/forward.htm
/portal/search,112877,msc.fema.gov,,,300,62.02,,/portal/search
/content/travel/en/passports/need-passport/under-16.html,112643,travel.state.gov,,,301,62.06,,/content/travel/en/passports/need-pass...
/ossnap/public/success,112510,secure.ssa.gov,,,302,62.11,,/ossnap/public/success
/loan-simulator,112476,studentaid.gov,,,303,62.15,,/loan-simulator
/multimedia/photos/,111172,war.gov,,,304,62.19,,/multimedia/photos/
/my-health/secure-messages/new-message/start-message/,110905,www.va.gov,,,305,62.24,,/my-health/secure-messages/new-message...
/search/query/results,110504,data.bls.gov,,,306,62.28,,/search/query/results
/ship/,110437,usps.com,,,307,62.32,,/ship/
/es-mx/niv/users/sign_in,110236,ais.usvisa-info.com,,,308,62.36,,/es-mx/niv/users/sign_in
/ws/search/advantage_search,109768,gsaadvantage.gov,,,309,62.4,,/ws/search/advantage_search
/es/,109032,acis.eoir.justice.gov,,,310,62.45,,/es/
/mobiledownload,108932,esta.cbp.dhs.gov,,,311,62.49,,/mobiledownload
/records/download-va-letters/letters,108932,va.gov,,,312,62.53,,/records/download-va-letters/letters
/index.htm,108096,nps.gov,,,313,62.57,,/index.htm
/agency/contact/,107595,ssa.gov,,,314,62.61,,/agency/contact/
/track-claims/your-claims/,106859,va.gov,,,315,62.65,,/track-claims/your-claims/
/s/,106792,faq.usps.com,,,316,62.69,,/s/
/edit-account,106759,myaccount.uscis.gov,,,317,62.73,,/edit-account
/en-us/countries_list/niv,106257,ais.usvisa-info.com,,,318,62.77,,/en-us/countries_list/niv
/productmaps/pubform/details.aspx,106190,armypubs.army.mil,,,319,62.82,,/productmaps/pubform/details.aspx
/artemis-ii-multimedia/,104820,nasa.gov,,,320,62.86,,/artemis-ii-multimedia/
/ooh/,104652,bls.gov,,,321,62.9,,/ooh/
/ws/catalog/product_detail,104652,gsaadvantage.gov,,,322,62.94,,/ws/catalog/product_detail
/ossnap/public/documentation,104251,secure.ssa.gov,,,323,62.98,,/ossnap/public/documentation
/yell/learn/news/26008.htm,102713,nps.gov,,,324,63.01,,/yell/learn/news/26008.htm
/content/travel/en/passports/need-passport.html,102613,travel.state.gov,,,325,63.05,,/content/travel/en/passports/need-pass...
/schedule-pickup-steps.htm,102345,tools.usps.com,,,326,63.09,,/schedule-pickup-steps.htm
/individualstatuslookup,102312,esta.cbp.dhs.gov,,,327,63.13,,/individualstatuslookup
/newsroom/press-releases,102145,sec.gov,,,328,63.17,,/newsroom/press-releases
/portal/MailPieceItemDetail/2,102145,informeddelivery.usps.com,,,329,63.21,,/portal/MailPieceItemDetail/2
/mpn,101008,studentaid.gov,,,330,63.25,,/mpn
/va-payment-history/payments/,101008,va.gov,,,331,63.29,,/va-payment-history/payments/
/my-health/secure-messages/inbox,100941,va.gov,,,332,63.33,,/my-health/secure-messages/inbox
/my-health/secure-messages/new-message/,100874,www.va.gov,,,333,63.36,,/my-health/secure-messages/new-message...
/our-people/corporate-fellows,100506,ornl.gov,,,334,63.4,,/our-people/corporate-fellows
/disability,100005,ssa.gov,,,335,63.44,,/disability
/disability/view-disability-rating/rating,99804,va.gov,,,336,63.48,,/disability/view-disability-rating/rat...
/myportal/myportal,99136,portal.cms.gov,,,337,63.52,,/myportal/myportal
/detailed-facility-report,98935,echo.epa.gov,,,338,63.55,,/detailed-facility-report
/ossnap/public/enterSSN,98734,secure.ssa.gov,,,339,63.59,,/ossnap/public/enterSSN
/my-health/secure-messages/new-message/recent/,98667,www.va.gov,,,340,63.63,,/my-health/secure-messages/new-message...
/store/cart/cart.jsp,98534,store.usps.com,,,341,63.67,,/store/cart/cart.jsp
/applicant/resume/upload/,97598,usajobs.gov,,,342,63.71,,/applicant/resume/upload/
/scripts/cdrh/cfdocs/cfrl/rl.cfm,97430,accessdata.fda.gov,,,343,63.74,,/scripts/cdrh/cfdocs/cfrl/rl.cfm
/locations/,97397,tools.usps.com,,,344,63.78,,/locations/
/calculator/shapeandsize,96695,postcalc.usps.com,,,345,63.82,,/calculator/shapeandsize
/en/international-travel/travel-advisories.html,96427,travel.state.gov,,,346,63.85,,/en/international-travel/travel-adviso...
/prepare/check-eligibility-for-benefits,96294,ssa.gov,,,347,63.89,,/prepare/check-eligibility-for-benefit...
/in/en/,96126,ustraveldocs.com,,,348,63.93,,/in/en/
/ords/imis/establishment.inspection_detail,96093,osha.gov,,,349,63.96,,/ords/imis/establishment.inspection_de...
/track-claims/,95658,va.gov,,,350,64.0,,/track-claims/
/manage-loans/forgiveness-cancellation/public-service,95391,studentaid.gov,,,351,64.04,,/manage-loans/forgiveness-cancellation...
/applicant/document/resumes/,94822,usajobs.gov,,,352,64.07,,/applicant/document/resumes/
/download/estastatus,94120,esta.cbp.dhs.gov,,,353,64.11,,/download/estastatus
/refunds/get-your-refund-faster-tell-irs-to-direct-deposit-your-refund-to-one-two-or-three-accounts,94120,irs.gov,,,354,64.15,,/refunds/get-your-refund-faster-tell-i...
/in/en/nonimmigrant-visa,93819,ustraveldocs.com,,,355,64.18,,/in/en/nonimmigrant-visa
/fsa-id/create-account/personal-info,93752,studentaid.gov,,,356,64.22,,/fsa-id/create-account/personal-info
/verify.html,93218,donotcall.gov,,,357,64.25,,/verify.html
/account/signin,92749,signin.usastaffing.gov,,,358,64.29,,/account/signin
/store/checkout/shipping.jsp,92649,store.usps.com,,,359,64.32,,/store/checkout/shipping.jsp
/gringlobal/accessiondetail,92616,training.ars-grin.gov,,,360,64.36,,/gringlobal/accessiondetail
/public/form/start/1820857221,92549,pay.gov,,,361,64.39,,/public/form/start/1820857221
/careers/career-opportunities/,92382,about.usps.com,,,362,64.43,,/careers/career-opportunities/
/en-mx/niv/users/sign_in,92181,ais.usvisa-info.com,,,363,64.46,,/en-mx/niv/users/sign_in
/applicantinfo,92114,esta.cbp.dhs.gov,,,364,64.5,,/applicantinfo
/acyf/resource-library,91980,acf.gov,,,365,64.54,,/acyf/resource-library
/manage-benefits/make-an-appointment/appointment-questionnaire/new-or-change-record-information,91847,ssa.gov,,,366,64.57,,/manage-benefits/make-an-appointment/a...
/loan-simulator/repayment/wizard/personal-info/select-what-applies,91679,studentaid.gov,,,367,64.61,,/loan-simulator/repayment/wizard/perso...
/gallery/lunar-flyby/,91546,nasa.gov,,,368,64.64,,/gallery/lunar-flyby/
/retirement,91178,ssa.gov,,,369,64.68,,/retirement
/i-9,90810,uscis.gov,,,370,64.71,,/i-9
/ess/customer-ui/terms-of-service,90810,secure.ssa.gov,,,371,64.74,,/ess/customer-ui/terms-of-service
/m/m.do,90141,fueleconomy.gov,,,372,64.78,,/m/m.do
/prepare/check-eligibility-for-benefits/questionnaire/who,89974,ssa.gov,,,373,64.81,,/prepare/check-eligibility-for-benefit...
/complaint/,89907,consumerfinance.gov,,,374,64.85,,/complaint/
/recalls/2026/thermos-recalls-8-2-million-stainless-king-food-jars-and-bottles-due-to-serious-impact-injury-and-laceration-hazards,89841,cpsc.gov,,,375,64.88,,/recalls/2026/thermos-recalls-8-2-mill...
/en-kz/niv/users/sign_in,89339,ais.usvisa-info.com,,,376,64.92,,/en-kz/niv/users/sign_in
/advantage/ws/search/advantage_search,89339,gsaadvantage.gov,,,377,64.95,,/advantage/ws/search/advantage_search
/content/travel/en/us-visas/tourism-visit/visitor.html,89306,travel.state.gov,,,378,64.98,,/content/travel/en/us-visas/tourism-vi...
/filing/federal-income-tax-rates-and-brackets,89172,irs.gov,,,379,65.02,,/filing/federal-income-tax-rates-and-b...
/forgot-password,88470,myaccount.uscis.gov,,,380,65.05,,/forgot-password
/policy/rules-of-use/,88068,login.gov,,,381,65.09,,/policy/rules-of-use/
/products/outlook/,87968,spc.noaa.gov,,,382,65.12,,/products/outlook/
/ess/customer-ui/privacy-act-statement,87400,secure.ssa.gov,,,383,65.15,,/ess/customer-ui/privacy-act-statement
/apply/check-application-or-appeal-status,87199,ssa.gov,,,384,65.19,,/apply/check-application-or-appeal-sta...
/es/caseInformation,86932,acis.eoir.justice.gov,,,385,65.22,,/es/caseInformation
/entreg/forgotpasswordaction,86798,reg.usps.com,,,386,65.25,,/entreg/forgotpasswordaction
/understand-aid/types/grants/pell,86464,studentaid.gov,,,387,65.29,,/understand-aid/types/grants/pell
/ossnap/public/yourName,86230,secure.ssa.gov,,,388,65.32,,/ossnap/public/yourName
/store/checkout/confirm.jsp,86129,store.usps.com,,,389,65.35,,/store/checkout/confirm.jsp
/psc/ps/employee/hrms/c/hrs_hram_fl.hrs_cg_search_fl.gbl,85862,apply.fbijobs.gov,,,390,65.38,,/psc/ps/employee/hrms/c/hrs_hram_fl.hr...
/newsroom/search,85628,fas.usda.gov,,,391,65.42,,/newsroom/search
/claim-or-appeal-status/,85160,va.gov,,,392,65.45,,/claim-or-appeal-status/
/content/travel/en/passports/how-apply/photos.html,84926,travel.state.gov,,,393,65.48,,/content/travel/en/passports/how-apply...
/rsdo/,84758,science.nasa.gov,,,394,65.51,,/rsdo/
/my-health/appointments,84758,va.gov,,,395,65.55,,/my-health/appointments
/applicant/resume/uploadpreview/,84725,usajobs.gov,,,396,65.58,,/applicant/resume/uploadpreview/
/entreg/secure/registrationsuccessaction_input,84725,reg.usps.com,,,397,65.61,,/entreg/secure/registrationsuccessacti...
/entreg/secure/editprofilepersonalaction_input,84524,reg.usps.com,,,398,65.64,,/entreg/secure/editprofilepersonalacti...
/sra,84223,ncbi.nlm.nih.gov,,,399,65.68,,/sra
/products/outlook/day3otlk.html,83388,spc.noaa.gov,,,400,65.71,,/products/outlook/day3otlk.html
/id/12044361,82953,catalog.archives.gov,,,401,65.74,,/id/12044361
/identity-theft-fraud-scams/get-an-identity-protection-pin,82953,irs.gov,,,402,65.77,,/identity-theft-fraud-scams/get-an-ide...
/fafsa,82084,usa.gov,,,403,65.8,,/fafsa
/store/order,81716,store.usps.com,,,404,65.83,,/store/order
/medicare/physician-fee-schedule/search,81448,cms.gov,,,405,65.87,,/medicare/physician-fee-schedule/searc...
/content/travel/en/us-visas/visa-information-resources/photos.html,81415,travel.state.gov,,,406,65.9,,/content/travel/en/us-visas/visa-infor...
/confirm.html,81381,donotcall.gov,,,407,65.93,,/confirm.html
/ssi,81047,ssa.gov,,,408,65.96,,/ssi
/refunds/about-refunds,81047,irs.gov,,,409,65.99,,/refunds/about-refunds
/help/manage-your-account/add-or-change-your-authentication-method/,81047,login.gov,,,410,66.02,,/help/manage-your-account/add-or-chang...
/manage/,80780,usps.com,,,411,66.05,,/manage/
/recent-actions/20260507,80211,ofac.treasury.gov,,,412,66.08,,/recent-actions/20260507
/policy-data-oversight/pay-leave/salaries-wages/2026/general-schedule/,80211,opm.gov,,,413,66.11,,/policy-data-oversight/pay-leave/salar...
/tsaconfirm-id,80077,tsa.gov,,,414,66.14,,/tsaconfirm-id
/detailsform.aspx,79877,iafdb.travel.state.gov,,,415,66.17,,/detailsform.aspx
/history/orders,79108,cnsb.usps.com,,,416,66.2,,/history/orders
/loan-simulator/repayment/results/plan/(resultsPanel:single-plan-results-panel//infoPanel:info-panel),78840,studentaid.gov,,,417,66.23,,/loan-simulator/repayment/results/plan...
/s/step,78606,mytravel.state.gov,,,418,66.26,,/s/step
/recalls/2026/eemb-usa-recalls-battery-pouches-due-to-risk-of-serious-injury-or-death-from-battery-ingestion-violate-federal-statute-for-child-resistant-packaging-of-coin-batteries,78573,cpsc.gov,,,419,66.29,,/recalls/2026/eemb-usa-recalls-battery...
/search-error,78372,usa.gov,,,420,66.32,,/search-error
/ess/customer-ui/schedule-appointment,78305,secure.ssa.gov,,,421,66.35,,/ess/customer-ui/schedule-appointment
/prepare/check-eligibility-for-benefits/questionnaire/state,78239,www.ssa.gov,,,422,66.38,,/prepare/check-eligibility-for-benefit...
/prepare/check-eligibility-for-benefits/questionnaire/birthday,78205,www.ssa.gov,,,423,66.41,,/prepare/check-eligibility-for-benefit...
/ess/customer-ui/important-information,78004,secure.ssa.gov,,,424,66.44,,/ess/customer-ui/important-information
/prepare/check-eligibility-for-benefits/questionnaire/results,77938,www.ssa.gov,,,425,66.47,,/prepare/check-eligibility-for-benefit...
/news-events/fda-newsroom/press-announcements,77904,fda.gov,,,426,66.5,,/news-events/fda-newsroom/press-announ...
/my-health/medications/refill,77770,va.gov,,,427,66.53,,/my-health/medications/refill
/loan-simulator/repayment/wizard/personal-info/income-info,77704,studentaid.gov,,,428,66.56,,/loan-simulator/repayment/wizard/perso...
/loan-simulator/repayment/wizard/loan-info/confirm-current-loan/current,77570,studentaid.gov,,,429,66.59,,/loan-simulator/repayment/wizard/loan-...
/program-selection/select-program,77470,ttp.cbp.dhs.gov,,,430,66.62,,/program-selection/select-program
/content/travel/en/us-visas/tourism-visit.html,77403,travel.state.gov,,,431,66.65,,/content/travel/en/us-visas/tourism-vi...
/ess/customer-ui/select-appointment,77302,secure.ssa.gov,,,432,66.68,,/ess/customer-ui/select-appointment
/careers/job-types/maintenance/,77001,about.usps.com,,,433,66.71,,/careers/job-types/maintenance/
/apod/ap260503.html,76901,apod.nasa.gov,,,434,66.74,,/apod/ap260503.html
/forms-pubs-search,76901,irs.gov,,,435,66.77,,/forms-pubs-search
/loan-simulator/repayment/wizard/personal-info/state-of-residence,76667,studentaid.gov,,,436,66.8,,/loan-simulator/repayment/wizard/perso...
/refunds/about-wheres-my-refund,76366,irs.gov,,,437,66.83,,/refunds/about-wheres-my-refund
/myncbi/,76299,ncbi.nlm.nih.gov,,,438,66.86,,/myncbi/
/news/,76032,war.gov,,,439,66.89,,/news/
/medicare/sign-up,75998,ssa.gov,,,440,66.92,,/medicare/sign-up
/disability/,75764,va.gov,,,441,66.94,,/disability/
/uap-records/,75263,aaro.mil,,,442,66.97,,/uap-records/
/recent-actions/20260508,75129,ofac.treasury.gov,,,443,67.0,,/recent-actions/20260508
/account-creation/terms-of-use,75062,myaccount.uscis.gov,,,444,67.03,,/account-creation/terms-of-use
/loan-simulator/repayment/wizard/repayment-goals/pslf-interest,74828,studentaid.gov,,,445,67.06,,/loan-simulator/repayment/wizard/repay...
/payment/document-apply,74761,i94.cbp.dhs.gov,,,446,67.09,,/payment/document-apply
/ess/customer-ui/reason-for-appointment,74628,secure.ssa.gov,,,447,67.12,,/ess/customer-ui/reason-for-appointmen...
/prepare/check-eligibility-for-benefits/questionnaire/paid-taxes,74293,www.ssa.gov,,,448,67.15,,/prepare/check-eligibility-for-benefit...
/recent-actions/20260505,74260,ofac.treasury.gov,,,449,67.17,,/recent-actions/20260505
/number-card,74260,ssa.gov,,,450,67.2,,/number-card
/usao-ma/pr/thirty-individuals-charged-global-insider-trading-scheme-netting-tens-millions-illicit,74159,justice.gov,,,451,67.23,,/usao-ma/pr/thirty-individuals-charged...
/apod/ap260504.html,74126,apod.nasa.gov,,,452,67.26,,/apod/ap260504.html
/loan-simulator/repayment/wizard/repayment-goals/primary-goal,73959,studentaid.gov,,,453,67.29,,/loan-simulator/repayment/wizard/repay...
/applicant/profile/,73858,usajobs.gov,,,454,67.32,,/applicant/profile/
/preferences,73858,reg.usps.com,,,455,67.34,,/preferences
/recent-actions/20260504,73792,ofac.treasury.gov,,,456,67.37,,/recent-actions/20260504
/epstein/doj-disclosures,73691,justice.gov,,,457,67.4,,/epstein/doj-disclosures
/travel/security-screening/whatcanibring/all,73591,tsa.gov,,,458,67.43,,/travel/security-screening/whatcanibri...
/is/courseoverview.aspx,73558,training.fema.gov,,,459,67.46,,/is/courseoverview.aspx
/ess/customer-ui/review,73491,secure.ssa.gov,,,460,67.48,,/ess/customer-ui/review
/addresschange,73457,uscis.gov,,,461,67.51,,/addresschange
/care-compare/results,73290,www.medicare.gov,,,462,67.54,,/care-compare/results
/news/releases,73156,nsf.gov,,,463,67.57,,/news/releases
/recalls/2025/greater-goods-recalls-digital-kitchen-scales-due-to-ingestion-hazard-violations-of-reeses-law-federal-safety-regulations-for-consumer-products-with-coin-batteries-and-child-resistant-coin-battery-packaging,72889,cpsc.gov,,,464,67.6,,/recalls/2025/greater-goods-recalls-di...
/content/travel/en/passports/get-fast/passport-agencies.html,72421,travel.state.gov,,,465,67.62,,/content/travel/en/passports/get-fast/...
/help/claims.htm,72220,usps.com,,,466,67.65,,/help/claims.htm
/prepare/check-eligibility-for-benefits/questionnaire/married,72053,www.ssa.gov,,,467,67.68,,/prepare/check-eligibility-for-benefit...
/payments/direct-pay-help,71819,irs.gov,,,468,67.71,,/payments/direct-pay-help
/help/verify-your-identity/overview/,71685,login.gov,,,469,67.73,,/help/verify-your-identity/overview/
/campaign/right-seat,71418,nhtsa.gov,,,470,67.76,,/campaign/right-seat
/ords/imis/accidentsearch.accident_detail,71317,osha.gov,,,471,67.79,,/ords/imis/accidentsearch.accident_det...
/precheck/take-off,71217,tsa.gov,,,472,67.82,,/precheck/take-off
/health-care/appointment-check-in/,71050,va.gov,,,473,67.84,,/health-care/appointment-check-in/
/vin-decoder,70983,nhtsa.gov,,,474,67.87,,/vin-decoder
/prepare/get-benefits-estimate,70983,ssa.gov,,,475,67.9,,/prepare/get-benefits-estimate
/ords/imis/establishment.violation_detail,70916,osha.gov,,,476,67.92,,/ords/imis/establishment.violation_det...
/mpn/subunsub/information,70916,studentaid.gov,,,477,67.95,,/mpn/subunsub/information
/entreg/secure/editprofilepersonalaction,70582,reg.usps.com,,,478,67.98,,/entreg/secure/editprofilepersonalacti...
/vpv404/recent-actions/20260506,70482,ofac.treasury.gov,,,479,68.01,,/vpv404/recent-actions/20260506
/help/contact-your-local-irs-office,70448,irs.gov,,,480,68.03,,/help/contact-your-local-irs-office
/portal/home,69947,msc.fema.gov,,,481,68.06,,/portal/home
/ssnumber/ss5doc.htm,69846,ssa.gov,,,482,68.09,,/ssnumber/ss5doc.htm
/spanish/ency/article/001382.htm,69846,medlineplus.gov,,,483,68.11,,/spanish/ency/article/001382.htm
/eadmin/view/signin,69846,gateway.usps.com,,,484,68.14,,/eadmin/view/signin
/travel/us-citizens/mobile-passport-control,69713,cbp.gov,,,485,68.17,,/travel/us-citizens/mobile-passport-co...
/newsroom/check-the-status-of-a-refund-in-just-a-few-clicks-using-the-wheres-my-refund-tool,69679,irs.gov,,,486,68.19,,/newsroom/check-the-status-of-a-refund...
/help/tools,69412,irs.gov,,,487,68.22,,/help/tools
/trademarks/search,69278,uspto.gov,,,488,68.25,,/trademarks/search
/complete,68877,reg.usps.com,,,489,68.27,,/complete
/program-selection/acknowledge,68877,ttp.cbp.dhs.gov,,,490,68.3,,/program-selection/acknowledge
/fsa-id/sign-in/retrieve-account-details,68843,studentaid.gov,,,491,68.32,,/fsa-id/sign-in/retrieve-account-detai...
/disclaimer/,68643,pubmed.ncbi.nlm.nih.gov,,,492,68.35,,/disclaimer/
/health-care/appointment-check-in/verify,68475,www.va.gov,,,493,68.38,,/health-care/appointment-check-in/veri...
/content/travel/en/us-visas.html,68475,travel.state.gov,,,494,68.4,,/content/travel/en/us-visas.html
/nuccore/,68275,ncbi.nlm.nih.gov,,,495,68.43,,/nuccore/
/es-mx/niv,68275,ais.usvisa-info.com,,,496,68.45,,/es-mx/niv
/g-1055,67840,uscis.gov,,,497,68.48,,/g-1055
/apod/ap260505.html,67740,apod.nasa.gov,,,498,68.51,,/apod/ap260505.html
/filing/file-an-amended-return,67506,irs.gov,,,499,68.53,,/filing/file-an-amended-return
/go/ziplookupaction_input,67472,tools.usps.com,,,500,68.56,,/go/ziplookupaction_input
/health-care/manage-health/,67272,va.gov,,,501,68.58,,/health-care/manage-health/
/manage-benefits/make-an-appointment/appointment-questionnaire/check-eligibility-or-apply,66603,www.ssa.gov,,,502,68.61,,/manage-benefits/make-an-appointment/a...
/loan-simulator/repayment/wizard/personal-info/tax-filing-status,66102,studentaid.gov,,,503,68.63,,/loan-simulator/repayment/wizard/perso...
/mpn/subunsub/information/school,65901,studentaid.gov,,,504,68.66,,/mpn/subunsub/information/school
/applicant/application/applyreturninternal/,65801,usajobs.gov,,,505,68.69,,/applicant/application/applyreturninte...
/content/travel/en/us-visas/visa-information-resources/forms/ds-160-online-nonimmigrant-visa-application/ds-160-faqs.html,65700,travel.state.gov,,,506,68.71,,/content/travel/en/us-visas/visa-infor...
/en/international-travel.html,65466,travel.state.gov,,,507,68.74,,/en/international-travel.html
/product-index/,65232,e-publishing.af.mil,,,508,68.76,,/product-index/
/see-plans/,65232,healthcare.gov,,,509,68.79,,/see-plans/
/content/travel/en/passports/how-apply/processing-times.html,65232,travel.state.gov,,,510,68.81,,/content/travel/en/passports/how-apply...
/precheck/enrollment-centers,65232,tsa.gov,,,511,68.84,,/precheck/enrollment-centers
/individuals/understanding-your-irs-notice-or-letter,65199,irs.gov,,,512,68.86,,/individuals/understanding-your-irs-no...
/individuals/understanding-your-cp53e-notice,65132,irs.gov,,,513,68.88,,/individuals/understanding-your-cp53e-...
/35165802/,64697,pubmed.ncbi.nlm.nih.gov,,,514,68.91,,/35165802/
/dailymed/search.cfm,64697,dailymed.nlm.nih.gov,,,515,68.93,,/dailymed/search.cfm
/signin/,64363,training.fema.gov,,,516,68.96,,/signin/
/earth/earth-observatory/,64263,science.nasa.gov,,,517,68.98,,/earth/earth-observatory/
/retirement/plan-for-retirement,64129,ssa.gov,,,518,69.01,,/retirement/plan-for-retirement
/safety/recalls-market-withdrawals-safety-alerts/john-b-sanfilippo-son-inc-voluntarily-recalls-snack-mix-products-due-possible-health-risk,64129,fda.gov,,,519,69.03,,/safety/recalls-market-withdrawals-saf...
/noaatidepredictions.html,63861,tidesandcurrents.noaa.gov,,,520,69.06,,/noaatidepredictions.html
/mpn/subunsub/references,63794,studentaid.gov,,,521,69.08,,/mpn/subunsub/references
/account-creation/manage-2fa,63694,myaccount.uscis.gov,,,522,69.11,,/account-creation/manage-2fa
/ossnap/public/citizenship,63193,secure.ssa.gov,,,523,69.13,,/ossnap/public/citizenship
/account-creation/create-password,63126,myaccount.uscis.gov,,,524,69.15,,/account-creation/create-password
/mhv-portal-web/web/myhealthevet/home,63092,mhvidp-prod.myhealth.va.gov,,,525,69.18,,/mhv-portal-web/web/myhealthevet/home
/25822702/,62892,pubmed.ncbi.nlm.nih.gov,,,526,69.2,,/25822702/
/purchase-summary,62858,ttp.cbp.dhs.gov,,,527,69.23,,/purchase-summary
/fsa-id/create-account/mobile-phone-number,62691,studentaid.gov,,,528,69.25,,/fsa-id/create-account/mobile-phone-nu...
/account-creation/backup-code,62624,myaccount.uscis.gov,,,529,69.27,,/account-creation/backup-code
/public/login,62591,pay.gov,,,530,69.3,,/public/login
/prepare/check-eligibility-for-benefits/questionnaire/unable-to-work,62524,www.ssa.gov,,,531,69.32,,/prepare/check-eligibility-for-benefit...
/eadmin/action/homepage/homepagelanding,62457,gateway.usps.com,,,532,69.35,,/eadmin/action/homepage/homepagelandin...
/emailvalidation,62357,reg.usps.com,,,533,69.37,,/emailvalidation
/businesses/business-tax-account,61788,irs.gov,,,534,69.39,,/businesses/business-tax-account
/content/travel/en/passports/how-apply.html,61755,travel.state.gov,,,535,69.42,,/content/travel/en/passports/how-apply...
/digital-collections/search/noaa-voices,61721,noaa.gov,,,536,69.44,,/digital-collections/search/noaa-voice...
/account-creation/set-security-questions,61454,myaccount.uscis.gov,,,537,69.46,,/account-creation/set-security-questio...
/search-within/12044361,61253,catalog.archives.gov,,,538,69.49,,/search-within/12044361
/fsa-id/create-account/mailing-address,61220,studentaid.gov,,,539,69.51,,/fsa-id/create-account/mailing-address
/ess/customer-ui/appointment-confirmation,60986,secure.ssa.gov,,,540,69.53,,/ess/customer-ui/appointment-confirmat...
/help-center/answers/search,60852,studentaid.gov,,,541,69.56,,/help-center/answers/search
/queries/specimenviewer.aspx,60785,nas.er.usgs.gov,,,542,69.58,,/queries/specimenviewer.aspx
/bc/sbcprice,60752,treasurydirect.gov,,,543,69.6,,/bc/sbcprice
/kids/earth/,60752,science.nasa.gov,,,544,69.63,,/kids/earth/
/articles/pmc8853281/,60618,pmc.ncbi.nlm.nih.gov,,,545,69.65,,/articles/pmc8853281/
/help-center/contact,60585,studentaid.gov,,,546,69.67,,/help-center/contact
/fsa-id/create-account/username-password,60418,studentaid.gov,,,547,69.7,,/fsa-id/create-account/username-passwo...
/Search/Results/,60351,www.usajobs.gov,,,548,69.72,,/Search/Results/
/plus-app/,60317,studentaid.gov,,,549,69.74,,/plus-app/
/ess/customer-ui/consent-to-messaging,60183,secure.ssa.gov,,,550,69.77,,/ess/customer-ui/consent-to-messaging
/payment/status/success,59983,ttp.cbp.dhs.gov,,,551,69.79,,/payment/status/success
/workspace/em/entities/non-federal,59749,sam.gov,,,552,69.81,,/workspace/em/entities/non-federal
/fsa-id/create-account/two-step-verification,59381,studentaid.gov,,,553,69.83,,/fsa-id/create-account/two-step-verifi...
/ess/customer-ui/language-preference,59281,secure.ssa.gov,,,554,69.86,,/ess/customer-ui/language-preference
/mpn/subunsub/agreements,59247,studentaid.gov,,,555,69.88,,/mpn/subunsub/agreements
/default.aspx,59080,employeeexpress.gov,,,556,69.9,,/default.aspx
/mpn/subunsub/agreements/2,58946,studentaid.gov,,,557,69.92,,/mpn/subunsub/agreements/2
/logout/,58946,lending.sba.gov,,,558,69.95,,/logout/
/productmaps/pubform/contentsearch.aspx,58913,armypubs.army.mil,,,559,69.97,,/productmaps/pubform/contentsearch.asp...
/media/webcam/view.htm,58779,nps.gov,,,560,69.99,,/media/webcam/view.htm
/life-events/change-name,58712,ssa.gov,,,561,70.01,,/life-events/change-name
/scripts/cdrh/cfdocs/cfres/res.cfm,58645,accessdata.fda.gov,,,562,70.04,,/scripts/cdrh/cfdocs/cfres/res.cfm
/countries/all,58612,history.state.gov,,,563,70.06,,/countries/all
/mpn/subunsub/agreements/3,58612,studentaid.gov,,,564,70.08,,/mpn/subunsub/agreements/3
/forecastmaps/,58512,weather.gov,,,565,70.1,,/forecastmaps/
/health-care/appointment-check-in/appointments,58445,www.va.gov,,,566,70.13,,/health-care/appointment-check-in/appo...
/mpn/subunsub/agreements/4,58345,studentaid.gov,,,567,70.15,,/mpn/subunsub/agreements/4
/station_page.php,58278,ndbc.noaa.gov,,,568,70.17,,/station_page.php
/manage-loans/repayment/plans,58244,studentaid.gov,,,569,70.19,,/manage-loans/repayment/plans
/store/shipping-supplies,58044,store.usps.com,,,570,70.22,,/store/shipping-supplies
/mpn/subunsub/agreements/5,57943,studentaid.gov,,,571,70.24,,/mpn/subunsub/agreements/5
/mpn/subunsub/review,57910,studentaid.gov,,,572,70.26,,/mpn/subunsub/review
/components/sequence/hiv/asearch/query_one.comp,57910,hiv.lanl.gov,,,573,70.28,,/components/sequence/hiv/asearch/query...
/mesh/,57876,ncbi.nlm.nih.gov,,,574,70.3,,/mesh/
/charities-non-profits/search-for-tax-exempt-organizations,57609,irs.gov,,,575,70.33,,/charities-non-profits/search-for-tax-...
/faq,57609,esta.cbp.dhs.gov,,,576,70.35,,/faq
/nsa/reports.html,57609,nohrsc.noaa.gov,,,577,70.37,,/nsa/reports.html
/mpn/subunsub/submit,57609,studentaid.gov,,,578,70.39,,/mpn/subunsub/submit
/health-care/appointment-pre-check-in/,57007,va.gov,,,579,70.41,,/health-care/appointment-pre-check-in/
/ru-kz/niv/users/sign_in,56907,ais.usvisa-info.com,,,580,70.44,,/ru-kz/niv/users/sign_in
/toolkit/careers/occupations/occupation-profile.aspx,56840,careeronestop.org,,,581,70.46,,/toolkit/careers/occupations/occupatio...
/applicant/dashboard/savedjobs/,56773,usajobs.gov,,,582,70.48,,/applicant/dashboard/savedjobs/
/content/travel/en/passports/need-passport/status.html,56773,travel.state.gov,,,583,70.5,,/content/travel/en/passports/need-pass...
/search/docs,56606,search.usa.gov,,,584,70.52,,/search/docs
/cdd,56572,ncbi.nlm.nih.gov,,,585,70.54,,/cdd
/e-file-do-your-taxes-for-free,56439,irs.gov,,,586,70.57,,/e-file-do-your-taxes-for-free
/apply/how-to-apply,56405,ssa.gov,,,587,70.59,,/apply/how-to-apply
/media/photo/gallery-item.htm,56405,nps.gov,,,588,70.61,,/media/photo/gallery-item.htm
/cn/zh/nonimmigrant-visa,56338,ustraveldocs.com,,,589,70.63,,/cn/zh/nonimmigrant-visa
/mpn/subunsub/confirmation,56171,studentaid.gov,,,590,70.65,,/mpn/subunsub/confirmation
/charities-non-profits/tax-exempt-organization-search,56138,irs.gov,,,591,70.67,,/charities-non-profits/tax-exempt-orga...
/assistant,55670,reportfraud.ftc.gov,,,592,70.69,,/assistant
/ossnap/public/yourNameGroup,55670,secure.ssa.gov,,,593,70.72,,/ossnap/public/yourNameGroup
/fsa-id/create-account/account-created,55503,studentaid.gov,,,594,70.74,,/fsa-id/create-account/account-created
/reset-password/auth,55469,myaccount.uscis.gov,,,595,70.76,,/reset-password/auth
/realid,55402,tsa.gov,,,596,70.78,,/realid
/health-care/appointment-pre-check-in/verify,55335,www.va.gov,,,597,70.8,,/health-care/appointment-pre-check-in/...
/find-help/helplines/national-helpline,55335,samhsa.gov,,,598,70.82,,/find-help/helplines/national-helpline
/understand-aid/types/loans/subsidized-unsubsidized,55235,studentaid.gov,,,599,70.84,,/understand-aid/types/loans/subsidized...
/my-health/secure-messages/new-message/select-care-team/,55202,www.va.gov,,,600,70.86,,/my-health/secure-messages/new-message...
/multimedia/calendarios/,55202,ciencia.nasa.gov,,,601,70.89,,/multimedia/calendarios/
/web/eclipse/overview/community/discussion-forums/-/message_boards/message/31246795,55135,globe.gov,,,602,70.91,,/web/eclipse/overview/community/discus...
/geo/download/,55001,ncbi.nlm.nih.gov,,,603,70.93,,/geo/download/
/apod/ap260506.html,54734,apod.nasa.gov,,,604,70.95,,/apod/ap260506.html
/apps/earth/,54700,eyes.nasa.gov,,,605,70.97,,/apps/earth/
/apps/exo/,54633,eyes.nasa.gov,,,606,70.99,,/apps/exo/
/cyber-workforce/cyber-workforce-development/cyber-apprenticeship-program/,54600,dowcio.war.gov,,,607,71.01,,/cyber-workforce/cyber-workforce-devel...
/news/releases/,54399,war.gov,,,608,71.03,,/news/releases/
/screener/,54265,healthcare.gov,,,609,71.05,,/screener/
/content/travel/en/search.html,53965,travel.state.gov,,,610,71.07,,/content/travel/en/search.html
/content/travel/en/us-visas/visa-information-resources/wait-times.html,53864,travel.state.gov,,,611,71.09,,/content/travel/en/us-visas/visa-infor...
/health-care/appointment-check-in/contact-information,53697,www.va.gov,,,612,71.11,,/health-care/appointment-check-in/cont...
/epstein/doj-disclosures/data-set-1-files,53664,justice.gov,,,613,71.13,,/epstein/doj-disclosures/data-set-1-fi...
/portal/MailPieceItemDetail/3,53597,informeddelivery.usps.com,,,614,71.16,,/portal/MailPieceItemDetail/3
/health-care/appointment-check-in/arrived,53363,www.va.gov,,,615,71.18,,/health-care/appointment-check-in/arri...
/military-health-topics/technology/mhs-genesis,53363,health.mil,,,616,71.2,,/military-health-topics/technology/mhs...
/gallery/lunar-flyby/page/2/,53329,nasa.gov,,,617,71.22,,/gallery/lunar-flyby/page/2/
/resource-center/data-chart-center/interest-rates/textview,53229,home.treasury.gov,,,618,71.24,,/resource-center/data-chart-center/int...
/reset-password/create-password,52928,myaccount.uscis.gov,,,619,71.26,,/reset-password/create-password
/auctions/home,52895,gsaauctions.gov,,,620,71.28,,/auctions/home
/travel/security-screening/liquids-aerosols-gels-rule,52527,tsa.gov,,,621,71.3,,/travel/security-screening/liquids-aer...
/wrh/climate,52493,weather.gov,,,622,71.32,,/wrh/climate
/planyourvisit/passes.htm,52493,nps.gov,,,623,71.34,,/planyourvisit/passes.htm
/contact/,52426,login.gov,,,624,71.36,,/contact/
/health-care/appointment-check-in/emergency-contact,52360,www.va.gov,,,625,71.38,,/health-care/appointment-check-in/emer...
/myportal/wps/myportal/cmsportal/marxaws/verticalredirect/application,52326,portal.cms.gov,,,626,71.4,,/myportal/wps/myportal/cmsportal/marxa...
/ecd/resource-library,52326,acf.gov,,,627,71.42,,/ecd/resource-library
/filing,52092,irs.gov,,,628,71.44,,/filing
/content/travel/en/passports/get-fast.html,51791,travel.state.gov,,,629,71.46,,/content/travel/en/passports/get-fast....
/solar-system/planets/,51724,science.nasa.gov,,,630,71.48,,/solar-system/planets/
/apod/ap260502.html,51657,apod.nasa.gov,,,631,71.5,,/apod/ap260502.html
/loan-simulator/repayment/results/compare/repayment-plans,51457,studentaid.gov,,,632,71.52,,/loan-simulator/repayment/results/comp...
/research/topics/uaps,51290,archives.gov,,,633,71.54,,/research/topics/uaps
/nuccore,51256,ncbi.nlm.nih.gov,,,634,71.56,,/nuccore
/ossnap/public/enterssn,51123,secure.ssa.gov,,,635,71.58,,/ossnap/public/enterssn
/auctions/auctions-list,50989,gsaauctions.gov,,,636,71.59,,/auctions/auctions-list
/s/article/missing-mail-the-basics,50788,faq.usps.com,,,637,71.61,,/s/article/missing-mail-the-basics
/cn/zh/,50721,ustraveldocs.com,,,638,71.63,,/cn/zh/
/precheck/renew,50654,tsa.gov,,,639,71.65,,/precheck/renew
/manage-loans/forgiveness-cancellation,50554,studentaid.gov,,,640,71.67,,/manage-loans/forgiveness-cancellation
/hantavirus/site.html,50253,cdc.gov,,,641,71.69,,/hantavirus/site.html
/personal-record/update-contact-information,50086,ssa.gov,,,642,71.71,,/personal-record/update-contact-inform...
/foss/f,50086,fisheries.noaa.gov,,,643,71.73,,/foss/f
/users/type,50053,myaccount.uscis.gov,,,644,71.75,,/users/type
/casestatus/landing.do,49986,egov.uscis.gov,,,645,71.77,,/casestatus/landing.do
/go/ziplookupaction!input.action,49952,tools.usps.com,,,646,71.79,,/go/ziplookupaction!input.action
/es-co/niv/users/sign_in,49885,ais.usvisa-info.com,,,647,71.81,,/es-co/niv/users/sign_in
/bou/,49785,weather.gov,,,648,71.83,,/bou/
/mission/landsat/,49685,science.nasa.gov,,,649,71.84,,/mission/landsat/
/searchphotos/photo.pl,49685,eol.jsc.nasa.gov,,,650,71.86,,/searchphotos/photo.pl
/my-health/secure-messages/sent/,49584,www.va.gov,,,651,71.88,,/my-health/secure-messages/sent/
/projects/snp/snp_ss.cgi,49584,ncbi.nlm.nih.gov,,,652,71.9,,/projects/snp/snp_ss.cgi
/news/tricare-news/article/4477500/tricare-logins-transitioning-to-myauth-in-2026-what-you-need-to-know,49451,newsroom.tricare.mil,,,653,71.92,,/news/tricare-news/article/4477500/tri...
/opa/pr/department-justice-publishes-35-million-responsive-pages-compliance-epstein-files,49417,justice.gov,,,654,71.94,,/opa/pr/department-justice-publishes-3...
/health-care/appointment-check-in/next-of-kin,49217,www.va.gov,,,655,71.96,,/health-care/appointment-check-in/next...
/search/case,49217,nlrb.gov,,,656,71.98,,/search/case
/warnings/2025/cpsc-warns-consumers-to-immediately-stop-using-hgn-brand-kitchen-faucets-sold-on-amazon-com-due-to-dangerous-lead-exposure-for-young-children,49083,cpsc.gov,,,657,72.0,,/warnings/2025/cpsc-warns-consumers-to...
/apod/ap260501.html,49050,apod.nasa.gov,,,658,72.01,,/apod/ap260501.html
/hantavirus/hcp/clinical-overview/hps.html,48916,cdc.gov,,,659,72.03,,/hantavirus/hcp/clinical-overview/hps....
/enroll/you,48849,tsaprecheckbyclear.tsa.dhs.gov,,,660,72.05,,/enroll/you
/solar-system/,48815,science.nasa.gov,,,661,72.07,,/solar-system/
/interview-summary,48782,ttp.cbp.dhs.gov,,,662,72.09,,/interview-summary
/manageaccount.html,48648,poboxes.usps.com,,,663,72.11,,/manageaccount.html
/help/verify-your-identity/phone-number/,48515,login.gov,,,664,72.13,,/help/verify-your-identity/phone-numbe...
/prepare/check-eligibility-for-benefits/questionnaire/essentials,48281,www.ssa.gov,,,665,72.14,,/prepare/check-eligibility-for-benefit...
/es/refunds,48281,irs.gov,,,666,72.16,,/es/refunds
/applicant/document/upload/,48046,usajobs.gov,,,667,72.18,,/applicant/document/upload/
/understand-aid/types,47712,studentaid.gov,,,668,72.2,,/understand-aid/types
/form/main,47679,reportfraud.ftc.gov,,,669,72.22,,/form/main
/dashboard/activate-card,47612,ttp.cbp.dhs.gov,,,670,72.24,,/dashboard/activate-card
/help/the-irs2go-app,47545,irs.gov,,,671,72.25,,/help/the-irs2go-app
/label-manager/labels,47545,cnsb.usps.com,,,672,72.27,,/label-manager/labels
/health-care/appointment-check-in/travel-pay,47445,www.va.gov,,,673,72.29,,/health-care/appointment-check-in/trav...
/my-health/travel-pay/claims,47277,va.gov,,,674,72.31,,/my-health/travel-pay/claims
/scripts/cdrh/cfdocs/cfpmn/pmn.cfm,47077,accessdata.fda.gov,,,675,72.33,,/scripts/cdrh/cfdocs/cfpmn/pmn.cfm
/gallery/lunar-flyby/page/3/,47010,nasa.gov,,,676,72.34,,/gallery/lunar-flyby/page/3/
/shmrn.php,46609,forecast.weather.gov,,,677,72.36,,/shmrn.php
/understand-aid/types/loans,46475,studentaid.gov,,,678,72.38,,/understand-aid/types/loans
/eftps/index.jsp,46475,eftps.gov,,,679,72.4,,/eftps/index.jsp
/products/exper/day4-8/,46442,spc.noaa.gov,,,680,72.42,,/products/exper/day4-8/
/naics/,46375,www.census.gov,,,681,72.43,,/naics/
/myportal/wps/myportal/cmsportal/marxaws/verticalRedirect/application,46375,portal.cms.gov,,,682,72.45,,/myportal/wps/myportal/cmsportal/marxa...
/contact-us/,46308,va.gov,,,683,72.47,,/contact-us/
/patents/search/patent-public-search,46074,uspto.gov,,,684,72.49,,/patents/search/patent-public-search
/individual-tax-filing,46007,irs.gov,,,685,72.5,,/individual-tax-filing
/records/download-va-letters/,45572,va.gov,,,686,72.52,,/records/download-va-letters/
/veterans/military-service-records,45405,archives.gov,,,687,72.54,,/veterans/military-service-records
/gallery/journey-to-the-moon/,45305,nasa.gov,,,688,72.56,,/gallery/journey-to-the-moon/
/address-book/contacts,45138,cnsb.usps.com,,,689,72.57,,/address-book/contacts
/content/travel/en/us-visas/visa-information-resources/forms/ds-160-online-nonimmigrant-visa-application.html,44970,travel.state.gov,,,690,72.59,,/content/travel/en/us-visas/visa-infor...
/ship/online-shipping.htm,44970,usps.com,,,691,72.61,,/ship/online-shipping.htm
/bmi/child-teen-calculator/index.html,44970,cdc.gov,,,692,72.62,,/bmi/child-teen-calculator/index.html
/dailymed/archives/index.cfm,44870,dailymed.nlm.nih.gov,,,693,72.64,,/dailymed/archives/index.cfm
/help/manage-your-account/overview/,44770,login.gov,,,694,72.66,,/help/manage-your-account/overview/
/my-health/medications/refill/,44703,va.gov,,,695,72.68,,/my-health/medications/refill/
/portal/datasets/il.html,44703,huduser.gov,,,696,72.69,,/portal/datasets/il.html
/ossnap/authn/start,44670,secure.ssa.gov,,,697,72.71,,/ossnap/authn/start
/trademarks,44603,uspto.gov,,,698,72.73,,/trademarks
/locator/details,44536,www.ssa.gov,,,699,72.74,,/locator/details
/forms/all-forms,44402,uscis.gov,,,700,72.76,,/forms/all-forms
/help/trouble-signing-in/authentication/issues-with-text-sms-phone-call/,44335,login.gov,,,701,72.78,,/help/trouble-signing-in/authenticatio...
/ords/imis/accidentsearch.accident_inspection,44268,osha.gov,,,702,72.8,,/ords/imis/accidentsearch.accident_ins...
/content/travel/en/us-visas/visa-information-resources/global-visa-wait-times.html,44168,travel.state.gov,,,703,72.81,,/content/travel/en/us-visas/visa-infor...
/apod/ap260507.html,44101,apod.nasa.gov,,,704,72.83,,/apod/ap260507.html
/gringlobal/taxon/taxonomydetail,44034,training.ars-grin.gov,,,705,72.85,,/gringlobal/taxon/taxonomydetail
/print/estaStatus,44001,esta.cbp.dhs.gov,,,706,72.86,,/print/estaStatus
/ossnap/public/landingOSsnap,44001,secure.ssa.gov,,,707,72.88,,/ossnap/public/landingOSsnap
/myportal/,43800,portal.cms.gov,,,708,72.9,,/myportal/
/portal/login.aspx,43767,publicportal.eeoc.gov,,,709,72.91,,/portal/login.aspx
/manage-benefits/make-an-appointment/appointment-questionnaire/existing-application,43733,www.ssa.gov,,,710,72.93,,/manage-benefits/make-an-appointment/a...
/enroll/document-check,43666,tsaprecheckbyclear.tsa.dhs.gov,,,711,72.95,,/enroll/document-check
/findbox.html,43633,poboxes.usps.com,,,712,72.96,,/findbox.html
/en-ca/niv,43533,ais.usvisa-info.com,,,713,72.98,,/en-ca/niv
/newsroom/releases,43466,dol.gov,,,714,73.0,,/newsroom/releases
/i-765,43432,uscis.gov,,,715,73.01,,/i-765
/yell/index.htm,43432,nps.gov,,,716,73.03,,/yell/index.htm
/enroll/traits,43399,tsaprecheckbyclear.tsa.dhs.gov,,,717,73.05,,/enroll/traits
/careers/how-to-apply/,43366,about.usps.com,,,718,73.06,,/careers/how-to-apply/
/menu/play/,43131,spaceplace.nasa.gov,,,719,73.08,,/menu/play/
/report.html,43131,donotcall.gov,,,720,73.1,,/report.html
/ship/priority-mail.htm,43131,usps.com,,,721,73.11,,/ship/priority-mail.htm
/searchphotos/showqueryresults-texttable.pl,43065,eol.jsc.nasa.gov,,,722,73.13,,/searchphotos/showqueryresults-texttab...
/systems-applications/defense-information-system-for-security-diss/,42697,dcsa.mil,,,723,73.14,,/systems-applications/defense-informat...
/fsa-id/sign-in/retrieve-account-details/username,42597,studentaid.gov,,,724,73.16,,/fsa-id/sign-in/retrieve-account-detai...
/7246607/,42563,pubmed.ncbi.nlm.nih.gov,,,725,73.18,,/7246607/
/disability/file-disability-claim-form-21-526ez/start,42496,www.va.gov,,,726,73.19,,/disability/file-disability-claim-form...
/s/step/step-create-account,42496,mytravel.state.gov,,,727,73.21,,/s/step/step-create-account
/my-health/medical-records/download,42463,www.va.gov,,,728,73.23,,/my-health/medical-records/download
/protein/,42396,ncbi.nlm.nih.gov,,,729,73.24,,/protein/
/triexplorer/quantity_fac_profile,42162,enviro.epa.gov,,,730,73.26,,/triexplorer/quantity_fac_profile
/disability/file-disability-claim-form-21-526ez/introduction,42128,va.gov,,,731,73.27,,/disability/file-disability-claim-form...
/goes/sector_band.php,41961,star.nesdis.noaa.gov,,,732,73.29,,/goes/sector_band.php
/hantavirus/prevention/index.html,41861,cdc.gov,,,733,73.31,,/hantavirus/prevention/index.html
/allowances/basic-allowance-for-housing/,41828,travel.dod.mil,,,734,73.32,,/allowances/basic-allowance-for-housin...
/ccr/publications/search/,41761,sandia.gov,,,735,73.34,,/ccr/publications/search/
/print/estastatus,41727,esta.cbp.dhs.gov,,,736,73.35,,/print/estastatus
/health-care/appointment-pre-check-in/appointments,41727,www.va.gov,,,737,73.37,,/health-care/appointment-pre-check-in/...
/manage-dependents/view,41460,va.gov,,,738,73.39,,/manage-dependents/view
/usao-ct/pr/sex-offender-who-possessed-millions-child-sex-abuse-images-and-videos-sentenced-12-years,41326,justice.gov,,,739,73.4,,/usao-ct/pr/sex-offender-who-possessed...
/disability/compensation-rates/veteran-rates/,41226,va.gov,,,740,73.42,,/disability/compensation-rates/veteran...
/my-health/appointments/schedule/type-of-care,41159,www.va.gov,,,741,73.43,,/my-health/appointments/schedule/type-...
/my-health/medical-records/conditions,41125,www.va.gov,,,742,73.45,,/my-health/medical-records/conditions
/map/,41125,firms.modaps.eosdis.nasa.gov,,,743,73.47,,/map/
/allowances/basic-allowance-for-housing/bah-rate-lookup/,40992,travel.dod.mil,,,744,73.48,,/allowances/basic-allowance-for-housin...
/help/trouble-signing-in/authentication/face-or-touch-unlock/,40958,login.gov,,,745,73.5,,/help/trouble-signing-in/authenticatio...
/survivor,40958,ssa.gov,,,746,73.51,,/survivor
/job/862253500,40824,usajobs.gov,,,747,73.53,,/job/862253500
/scheduler,40691,ttp.cbp.dhs.gov,,,748,73.54,,/scheduler
/index.html,40557,tsp.gov,,,749,73.56,,/index.html
/create-an-account/,40423,login.gov,,,750,73.57,,/create-an-account/
/manage-benefits/make-an-appointment/appointment-questionnaire/medicare-benefits,40423,www.ssa.gov,,,751,73.59,,/manage-benefits/make-an-appointment/a...
/store/checkout/shippingmethodprioritymailexpress.jsp,40423,store.usps.com,,,752,73.61,,/store/checkout/shippingmethodpriority...
/entreg/secure/preferencessummaryaction_input,40390,reg.usps.com,,,753,73.62,,/entreg/secure/preferencessummaryactio...
/en,40356,secure.login.gov,,,754,73.64,,/en
/safety/recalls-market-withdrawals-safety-alerts/utz-quality-foods-llc-issues-voluntary-recall-certain-limited-varieties-zapps-and-dirty-potato-chips,40356,fda.gov,,,755,73.65,,/safety/recalls-market-withdrawals-saf...
/activity-log/,40323,consumerfinance.gov,,,756,73.67,,/activity-log/
/forms/,40256,ssa.gov,,,757,73.68,,/forms/
/applicant/document/documents/,40156,usajobs.gov,,,758,73.7,,/applicant/document/documents/
/forms-pubs/about-form-w-4,40122,irs.gov,,,759,73.71,,/forms-pubs/about-form-w-4
/apod/ap260508.html,40022,apod.nasa.gov,,,760,73.73,,/apod/ap260508.html
/spot-the-station/,39989,nasa.gov,,,761,73.74,,/spot-the-station/
/prepare/check-eligibility-for-benefits/questionnaire/taxes-paid-over-time,39989,www.ssa.gov,,,762,73.76,,/prepare/check-eligibility-for-benefit...
/rds/archive/catalog/,39855,fs.usda.gov,,,763,73.77,,/rds/archive/catalog/
/medicare/coverage/prescription-drug-coverage/medicare-glp-1-bridge,39721,cms.gov,,,764,73.79,,/medicare/coverage/prescription-drug-c...
/search/solr/,39688,americanenglish.state.gov,,,765,73.8,,/search/solr/
/resources/redelivery-confirmation.htm,39688,tools.usps.com,,,766,73.82,,/resources/redelivery-confirmation.htm
/va-payment-history/,39587,va.gov,,,767,73.83,,/va-payment-history/
/rds/archive/catalog,39554,fs.usda.gov,,,768,73.85,,/rds/archive/catalog
/access-your-account/,39520,tsp.gov,,,769,73.86,,/access-your-account/
/multimedia/,39454,war.gov,,,770,73.88,,/multimedia/
/data/inflation_calculator.htm,39353,bls.gov,,,771,73.9,,/data/inflation_calculator.htm
/hantavirus/es/about/sobre-el-hantavirus.html,39286,cdc.gov,,,772,73.91,,/hantavirus/es/about/sobre-el-hantavir...
/web/eclipse/overview/community/discussion-forums/-/message_boards/message/29143151,39253,globe.gov,,,773,73.93,,/web/eclipse/overview/community/discus...
/vapes,39253,therealcost.betobaccofree.hhs.gov,,,774,73.94,,/vapes
/forms-pubs/about-form-w-8-imy,39220,irs.gov,,,775,73.96,,/forms-pubs/about-form-w-8-imy
/entreg/secure/coavalidationcodeaction_input,39186,reg.usps.com,,,776,73.97,,/entreg/secure/coavalidationcodeaction...
/programs-info,38919,ttp.dhs.gov,,,777,73.99,,/programs-info
/basic/,38885,ppubs.uspto.gov,,,778,74.0,,/basic/
/newsroom/modernizing-payments-to-and-from-americas-bank-account,38852,irs.gov,,,779,74.01,,/newsroom/modernizing-payments-to-and-...
/search/cms,38852,cms.gov,,,780,74.03,,/search/cms
/dashboard/update-document,38818,ttp.cbp.dhs.gov,,,781,74.04,,/dashboard/update-document
/4112113/,38818,pubmed.ncbi.nlm.nih.gov,,,782,74.06,,/4112113/
/my-health/appointments/past,38751,va.gov,,,783,74.07,,/my-health/appointments/past
/enroll/contact/contact,38751,tsaprecheckbyclear.tsa.dhs.gov,,,784,74.09,,/enroll/contact/contact
/education/,38651,va.gov,,,785,74.1,,/education/
/about-us/blog/,38618,consumerfinance.gov,,,786,74.12,,/about-us/blog/
/pressroom/pressreleases,38584,cftc.gov,,,787,74.13,,/pressroom/pressreleases
/store/product/happy-birthday-stamps-s_582204,38551,store.usps.com,,,788,74.15,,/store/product/happy-birthday-stamps-s...
/data-research/cms-information-technology/hipaa-eligibility-transaction-system-hets/hets-edi-how-enroll,38551,cms.gov,,,789,74.16,,/data-research/cms-information-technol...
/news/today-in-dow/,38551,war.gov,,,790,74.18,,/news/today-in-dow/
/epstein/search,38517,justice.gov,,,791,74.19,,/epstein/search
/image-of-the-day/,38451,nasa.gov,,,792,74.21,,/image-of-the-day/
/national_maritime_center/,38417,dco.uscg.mil,,,793,74.22,,/national_maritime_center/
/story/bryozoans,38317,fws.gov,,,794,74.24,,/story/bryozoans
/docresults,38317,randr19.nist.gov,,,795,74.25,,/docresults
/survey,38217,servicesonline.opm.gov,,,796,74.27,,/survey
/web/eclipse/overview/community/discussion-forums/-/message_boards/message/28504246,38183,globe.gov,,,797,74.28,,/web/eclipse/overview/community/discus...
/toolkit/careers/interest-assessment.aspx,38016,careeronestop.org,,,798,74.29,,/toolkit/careers/interest-assessment.a...
/my-health/medical-records,38016,va.gov,,,799,74.31,,/my-health/medical-records
/militarymembers/payentitlements/pay-tables/,37982,dfas.mil,,,800,74.32,,/militarymembers/payentitlements/pay-t...
/help/specific-agencies/ssa/,37982,login.gov,,,801,74.34,,/help/specific-agencies/ssa/
/enroll/contact/address,37949,tsaprecheckbyclear.tsa.dhs.gov,,,802,74.35,,/enroll/contact/address
/documents/search,37916,federalregister.gov,,,803,74.37,,/documents/search
/contactcenter,37916,uscis.gov,,,804,74.38,,/contactcenter
/forms-instructions-and-publications,37916,irs.gov,,,805,74.4,,/forms-instructions-and-publications
/manage-loans/repayment/servicers,37782,studentaid.gov,,,806,74.41,,/manage-loans/repayment/servicers
/getstarted;stepDone=3,37715,ttp.cbp.dhs.gov,,,807,74.42,,/getstarted;stepDone=3
/travel/trusted-traveler-programs/global-entry/how-apply,37581,cbp.gov,,,808,74.44,,/travel/trusted-traveler-programs/glob...
/content/status-tracker,37581,sam.gov,,,809,74.45,,/content/status-tracker
/about-us/contact-us,37581,uscis.gov,,,810,74.47,,/about-us/contact-us
/n-400,37548,uscis.gov,,,811,74.48,,/n-400
/policy-data-oversight/pay-leave/salaries-wages/,37514,opm.gov,,,812,74.5,,/policy-data-oversight/pay-leave/salar...
/weather,37481,noaa.gov,,,813,74.51,,/weather
/searchphotos/,37447,eol.jsc.nasa.gov,,,814,74.53,,/searchphotos/
/dailymed/,37414,dailymed.nlm.nih.gov,,,815,74.54,,/dailymed/
/opub/geographic-profile/,37314,bls.gov,,,816,74.55,,/opub/geographic-profile/
/searchphotos/showqueryresults-table.pl,37314,eol.jsc.nasa.gov,,,817,74.57,,/searchphotos/showqueryresults-table.p...
/special-agents,37314,fbijobs.gov,,,818,74.58,,/special-agents
/bls/newsrels.htm,37280,bls.gov,,,819,74.6,,/bls/newsrels.htm
/forms-pubs/about-form-843,37213,irs.gov,,,820,74.61,,/forms-pubs/about-form-843
/news/speeches,37080,fdic.gov,,,821,74.63,,/news/speeches
/my-health/medical-records/download/date-range,37080,va.gov,,,822,74.64,,/my-health/medical-records/download/da...
/products/,37046,spc.noaa.gov,,,823,74.65,,/products/
/business/prices.htm,37046,usps.com,,,824,74.67,,/business/prices.htm
/enroll/history,37013,tsaprecheckbyclear.tsa.dhs.gov,,,825,74.68,,/enroll/history
/multimedia/photo-collections/,37013,war.gov,,,826,74.7,,/multimedia/photo-collections/
/plus-app/grad/landing,36946,studentaid.gov,,,827,74.71,,/plus-app/grad/landing
/toolkit/careers/interest-assessment-questions.aspx,36846,careeronestop.org,,,828,74.72,,/toolkit/careers/interest-assessment-q...
/fwd/,36812,weather.gov,,,829,74.74,,/fwd/
/loan-simulator/repayment/wizard/personal-info/health-insurance-premiums,36779,studentaid.gov,,,830,74.75,,/loan-simulator/repayment/wizard/perso...
/enroll/locations,36678,tsaprecheckbyclear.tsa.dhs.gov,,,831,74.77,,/enroll/locations
/medicare/health-drug-plans/part-c-d-performance-data,36511,cms.gov,,,832,74.78,,/medicare/health-drug-plans/part-c-d-p...
/news/podcasts,36478,fdic.gov,,,833,74.79,,/news/podcasts
/cvmrequestid,36444,reg.usps.com,,,834,74.81,,/cvmrequestid
/scheduler/home,36411,portal.usaccess.gsa.gov,,,835,74.82,,/scheduler/home
/touchless-id,36311,tsa.gov,,,836,74.84,,/touchless-id
/GenNIV/common/Recovery.aspx,36210,ceac.state.gov,,,837,74.85,,/GenNIV/common/Recovery.aspx
/manage-benefits/make-an-appointment/appointment-questionnaire/manage-or-make-payment,36210,www.ssa.gov,,,838,74.86,,/manage-benefits/make-an-appointment/a...
/what-is-login/,36110,login.gov,,,839,74.88,,/what-is-login/
/profile/letters-and-documents/veteran-status-card,35909,www.va.gov,,,840,74.89,,/profile/letters-and-documents/veteran...
/store/results,35776,store.usps.com,,,841,74.9,,/store/results
/student/sssp.aspx,35776,training.fema.gov,,,842,74.92,,/student/sssp.aspx
/ovulation-calculator,35776,womenshealth.gov,,,843,74.93,,/ovulation-calculator
/help/create-account/authentication-methods/,35742,login.gov,,,844,74.95,,/help/create-account/authentication-me...
/multimedia/calendario-de-ciencia-de-la-nasa-2026/,35675,ciencia.nasa.gov,,,845,74.96,,/multimedia/calendario-de-ciencia-de-l...
/disability/eligibility,35642,ssa.gov,,,846,74.97,,/disability/eligibility
/content/travel/en/us-visas/visa-information-resources/iv-wait-times.html,35642,travel.state.gov,,,847,74.99,,/content/travel/en/us-visas/visa-infor...
/toolkit/careers/interest-assessment-results.aspx,35508,careeronestop.org,,,848,75.0,,/toolkit/careers/interest-assessment-r...
/prior-year-forms-and-instructions,35475,irs.gov,,,849,75.01,,/prior-year-forms-and-instructions
/calculator/largepackageproperties,35475,postcalc.usps.com,,,850,75.03,,/calculator/largepackageproperties
/basics/costs/medicare-costs,35441,medicare.gov,,,851,75.04,,/basics/costs/medicare-costs
/labs/sciencv/,35408,ncbi.nlm.nih.gov,,,852,75.05,,/labs/sciencv/
/resources/search,35375,invasivespeciesinfo.gov,,,853,75.07,,/resources/search
/gettingcare/virtualhealth/securepatientportal/securelogin,35375,tricare.mil,,,854,75.08,,/gettingcare/virtualhealth/securepatie...
/ords/sfdw_pub/r/sfdw/cwns_pub/about,35341,sdwis.epa.gov,,,855,75.1,,/ords/sfdw_pub/r/sfdw/cwns_pub/about
/help-center/answers/landing,35341,studentaid.gov,,,856,75.11,,/help-center/answers/landing
/records/get-military-service-records/,35308,va.gov,,,857,75.12,,/records/get-military-service-records/
/en/international-travel/travel-advisories/mexico.html,35174,travel.state.gov,,,858,75.14,,/en/international-travel/travel-adviso...
/my-health/medical-records/download/record-type,35074,www.va.gov,,,859,75.15,,/my-health/medical-records/download/re...
/decisions/nonprecdec.htm,35040,mspb.gov,,,860,75.16,,/decisions/nonprecdec.htm
/GenNIV/Default.aspx,34973,ceac.state.gov,,,861,75.18,,/GenNIV/Default.aspx
/search/medicare,34940,medicare.gov,,,862,75.19,,/search/medicare
/visaapplicantui/login,34873,usvisaappt.com,,,863,75.2,,/visaapplicantui/login
/decisions/casereports.htm,34873,mspb.gov,,,864,75.22,,/decisions/casereports.htm
/structure,34806,ncbi.nlm.nih.gov,,,865,75.23,,/structure
/outbreaks/index.html,34773,cdc.gov,,,866,75.24,,/outbreaks/index.html
/basics/get-started-with-medicare/after-65,34706,medicare.gov,,,867,75.26,,/basics/get-started-with-medicare/afte...
/forms-pubs/mobile-friendly-forms,34639,irs.gov,,,868,75.27,,/forms-pubs/mobile-friendly-forms
/prepare/check-eligibility-for-benefits/questionnaire/spouse,34539,www.ssa.gov,,,869,75.28,,/prepare/check-eligibility-for-benefit...
/announcements-events/idr-court-actions,34472,studentaid.gov,,,870,75.3,,/announcements-events/idr-court-action...
/pt-br/niv/users/sign_in,34472,ais.usvisa-info.com,,,871,75.31,,/pt-br/niv/users/sign_in
/medicare,34371,ssa.gov,,,872,75.32,,/medicare
/sbc-glossary/,34338,healthcare.gov,,,873,75.33,,/sbc-glossary/
/terms-of-use,34338,va.gov,,,874,75.35,,/terms-of-use
/help/trouble-signing-in/forgot-your-password/,34305,login.gov,,,875,75.36,,/help/trouble-signing-in/forgot-your-p...
/menu/solar-system/,34238,spaceplace.nasa.gov,,,876,75.37,,/menu/solar-system/
/renew-adult-passport,34204,usa.gov,,,877,75.39,,/renew-adult-passport
/businesses/small-businesses-self-employed/estimated-taxes,34171,irs.gov,,,878,75.4,,/businesses/small-businesses-self-empl...
/manage-loans/repayment/plans/income-driven,34104,studentaid.gov,,,879,75.41,,/manage-loans/repayment/plans/income-d...
/structure/cdd/wrpsb.cgi,34071,ncbi.nlm.nih.gov,,,880,75.43,,/structure/cdd/wrpsb.cgi
/about-cms/contact/newsroom,34037,cms.gov,,,881,75.44,,/about-cms/contact/newsroom
/manage-benefits,34037,ssa.gov,,,882,75.45,,/manage-benefits
/charities-non-profits/annual-electronic-filing-requirement-for-small-exempt-organizations-form-990-n-e-postcard,34004,irs.gov,,,883,75.47,,/charities-non-profits/annual-electron...
/disability/how-to-file-claim/,34004,va.gov,,,884,75.48,,/disability/how-to-file-claim/
/myaccount/lp/landing-page-iclaim-submit-with-account.html,33937,ssa.gov,,,885,75.49,,/myaccount/lp/landing-page-iclaim-subm...
/ws/main/start_page,33903,gsaadvantage.gov,,,886,75.5,,/ws/main/start_page
/help/processing-status-for-tax-forms,33903,irs.gov,,,887,75.52,,/help/processing-status-for-tax-forms
/humans-in-space/artemis/,33903,nasa.gov,,,888,75.53,,/humans-in-space/artemis/
/ril/hdkwsoview.action,33870,secure.ssa.gov,,,889,75.54,,/ril/hdkwsoview.action
/features/ard/currentdatawidget/recent-dataw.html,33836,nps.gov,,,890,75.56,,/features/ard/currentdatawidget/recent...
/app/dashboard,33736,tsaprecheckbytelos.tsa.dhs.gov,,,891,75.57,,/app/dashboard
/nlmcatalog,33703,ncbi.nlm.nih.gov,,,892,75.58,,/nlmcatalog
/feg/findacar.shtml,33502,fueleconomy.gov,,,893,75.59,,/feg/findacar.shtml
/mission/artemis-ii/,33469,nasa.gov,,,894,75.61,,/mission/artemis-ii/
/form/TheftInformation,33469,www.identitytheft.gov,,,895,75.62,,/form/TheftInformation
/productmaps/pubform/ar.aspx,33435,armypubs.army.mil,,,896,75.63,,/productmaps/pubform/ar.aspx
/my-health/medical-records/download/file-type,33435,www.va.gov,,,897,75.65,,/my-health/medical-records/download/fi...
/apply-for-aid/fafsa/fafsa-deadlines,33435,studentaid.gov,,,898,75.66,,/apply-for-aid/fafsa/fafsa-deadlines
/articles/pmc12515835/,33435,pmc.ncbi.nlm.nih.gov,,,899,75.67,,/articles/pmc12515835/
/retrieveGroup,33368,esta.cbp.dhs.gov,,,900,75.68,,/retrieveGroup
/text/dmm300/notice123.htm,33335,pe.usps.com,,,901,75.7,,/text/dmm300/notice123.htm
/entreg/secure/registrationcompletesuccessaction_input,33268,reg.usps.com,,,902,75.71,,/entreg/secure/registrationcompletesuc...
/books/,33268,ncbi.nlm.nih.gov,,,903,75.72,,/books/
/profile/letters-and-documents,33235,www.va.gov,,,904,75.74,,/profile/letters-and-documents
/mars/facts/,33201,science.nasa.gov,,,905,75.75,,/mars/facts/
/apod/ap260509.html,33134,apod.nasa.gov,,,906,75.76,,/apod/ap260509.html
/labcas-ui/m/index.html,33034,mcl-labcas.jpl.nasa.gov,,,907,75.77,,/labcas-ui/m/index.html
/account/linkaccount/,33001,ncbi.nlm.nih.gov,,,908,75.79,,/account/linkaccount/
/unclaimed-money,32967,usa.gov,,,909,75.8,,/unclaimed-money
/epasearch/,32934,search.epa.gov,,,910,75.81,,/epasearch/
/i-485,32934,uscis.gov,,,911,75.82,,/i-485
/applicant/dashboard/savedsearches/,32900,usajobs.gov,,,912,75.84,,/applicant/dashboard/savedsearches/
/search-grants,32833,grants.gov,,,913,75.85,,/search-grants
/disability/view-disability-rating/,32800,va.gov,,,914,75.86,,/disability/view-disability-rating/
/goes/sector.php,32700,star.nesdis.noaa.gov,,,915,75.87,,/goes/sector.php
/download/app,32666,esta.cbp.dhs.gov,,,916,75.89,,/download/app
/manage-benefits/make-an-appointment/appointment-questionnaire/update-record,32633,www.ssa.gov,,,917,75.9,,/manage-benefits/make-an-appointment/a...
/store/product/route-66-stamps-s_488404,32599,store.usps.com,,,918,75.91,,/store/product/route-66-stamps-s_48840...
/portal/unsubscribe,32499,informeddelivery.usps.com,,,919,75.92,,/portal/unsubscribe
/faqs/search,32232,ofac.treasury.gov,,,920,75.94,,/faqs/search
/faqs/irs-procedures/refund-inquiries/refund-inquiries-18,32232,irs.gov,,,921,75.95,,/faqs/irs-procedures/refund-inquiries/...
/tsp/,32198,tsp.gov,,,922,75.96,,/tsp/
/public/form/start/25987221,32198,pay.gov,,,923,75.97,,/public/form/start/25987221
/climate-change/,32165,science.nasa.gov,,,924,75.99,,/climate-change/
/manage-benefits/get-benefit-letter,32131,ssa.gov,,,925,76.0,,/manage-benefits/get-benefit-letter
/education/how-to-apply/,32031,va.gov,,,926,76.01,,/education/how-to-apply/
/passport,31998,usa.gov,,,927,76.02,,/passport
/goddard/esc/,31998,nasa.gov,,,928,76.03,,/goddard/esc/
/ship/mail-shipping-services.htm,31964,usps.com,,,929,76.05,,/ship/mail-shipping-services.htm
/cpi/,31897,bls.gov,,,930,76.06,,/cpi/
/fsa-id/sign-in/retrieve-account-details/found-your-info,31864,studentaid.gov,,,931,76.07,,/fsa-id/sign-in/retrieve-account-detai...
/staff_publications/all,31830,usitc.gov,,,932,76.08,,/staff_publications/all
/account-creation/edit-2fa-mobile,31797,myaccount.uscis.gov,,,933,76.09,,/account-creation/edit-2fa-mobile
/investigate,31764,fbi.gov,,,934,76.11,,/investigate
/i-130,31730,uscis.gov,,,935,76.12,,/i-130
/yose/index.htm,31730,nps.gov,,,936,76.13,,/yose/index.htm
/health-care/file-travel-pay-reimbursement/,31596,va.gov,,,937,76.14,,/health-care/file-travel-pay-reimburse...
/mpn/grad/landing,31596,studentaid.gov,,,938,76.16,,/mpn/grad/landing
/content/travel/en/us-visas/immigrate/diversity-visa-program-entry/diversity-visa-submit-entry1.html,31563,travel.state.gov,,,939,76.17,,/content/travel/en/us-visas/immigrate/...
/explorecareers/explore-careers.aspx,31529,careeronestop.org,,,940,76.18,,/explorecareers/explore-careers.aspx
/payments/pay-business-taxes-from-your-bank-account,31529,irs.gov,,,941,76.19,,/payments/pay-business-taxes-from-your...
/IV/Login.aspx,31496,ceac.state.gov,,,942,76.2,,/IV/Login.aspx
/portal/forms/neweditform.aspx,31496,publicportal.eeoc.gov,,,943,76.22,,/portal/forms/neweditform.aspx
/founding-docs/declaration-transcript,31496,archives.gov,,,944,76.23,,/founding-docs/declaration-transcript
/benefits/calculators/,31429,ssa.gov,,,945,76.24,,/benefits/calculators/
/tools/primer-blast/primertool.cgi,31429,ncbi.nlm.nih.gov,,,946,76.25,,/tools/primer-blast/primertool.cgi
/resources/signing-in-to-vagov/,31429,va.gov,,,947,76.26,,/resources/signing-in-to-vagov/
/vpv404/,31396,courses.lincs.ed.gov,,,948,76.28,,/vpv404/
/payments/eftps-the-electronic-federal-tax-payment-system,31362,irs.gov,,,949,76.29,,/payments/eftps-the-electronic-federal...
/services/treasury-auctions,31362,home.treasury.gov,,,950,76.3,,/services/treasury-auctions
/ewx/,31329,weather.gov,,,951,76.31,,/ewx/
/ossnap/public/sex,31329,secure.ssa.gov,,,952,76.32,,/ossnap/public/sex
/store/myaccount/orderdetail.jsp,31295,store.usps.com,,,953,76.34,,/store/myaccount/orderdetail.jsp
/credits-and-deductions-for-individuals,31295,irs.gov,,,954,76.35,,/credits-and-deductions-for-individual...
/plus-app/parent/landing,31262,studentaid.gov,,,955,76.36,,/plus-app/parent/landing
/CEACStatTracker/Status.aspx,31229,ceac.state.gov,,,956,76.37,,/CEACStatTracker/Status.aspx
/nihdatabook/report/400,31095,report.nih.gov,,,957,76.38,,/nihdatabook/report/400
/inspections-compliance-enforcement-and-criminal-investigations/compliance-actions-and-activities/warning-letters,31061,fda.gov,,,958,76.4,,/inspections-compliance-enforcement-an...
/health-care/,30994,va.gov,,,959,76.41,,/health-care/
/media/photo/gallery.htm,30961,nps.gov,,,960,76.42,,/media/photo/gallery.htm
/dashboard/edit-doc,30894,ttp.cbp.dhs.gov,,,961,76.43,,/dashboard/edit-doc
/m/trackconfirmaction_detail,30894,m.usps.com,,,962,76.44,,/m/trackconfirmaction_detail
/searchresult,30861,hudhomestore.gov,,,963,76.45,,/searchresult
/help,30827,i94.cbp.dhs.gov,,,964,76.47,,/help
/i-90,30794,uscis.gov,,,965,76.48,,/i-90
/commenton/epa-hq-oar-2025-0194-0093,30794,regulations.gov,,,966,76.49,,/commenton/epa-hq-oar-2025-0194-0093
/webform/ice-tip-form,30727,ice.gov,,,967,76.5,,/webform/ice-tip-form
/safety/recalls-market-withdrawals-safety-alerts,30694,fda.gov,,,968,76.51,,/safety/recalls-market-withdrawals-saf...
/tax-professionals,30660,irs.gov,,,969,76.53,,/tax-professionals
/find-locations,30560,va.gov,,,970,76.54,,/find-locations
/account-creation/verify-2fa,30560,myaccount.uscis.gov,,,971,76.55,,/account-creation/verify-2fa
/oii/firmprofile.htm,30526,datadashboard.fda.gov,,,972,76.56,,/oii/firmprofile.htm
/help-center,30426,studentaid.gov,,,973,76.57,,/help-center
/content/travel/en/passports/have-passport/change-correct.html,30359,travel.state.gov,,,974,76.58,,/content/travel/en/passports/have-pass...
/cgi/inchi,30326,webbook.nist.gov,,,975,76.59,,/cgi/inchi
/citizenship,30326,uscis.gov,,,976,76.61,,/citizenship
/wanted/fugitives,30259,fbi.gov,,,977,76.62,,/wanted/fugitives
/health-care/manage-appointments/,30259,va.gov,,,978,76.63,,/health-care/manage-appointments/
/sciencv/,30225,ncbi.nlm.nih.gov,,,979,76.64,,/sciencv/
/help/trouble-signing-in/overview/,30192,login.gov,,,980,76.65,,/help/trouble-signing-in/overview/
/es-co/niv,30192,ais.usvisa-info.com,,,981,76.66,,/es-co/niv
/scripts/cder/ob/patent_info.cfm,30192,accessdata.fda.gov,,,982,76.68,,/scripts/cder/ob/patent_info.cfm
/my-health/appointments/schedule/location,30159,www.va.gov,,,983,76.69,,/my-health/appointments/schedule/locat...
/enroll/book-appointment,30159,tsaprecheckbyclear.tsa.dhs.gov,,,984,76.7,,/enroll/book-appointment
/news-release/nasa-sets-coverage-for-spacex-34th-station-resupply-launch-arrival/,30159,nasa.gov,,,985,76.71,,/news-release/nasa-sets-coverage-for-s...
/gtwo.php,30125,nhc.noaa.gov,,,986,76.72,,/gtwo.php
/agencies/whd/fmla/forms,29958,dol.gov,,,987,76.73,,/agencies/whd/fmla/forms
/pt-br/niv,29958,ais.usvisa-info.com,,,988,76.74,,/pt-br/niv
/articles/pmc3316925/,29958,pmc.ncbi.nlm.nih.gov,,,989,76.76,,/articles/pmc3316925/
/form/confirmation,29925,reportfraud.ftc.gov,,,990,76.77,,/form/confirmation
/oncologytoolbox/canmed/ndconc/,29925,seer.cancer.gov,,,991,76.78,,/oncologytoolbox/canmed/ndconc/
/applyfordisability/index.htm,29925,ssa.gov,,,992,76.79,,/applyfordisability/index.htm
/disability/file-disability-claim-form-21-526ez/,29891,va.gov,,,993,76.8,,/disability/file-disability-claim-form...
/scheduler/home/select-activity,29858,portal.usaccess.gsa.gov,,,994,76.81,,/scheduler/home/select-activity
/store/checkout/shippingmethodpm.jsp,29858,store.usps.com,,,995,76.82,,/store/checkout/shippingmethodpm.jsp
/mission/hubble/multimedia/hubble-images/,29824,science.nasa.gov,,,996,76.84,,/mission/hubble/multimedia/hubble-imag...
/public/unavailable,29791,pay.gov,,,997,76.85,,/public/unavailable
/ossnap/public/yourNameSomeoneElse,29691,secure.ssa.gov,,,998,76.86,,/ossnap/public/yourNameSomeoneElse
/nihdatabook/report/401,29657,report.nih.gov,,,999,76.87,,/nihdatabook/report/401
/8116670/,29657,pubmed.ncbi.nlm.nih.gov,,,1000,76.88,,/8116670/
/form/information,29590,www.identitytheft.gov,,,1001,76.89,,/form/information
/my-health/appointments/schedule,29557,va.gov,,,1002,76.9,,/my-health/appointments/schedule
/comment-error,29557,www.regulations.gov,,,1003,76.92,,/comment-error
/amc-travel-site/amc-space-available-travel-page/,29557,amc.af.mil,,,1004,76.93,,/amc-travel-site/amc-space-available-t...
/personal-record,29456,ssa.gov,,,1005,76.94,,/personal-record
/user/login,29423,bja.ojp.gov,,,1006,76.95,,/user/login
/entreg/registrationgatewayaction_input,29423,reg.usps.com,,,1007,76.96,,/entreg/registrationgatewayaction_inpu...
/manage-benefits/make-an-appointment/appointment-questionnaire/get-or-submit-documents,29423,www.ssa.gov,,,1008,76.97,,/manage-benefits/make-an-appointment/a...
/public/do/eagendaviewrule,29390,reginfo.gov,,,1009,76.98,,/public/do/eagendaviewrule
/Search,29356,www.usajobs.gov,,,1010,76.99,,/Search
/prepare/check-eligibility-for-benefits/questionnaire/previously-married,29356,www.ssa.gov,,,1011,77.01,,/prepare/check-eligibility-for-benefit...
/ru/globe-community/blogs/community-blogs,29323,globe.gov,,,1012,77.02,,/ru/globe-community/blogs/community-bl...
/es/job-based-help/,29289,cuidadodesalud.gov,,,1013,77.03,,/es/job-based-help/
/apod/ap260430.html,29222,apod.nasa.gov,,,1014,77.04,,/apod/ap260430.html
/health-care/appointment-check-in/travel-mileage,29222,www.va.gov,,,1015,77.05,,/health-care/appointment-check-in/trav...
/filing/individuals/how-to-file,29189,irs.gov,,,1016,77.06,,/filing/individuals/how-to-file
/help/trouble-signing-in/how-to-sign-in/,28988,login.gov,,,1017,77.07,,/help/trouble-signing-in/how-to-sign-i...
/loan-simulator/repayment/wizard/personal-info/dependents,28988,studentaid.gov,,,1018,77.08,,/loan-simulator/repayment/wizard/perso...
/oun/,28955,weather.gov,,,1019,77.09,,/oun/
/cn/en/,28922,ustraveldocs.com,,,1020,77.11,,/cn/en/
/mission/hubble/multimedia/,28922,science.nasa.gov,,,1021,77.12,,/mission/hubble/multimedia/
/es/visas-es/,28888,mx.usembassy.gov,,,1022,77.13,,/es/visas-es/
/complaint/credit-and-consumer-reporting-complaint-notice/,28855,consumerfinance.gov,,,1023,77.14,,/complaint/credit-and-consumer-reporti...
/scheduler/home/select-activity/find-site,28855,portal.usaccess.gsa.gov,,,1024,77.15,,/scheduler/home/select-activity/find-s...
/health-care/appointment-pre-check-in/contact-information,28821,www.va.gov,,,1025,77.16,,/health-care/appointment-pre-check-in/...
/education/gi-bill-comparison-tool/,28821,va.gov,,,1026,77.17,,/education/gi-bill-comparison-tool/
/education/check-remaining-post-9-11-gi-bill-benefits/,28821,va.gov,,,1027,77.18,,/education/check-remaining-post-9-11-g...
/content/travel/en/us-visas/visa-reciprocity-and-civil-documents-by-country.html,28754,travel.state.gov,,,1028,77.19,,/content/travel/en/us-visas/visa-recip...
/research/topics/uaps/photographs,28754,archives.gov,,,1029,77.2,,/research/topics/uaps/photographs
/media/press-releases/press-release-view/article/4480437/centcom-protects-us-warships-transiting-strait-of-hormuz/,28721,centcom.mil,,,1030,77.22,,/media/press-releases/press-release-vi...
/for-beneficiaries/mhs-genesis,28721,dha.mil,,,1031,77.23,,/for-beneficiaries/mhs-genesis
/workspace/em/entities/non-federal/update,28687,sam.gov,,,1032,77.24,,/workspace/em/entities/non-federal/upd...
/newsroom/irs-releases-tax-inflation-adjustments-for-tax-year-2026-including-amendments-from-the-one-big-beautiful-bill,28687,irs.gov,,,1033,77.25,,/newsroom/irs-releases-tax-inflation-a...
/entities/non-federal/update,28654,sam.gov,,,1034,77.26,,/entities/non-federal/update
/advisory-committees/advisory-committee-calendar,28654,fda.gov,,,1035,77.27,,/advisory-committees/advisory-committe...
/site-search.aspx,28654,careeronestop.org,,,1036,77.28,,/site-search.aspx
/retirement-plans/plan-participant-employee/retirement-topics-ira-contribution-limits,28587,irs.gov,,,1037,77.29,,/retirement-plans/plan-participant-emp...
/prepare/check-eligibility-for-benefits/questionnaire/essentials-benefits,28587,www.ssa.gov,,,1038,77.3,,/prepare/check-eligibility-for-benefit...
/policy-data-oversight/pay-leave/federal-holidays/,28554,opm.gov,,,1039,77.31,,/policy-data-oversight/pay-leave/feder...
/e-services,28520,irs.gov,,,1040,77.33,,/e-services
/IV/IVSummary.aspx,28420,ceac.state.gov,,,1041,77.34,,/IV/IVSummary.aspx
/512.html,28420,tsp.gov,,,1042,77.35,,/512.html
/servlet/singlerpt/singlerpt,28420,itis.gov,,,1043,77.36,,/servlet/singlerpt/singlerpt
/epstein/doj-disclosures/data-set-12-files,28387,justice.gov,,,1044,77.37,,/epstein/doj-disclosures/data-set-12-f...
/businesses,28387,irs.gov,,,1045,77.38,,/businesses
/retirement-center/,28353,opm.gov,,,1046,77.39,,/retirement-center/
/form/Consumer,28286,www.identitytheft.gov,,,1047,77.4,,/form/Consumer
/registration,28286,fmcsa.dot.gov,,,1048,77.41,,/registration
/health-care/appointment-check-in/travel-review,28219,www.va.gov,,,1049,77.42,,/health-care/appointment-check-in/trav...
/job-based-help/,28219,healthcare.gov,,,1050,77.43,,/job-based-help/
/benefit-finder,28219,usa.gov,,,1051,77.44,,/benefit-finder
/forms-pubs/about-form-1040,28186,irs.gov,,,1052,77.46,,/forms-pubs/about-form-1040
/store/stamps/forever/_/n-1uq0tor,28152,store.usps.com,,,1053,77.47,,/store/stamps/forever/_/n-1uq0tor
/savings-bonds/savings-bond-calculator/,28119,treasurydirect.gov,,,1054,77.48,,/savings-bonds/savings-bond-calculator...
/faqs/irs-procedures/address-changes,28119,irs.gov,,,1055,77.49,,/faqs/irs-procedures/address-changes
/journals/,28086,pmc.ncbi.nlm.nih.gov,,,1056,77.5,,/journals/
/filing/where-to-file-paper-tax-returns-with-or-without-a-payment,28052,irs.gov,,,1057,77.51,,/filing/where-to-file-paper-tax-return...
/health-care/appointment-check-in/travel-address,28019,www.va.gov,,,1058,77.52,,/health-care/appointment-check-in/trav...
/number-card/request-number-first-time,28019,ssa.gov,,,1059,77.53,,/number-card/request-number-first-time
/apply/ssi,28019,ssa.gov,,,1060,77.54,,/apply/ssi
/about/news/press-release/us-department-of-education-opens-title-ix-investigation-all-womens-smith-college-admitting-men,27985,ed.gov,,,1061,77.55,,/about/news/press-release/us-departmen...
/travel-transportation-rates/per-diem/per-diem-rate-lookup/,27985,travel.dod.mil,,,1062,77.56,,/travel-transportation-rates/per-diem/...
/loan-simulator/repayment/wizard/personal-info/spouse-income,27952,studentaid.gov,,,1063,77.57,,/loan-simulator/repayment/wizard/perso...
/gallery/artemis-ii-splashdown-and-recovery/,27918,nasa.gov,,,1064,77.58,,/gallery/artemis-ii-splashdown-and-rec...
/reports/awards/standard,27918,sam.gov,,,1065,77.59,,/reports/awards/standard
/createGroup,27918,esta.cbp.dhs.gov,,,1066,77.61,,/createGroup
/funding-programs/loans,27885,sba.gov,,,1067,77.62,,/funding-programs/loans
/clinvar/,27885,ncbi.nlm.nih.gov,,,1068,77.63,,/clinvar/
/content/travel/en/passports/need-passport/card.html,27852,travel.state.gov,,,1069,77.64,,/content/travel/en/passports/need-pass...
/myaccount/statement.html,27818,ssa.gov,,,1070,77.65,,/myaccount/statement.html
/genniv/,27785,ceac.state.gov,,,1071,77.66,,/genniv/
/manage-benefits/update-direct-deposit,27718,ssa.gov,,,1072,77.67,,/manage-benefits/update-direct-deposit
/article/2026/04/24/sba-sends-562000-suspected-fraudulent-loans-treasury-collections-totaling-22-billion,27684,sba.gov,,,1073,77.68,,/article/2026/04/24/sba-sends-562000-s...
/family-and-caregiver-benefits/health-and-disability/champva/,27651,va.gov,,,1074,77.69,,/family-and-caregiver-benefits/health-...
/enroll/finalize/confirmation,27651,tsaprecheckbyclear.tsa.dhs.gov,,,1075,77.7,,/enroll/finalize/confirmation
/helping-americans/housing-choice-vouchers-tenants,27651,www.hud.gov,,,1076,77.71,,/helping-americans/housing-choice-vouc...
/animations/,27584,gmao.gsfc.nasa.gov,,,1077,77.72,,/animations/
/plus-app/grad/getting-started,27584,studentaid.gov,,,1078,77.73,,/plus-app/grad/getting-started
/ship/welcome.htm,27551,usps.com,,,1079,77.74,,/ship/welcome.htm
/health-care/appointment-check-in/travel-vehicle,27484,www.va.gov,,,1080,77.75,,/health-care/appointment-check-in/trav...
/contact-us/ask-va/introduction,27450,www.va.gov,,,1081,77.76,,/contact-us/ask-va/introduction
/feg/find.do,27450,fueleconomy.gov,,,1082,77.77,,/feg/find.do
/prepare/check-eligibility-for-benefits/questionnaire/unable-to-work-timing,27450,www.ssa.gov,,,1083,77.79,,/prepare/check-eligibility-for-benefit...
/help/ita,27450,irs.gov,,,1084,77.8,,/help/ita
/epstein/doj-disclosures/bop-video-footage,27383,justice.gov,,,1085,77.81,,/epstein/doj-disclosures/bop-video-foo...
/store/myaccount/addressbook.jsp,27350,store.usps.com,,,1086,77.82,,/store/myaccount/addressbook.jsp
/earth/facts/,27350,science.nasa.gov,,,1087,77.83,,/earth/facts/
/visaapplicantui/home/dashboard/requests,27317,www.usvisaappt.com,,,1088,77.84,,/visaapplicantui/home/dashboard/reques...
/findapark/index.htm,27317,nps.gov,,,1089,77.85,,/findapark/index.htm
/talk-to-someone,27317,medicare.gov,,,1090,77.86,,/talk-to-someone
/working-in-government/unique-hiring-paths/public,27317,help.usajobs.gov,,,1091,77.87,,/working-in-government/unique-hiring-p...
/capabilities/outgassing-database/,27283,etd.gsfc.nasa.gov,,,1092,77.88,,/capabilities/outgassing-database/
/resources/programs,27250,fsa.usda.gov,,,1093,77.89,,/resources/programs
/vaccines/hcp/imz-schedules/child-adolescent-age.html,27216,cdc.gov,,,1094,77.9,,/vaccines/hcp/imz-schedules/child-adol...
/s/connect-to-recruiter/success,27216,careers.cbp.gov,,,1095,77.91,,/s/connect-to-recruiter/success
/login.aspx,27183,usaperformance.opm.gov,,,1096,77.92,,/login.aspx
/ossnap/public/relationshipToIndividual,27183,secure.ssa.gov,,,1097,77.93,,/ossnap/public/relationshipToIndividua...
/plus-app/grad/student-info,27016,studentaid.gov,,,1098,77.94,,/plus-app/grad/student-info
/trade/programs-administration/trade-remedies/ieepa-duty-refunds,26982,cbp.gov,,,1099,77.95,,/trade/programs-administration/trade-r...
/cn/en/nonimmigrant-visa,26949,ustraveldocs.com,,,1100,77.96,,/cn/en/nonimmigrant-visa
/manage-va-debt/summary/copay-balances,26915,va.gov,,,1101,77.97,,/manage-va-debt/summary/copay-balances
/dashboard/update-doc-confirmation,26782,ttp.cbp.dhs.gov,,,1102,77.98,,/dashboard/update-doc-confirmation
/newsroom/national-media-release/cbp-seizure-firearm-suppressor-jfk-leads-connecticut-arrest-and,26782,cbp.gov,,,1103,77.99,,/newsroom/national-media-release/cbp-s...
/complaint/credit-and-consumer-reporting-complaint-notice-2/,26782,consumerfinance.gov,,,1104,78.0,,/complaint/credit-and-consumer-reporti...
/datasets/il/il2026,26715,huduser.gov,,,1105,78.01,,/datasets/il/il2026
/certauthv3/forms/nihpivredirector.aspx,26715,auth.nih.gov,,,1106,78.02,,/certauthv3/forms/nihpivredirector.asp...
/help/manage-your-account/delete-your-account/,26681,login.gov,,,1107,78.03,,/help/manage-your-account/delete-your-...
/identity-theft-fraud-scams/retrieve-your-ip-pin,26614,irs.gov,,,1108,78.04,,/identity-theft-fraud-scams/retrieve-y...
/apod/,26581,apod.nasa.gov,,,1109,78.05,,/apod/
/GenNIV/General/complete/complete_securityandbackground5.aspx,26581,ceac.state.gov,,,1110,78.06,,/GenNIV/General/complete/complete_secu...
/benefits,26548,ssa.gov,,,1111,78.07,,/benefits
/payments/payment-plans-installment-agreements,26514,irs.gov,,,1112,78.08,,/payments/payment-plans-installment-ag...
/benefits/retirement/planner/agereduction.html,26481,ssa.gov,,,1113,78.09,,/benefits/retirement/planner/agereduct...
/datasets/il/il2026/summary,26481,huduser.gov,,,1114,78.1,,/datasets/il/il2026/summary
/help/welcome-to-secure-messaging,26447,irs.gov,,,1115,78.11,,/help/welcome-to-secure-messaging
/businesses/small-businesses-self-employed/limited-liability-company-llc,26447,irs.gov,,,1116,78.12,,/businesses/small-businesses-self-empl...
/loan-simulator/hardship/wizard/your-situation/yearly-salary,26414,studentaid.gov,,,1117,78.14,,/loan-simulator/hardship/wizard/your-s...
/about-sba/open-government/about-sbagov-website/sba-account-login-registration-portals,26414,sba.gov,,,1118,78.15,,/about-sba/open-government/about-sbago...
/health-topics.html,26380,cdc.gov,,,1119,78.16,,/health-topics.html
/s/search-careers,26347,careers.cbp.gov,,,1120,78.17,,/s/search-careers
/bmx/,26347,weather.gov,,,1121,78.18,,/bmx/
/content/travel/en/passports/how-apply/citizenship-evidence.html,26247,travel.state.gov,,,1122,78.19,,/content/travel/en/passports/how-apply...
/loan-simulator/repayment/wizard/loan-info/enter-spouses-loan,26247,studentaid.gov,,,1123,78.2,,/loan-simulator/repayment/wizard/loan-...
/blue-campaign,26247,dhs.gov,,,1124,78.21,,/blue-campaign
/GenNIV/General/complete/complete_travel.aspx,26213,ceac.state.gov,,,1125,78.22,,/GenNIV/General/complete/complete_trav...
/public/a/myaccount,26213,pay.gov,,,1126,78.23,,/public/a/myaccount
/ship/packages.htm,26213,usps.com,,,1127,78.24,,/ship/packages.htm
/gateway/complete,26146,reg.usps.com,,,1128,78.25,,/gateway/complete
/education/check-remaining-post-9-11-gi-bill-benefits/status/,26146,va.gov,,,1129,78.26,,/education/check-remaining-post-9-11-g...
/newsroom/press-releases/2026-42-sec-proposes-amendments-permit-optional-semiannual-reporting-public-companies,26146,sec.gov,,,1130,78.27,,/newsroom/press-releases/2026-42-sec-p...
/trademarks/apply,26080,uspto.gov,,,1131,78.28,,/trademarks/apply
/update,26046,esta.cbp.dhs.gov,,,1132,78.29,,/update
/browse/index/far,25946,acquisition.gov,,,1133,78.3,,/browse/index/far
/apod/ap260429.html,25912,apod.nasa.gov,,,1134,78.31,,/apod/ap260429.html
/program-selection/membership-orientation,25912,ttp.cbp.dhs.gov,,,1135,78.32,,/program-selection/membership-orientat...
/GenNIV/General/ESign/Complete_Done_Confirmation.aspx,25879,ceac.state.gov,,,1136,78.33,,/GenNIV/General/ESign/Complete_Done_Co...
/vpv404/search/results.htm,25879,usps.com,,,1137,78.34,,/vpv404/search/results.htm
/newsreleases/search,25879,epa.gov,,,1138,78.34,,/newsreleases/search
/universe/black-holes/,25845,science.nasa.gov,,,1139,78.35,,/universe/black-holes/
/msba/meetings,25812,doingbusiness.msfc.nasa.gov,,,1140,78.36,,/msba/meetings
/contactus/public-housing-contacts,25745,www.hud.gov,,,1141,78.37,,/contactus/public-housing-contacts
/articles/pmc7904519/,25745,pmc.ncbi.nlm.nih.gov,,,1142,78.38,,/articles/pmc7904519/
/pubwebapp/,25712,ppubs.uspto.gov,,,1143,78.39,,/pubwebapp/
/about/regions/west-region,25678,tricare.mil,,,1144,78.4,,/about/regions/west-region
/GenNIV/General/complete/complete_contact.aspx,25678,ceac.state.gov,,,1145,78.41,,/GenNIV/General/complete/complete_cont...
/portal/firmette,25611,msc.fema.gov,,,1146,78.42,,/portal/firmette
/GenNIV/General/complete/complete_workeducation1.aspx,25578,ceac.state.gov,,,1147,78.43,,/GenNIV/General/complete/complete_work...
/application/-1/view-application,25478,ttp.cbp.dhs.gov,,,1148,78.44,,/application/-1/view-application
/eyes/,25444,science.nasa.gov,,,1149,78.45,,/eyes/
/stations/,25444,afdc.energy.gov,,,1150,78.46,,/stations/
/apps/informed-delivery.htm,25411,usps.com,,,1151,78.47,,/apps/informed-delivery.htm
/job/867872100,25377,usajobs.gov,,,1152,78.48,,/job/867872100
/tin/taxpayer-identification-numbers-tin,25377,irs.gov,,,1153,78.49,,/tin/taxpayer-identification-numbers-t...
/veterans-and-families/,25344,cem.va.gov,,,1154,78.5,,/veterans-and-families/
/profile/contact-information,25310,www.va.gov,,,1155,78.51,,/profile/contact-information
/flood-maps,25277,fema.gov,,,1156,78.52,,/flood-maps
/twic,25244,tsa.gov,,,1157,78.53,,/twic
/benefits/retirement/planner/whileworking.html,25244,ssa.gov,,,1158,78.54,,/benefits/retirement/planner/whilework...
/dailymed/lookup.cfm,25244,dailymed.nlm.nih.gov,,,1159,78.55,,/dailymed/lookup.cfm
/profile/personal-information,25244,www.va.gov,,,1160,78.56,,/profile/personal-information
/toolkit/jobs/find-jobs-results.aspx,25210,careeronestop.org,,,1161,78.57,,/toolkit/jobs/find-jobs-results.aspx
/research-web/,25210,research.gov,,,1162,78.58,,/research-web/
/apod/ap260214.html,25177,apod.nasa.gov,,,1163,78.59,,/apod/ap260214.html
/portal/MailPieceItemDetail/4,25177,informeddelivery.usps.com,,,1164,78.6,,/portal/MailPieceItemDetail/4
/content/travel/en/news/visas-news.html,25143,travel.state.gov,,,1165,78.61,,/content/travel/en/news/visas-news.htm...
/jko/,25110,jcs.mil,,,1166,78.62,,/jko/
/record/ui,25043,meshb.nlm.nih.gov,,,1167,78.63,,/record/ui
/charities-and-nonprofits,25010,irs.gov,,,1168,78.64,,/charities-and-nonprofits
/processingtimes,25010,flag.dol.gov,,,1169,78.65,,/processingtimes
/press-releases/article/4482533/coast-guard-terminates-illegal-charter-voyage-near-ana-maria-island/,24976,news.uscg.mil,,,1170,78.66,,/press-releases/article/4482533/coast-...
/survivor/eligibility,24943,ssa.gov,,,1171,78.66,,/survivor/eligibility
/GenNIV/General/review/review_reviewpersonal.aspx,24909,ceac.state.gov,,,1172,78.67,,/GenNIV/General/review/review_reviewpe...
/disability/about-disability-ratings/,24876,va.gov,,,1173,78.68,,/disability/about-disability-ratings/
/GenNIV/General/complete/complete_family1.aspx,24876,ceac.state.gov,,,1174,78.69,,/GenNIV/General/complete/complete_fami...
/GenNIV/General/complete/complete_personal.aspx,24809,ceac.state.gov,,,1175,78.7,,/GenNIV/General/complete/complete_pers...
/GenNIV/General/complete/complete_previousustravel.aspx,24809,ceac.state.gov,,,1176,78.71,,/GenNIV/General/complete/complete_prev...
/GenNIV/General/complete/complete_personalcont.aspx,24809,ceac.state.gov,,,1177,78.72,,/GenNIV/General/complete/complete_pers...
/app/tsa-precheck-ktn-look-up,24742,tsaprecheckbytelos.tsa.dhs.gov,,,1178,78.73,,/app/tsa-precheck-ktn-look-up
/apod/ap260101.html,24742,apod.nasa.gov,,,1179,78.74,,/apod/ap260101.html
/news/feature-articles/hantavirus-risk-maps,24709,earthdata.nasa.gov,,,1180,78.75,,/news/feature-articles/hantavirus-risk...
/records/,24675,va.gov,,,1181,78.76,,/records/
/press-releases/,24675,state.gov,,,1182,78.77,,/press-releases/
/is/,24675,training.fema.gov,,,1183,78.78,,/is/
/ebuy/pkce/callback,24675,ebuy.gsa.gov,,,1184,78.79,,/ebuy/pkce/callback
/help/verify-your-identity/issues-verifying-my-personal-information/,24642,login.gov,,,1185,78.8,,/help/verify-your-identity/issues-veri...
/mission/webb/,24608,science.nasa.gov,,,1186,78.81,,/mission/webb/
/complaint/credit-and-consumer-reporting-complaint-notice-3/,24608,consumerfinance.gov,,,1187,78.82,,/complaint/credit-and-consumer-reporti...
/precheck/required-identification,24575,tsa.gov,,,1188,78.83,,/precheck/required-identification
/getstarted,24575,sam.gov,,,1189,78.83,,/getstarted
/goes/conus.php,24541,star.nesdis.noaa.gov,,,1190,78.84,,/goes/conus.php
/GenNIV/General/complete/complete_travelcompanions.aspx,24541,ceac.state.gov,,,1191,78.85,,/GenNIV/General/complete/complete_trav...
/ship/priority-mail-express.htm,24541,usps.com,,,1192,78.86,,/ship/priority-mail-express.htm
/far-overhaul,24508,acquisition.gov,,,1193,78.87,,/far-overhaul
/entities/non-federal,24508,sam.gov,,,1194,78.88,,/entities/non-federal
/education/verify-school-enrollment/,24475,va.gov,,,1195,78.89,,/education/verify-school-enrollment/
/GenNIV/General/complete/Passport_Visa_Info.aspx,24475,ceac.state.gov,,,1196,78.9,,/GenNIV/General/complete/Passport_Visa...
/GenNIV/General/complete/complete_workeducation2.aspx,24408,ceac.state.gov,,,1197,78.91,,/GenNIV/General/complete/complete_work...
/ooh/a-z-index.htm,24408,bls.gov,,,1198,78.92,,/ooh/a-z-index.htm
/basics/get-started-with-medicare/sign-up/when-can-i-sign-up-for-medicare,24408,medicare.gov,,,1199,78.93,,/basics/get-started-with-medicare/sign...
/es/payments/online-account-for-individuals,24374,irs.gov,,,1200,78.94,,/es/payments/online-account-for-indivi...
/nmvtis_vehiclehistory,24341,vehiclehistory.bja.ojp.gov,,,1201,78.95,,/nmvtis_vehiclehistory
/es/caseinformation/,24307,acis.eoir.justice.gov,,,1202,78.96,,/es/caseinformation/
/opa/pr/former-nfl-player-sentenced-over-16-years-prison-197m-medicare-fraud,24307,justice.gov,,,1203,78.97,,/opa/pr/former-nfl-player-sentenced-ov...
/understand-aid/types/scholarships,24274,studentaid.gov,,,1204,78.98,,/understand-aid/types/scholarships
/share-price-history/,24274,tsp.gov,,,1205,78.98,,/share-price-history/
/collections/,24207,eol.jsc.nasa.gov,,,1206,78.99,,/collections/
/usao-sdny/pr/former-police-officer-sentenced-four-consecutive-life-sentences-2016-quadruple-murder,24174,justice.gov,,,1207,79.0,,/usao-sdny/pr/former-police-officer-se...
/fsa-id/help/recover-account,24174,studentaid.gov,,,1208,79.01,,/fsa-id/help/recover-account
/militarymembers/payentitlements/pay-tables/basic-pay/em/,24174,dfas.mil,,,1209,79.02,,/militarymembers/payentitlements/pay-t...
/profile/financial-information,24140,www.va.gov,,,1210,79.03,,/profile/financial-information
/GenNIV/General/complete/complete_securityandbackground1.aspx,24140,ceac.state.gov,,,1211,79.04,,/GenNIV/General/complete/complete_secu...
/refunds/reduced-refund,24073,irs.gov,,,1212,79.05,,/refunds/reduced-refund
/GenNIV/General/complete/complete_uscontact.aspx,24073,ceac.state.gov,,,1213,79.06,,/GenNIV/General/complete/complete_usco...
/geo/,24073,ncbi.nlm.nih.gov,,,1214,79.07,,/geo/
/table,24007,data.census.gov,,,1215,79.08,,/table
/founding-docs/constitution-transcript,23973,archives.gov,,,1216,79.09,,/founding-docs/constitution-transcript
/fr/globe-community/blogs/community-blogs,23973,globe.gov,,,1217,79.09,,/fr/globe-community/blogs/community-bl...
/jtwc/jtwc.html,23940,metoc.navy.mil,,,1218,79.1,,/jtwc/jtwc.html
/exoplanets/,23906,science.nasa.gov,,,1219,79.11,,/exoplanets/
/image-detail/amf-art002e015231/,23873,nasa.gov,,,1220,79.12,,/image-detail/amf-art002e015231/
/about/regions/east-region,23873,tricare.mil,,,1221,79.13,,/about/regions/east-region
/volcanoes/kilauea/volcano-updates,23839,usgs.gov,,,1222,79.14,,/volcanoes/kilauea/volcano-updates
/retirement/timing-first-payment,23806,ssa.gov,,,1223,79.15,,/retirement/timing-first-payment
/safety/medwatch-fda-safety-information-and-adverse-event-reporting-program,23806,fda.gov,,,1224,79.16,,/safety/medwatch-fda-safety-informatio...
/workspace/profile/account-details,23806,sam.gov,,,1225,79.17,,/workspace/profile/account-details
/triexplorer/release_fac_profile,23772,enviro.epa.gov,,,1226,79.18,,/triexplorer/release_fac_profile
/GenNIV/General/review/review_reviewtravel.aspx,23739,ceac.state.gov,,,1227,79.19,,/GenNIV/General/review/review_reviewtr...
/han/php/notices/han00528.html,23706,cdc.gov,,,1228,79.2,,/han/php/notices/han00528.html
/web920/per_diem.asp,23639,allowances.state.gov,,,1229,79.2,,/web920/per_diem.asp
/yose/planyourvisit/conditions.htm,23605,nps.gov,,,1230,79.21,,/yose/planyourvisit/conditions.htm
/informeddelivery/register,23605,reg.usps.com,,,1231,79.22,,/informeddelivery/register
/study,23605,clinicaltrials.gov,,,1232,79.23,,/study
/region/conus/standard,23572,radar.weather.gov,,,1233,79.24,,/region/conus/standard
/check-tax-status,23572,usa.gov,,,1234,79.25,,/check-tax-status
/mission/hubble/,23538,science.nasa.gov,,,1235,79.26,,/mission/hubble/
/help/refunds.htm,23438,usps.com,,,1236,79.27,,/help/refunds.htm
/GenNIV/General/complete/complete_workeducation3.aspx,23438,ceac.state.gov,,,1237,79.28,,/GenNIV/General/complete/complete_work...
/medigap-supplemental-insurance-plans/,23371,medicare.gov,,,1238,79.29,,/medigap-supplemental-insurance-plans/
/es-cr/niv/users/sign_in,23371,ais.usvisa-info.com,,,1239,79.29,,/es-cr/niv/users/sign_in
/GenNIV/General/review/review_reviewFamily.aspx,23371,ceac.state.gov,,,1240,79.3,,/GenNIV/General/review/review_reviewFa...
/announcements-events/fafsa-support,23304,studentaid.gov,,,1241,79.31,,/announcements-events/fafsa-support
/all,23304,data.census.gov,,,1242,79.32,,/all
/manage/package-intercept.htm,23271,usps.com,,,1243,79.33,,/manage/package-intercept.htm
/news/en/press/releases/2026-05-08.html,23271,ssa.gov,,,1244,79.34,,/news/en/press/releases/2026-05-08.htm...
/@@search,23238,fbi.gov,,,1245,79.35,,/@@search
/loan-simulator/repayment/wizard/personal-info/retirement-contributions,23238,studentaid.gov,,,1246,79.36,,/loan-simulator/repayment/wizard/perso...
/en/international-travel/travel-advisories/smart-traveler-enrollment-program.html,23238,travel.state.gov,,,1247,79.37,,/en/international-travel/travel-adviso...
/itable/,23238,apps.bea.gov,,,1248,79.37,,/itable/
/GenNIV/General/complete/complete_securityandbackground2.aspx,23171,ceac.state.gov,,,1249,79.38,,/GenNIV/General/complete/complete_secu...
/prepare/check-eligibility-for-benefits/questionnaire/spouse-pass-away,23171,www.ssa.gov,,,1250,79.39,,/prepare/check-eligibility-for-benefit...
/articles/pmc7101103/,23137,pmc.ncbi.nlm.nih.gov,,,1251,79.4,,/articles/pmc7101103/
/medicare/sign-up/part-b-only,23137,ssa.gov,,,1252,79.41,,/medicare/sign-up/part-b-only
/GenNIV/General/complete/complete_securityandbackground4.aspx,23104,ceac.state.gov,,,1253,79.42,,/GenNIV/General/complete/complete_secu...
/GenNIV/General/review/review_reviewWorkEducation.aspx,23104,ceac.state.gov,,,1254,79.43,,/GenNIV/General/review/review_reviewWo...
/topics/poverty-economic-mobility/poverty-guidelines,23037,aspe.hhs.gov,,,1255,79.44,,/topics/poverty-economic-mobility/pove...
/form/comments,23037,www.identitytheft.gov,,,1256,79.44,,/form/comments
/known-exploited-vulnerabilities-catalog,23003,cisa.gov,,,1257,79.45,,/known-exploited-vulnerabilities-catal...
/health-care/review-medical-records/,23003,va.gov,,,1258,79.46,,/health-care/review-medical-records/
/support/create-case/,23003,support.nlm.nih.gov,,,1259,79.47,,/support/create-case/
/travel/frequently-asked-questions/i-forgot-my-known-traveler-number-ktn-how-do-i-find-it,23003,tsa.gov,,,1260,79.48,,/travel/frequently-asked-questions/i-f...
/eddm/select-routes.htm,23003,eddm.usps.com,,,1261,79.49,,/eddm/select-routes.htm
/GenNIV/General/complete/complete_securityandbackground3.aspx,23003,ceac.state.gov,,,1262,79.5,,/GenNIV/General/complete/complete_secu...
/products/ask-the-experts,22970,energystar.gov,,,1263,79.51,,/products/ask-the-experts
/green-card,22970,uscis.gov,,,1264,79.52,,/green-card
/loan-simulator/hardship/wizard/your-situation/marital-status,22937,studentaid.gov,,,1265,79.52,,/loan-simulator/hardship/wizard/your-s...
/apprenticeship-job-finder,22903,apprenticeship.gov,,,1266,79.53,,/apprenticeship-job-finder
/glac/index.htm,22870,nps.gov,,,1267,79.54,,/glac/index.htm
/agencies/whd/fmla,22870,dol.gov,,,1268,79.55,,/agencies/whd/fmla
/wanted/topten,22870,fbi.gov,,,1269,79.56,,/wanted/topten
/prepare/check-eligibility-for-benefits/questionnaire/unable-to-work-when,22870,www.ssa.gov,,,1270,79.57,,/prepare/check-eligibility-for-benefit...
/eoir/find-immigration-court-and-access-internet-based-hearings,22836,justice.gov,,,1271,79.58,,/eoir/find-immigration-court-and-acces...
/public/search/global,22836,pay.gov,,,1272,79.59,,/public/search/global
/portal/homepage.aspx,22836,publicportal.eeoc.gov,,,1273,79.59,,/portal/homepage.aspx
/loan-simulator/hardship/wizard/your-situation/dependents,22803,studentaid.gov,,,1274,79.6,,/loan-simulator/hardship/wizard/your-s...
/form/Summary,22803,www.identitytheft.gov,,,1275,79.61,,/form/Summary
/modify-order.htm,22803,tools.usps.com,,,1276,79.62,,/modify-order.htm
/menu/earth/,22769,spaceplace.nasa.gov,,,1277,79.63,,/menu/earth/
/GenNIV/General/review/review_reviewsecurity.aspx,22736,ceac.state.gov,,,1278,79.64,,/GenNIV/General/review/review_reviewse...
/far-overhaul/far-part-deviation-guide,22736,acquisition.gov,,,1279,79.65,,/far-overhaul/far-part-deviation-guide
/auctions/announcements-data-results/,22703,treasurydirect.gov,,,1280,79.65,,/auctions/announcements-data-results/
/apod/ap260428.html,22703,apod.nasa.gov,,,1281,79.66,,/apod/ap260428.html
/content/travel/en/us-visas/visa-information-resources/photos/photo-composition-template.html,22669,travel.state.gov,,,1282,79.67,,/content/travel/en/us-visas/visa-infor...
/screener/check-eligibility/,22636,www.healthcare.gov,,,1283,79.68,,/screener/check-eligibility/
/basics/get-started-with-medicare/get-more-coverage/your-coverage-options,22636,medicare.gov,,,1284,79.69,,/basics/get-started-with-medicare/get-...
/mesh,22602,ncbi.nlm.nih.gov,,,1285,79.7,,/mesh
/account,22602,www.identitytheft.gov,,,1286,79.71,,/account
/travel/trusted-traveler-programs/global-entry/enrollment-centers,22602,cbp.gov,,,1287,79.72,,/travel/trusted-traveler-programs/glob...
/loan-simulator/hardship/wizard/your-situation/hardship-situation,22602,studentaid.gov,,,1288,79.72,,/loan-simulator/hardship/wizard/your-s...
/veterans,22569,archives.gov,,,1289,79.73,,/veterans
/GenNIV/General/review/review_reviewUSContact.aspx,22569,ceac.state.gov,,,1290,79.74,,/GenNIV/General/review/review_reviewUS...
/advantage/,22502,gsaadvantage.gov,,,1291,79.75,,/advantage/
/plus-app/grad/loan-info,22468,studentaid.gov,,,1292,79.76,,/plus-app/grad/loan-info
/registration/registration-forms,22468,fmcsa.dot.gov,,,1293,79.77,,/registration/registration-forms
/news.release/empsit.nr0.htm,22402,bls.gov,,,1294,79.78,,/news.release/empsit.nr0.htm
/education/check-remaining-post-9-11-gi-bill-benefits/status,22402,va.gov,,,1295,79.78,,/education/check-remaining-post-9-11-g...
/epstein/doj-disclosures/data-set-2-files,22368,justice.gov,,,1296,79.79,,/epstein/doj-disclosures/data-set-2-fi...
/fns-documents-resources-compact-view,22368,fns.usda.gov,,,1297,79.8,,/fns-documents-resources-compact-view
/GenNIV/General/review/review_reviewlocation.aspx,22368,ceac.state.gov,,,1298,79.81,,/GenNIV/General/review/review_reviewlo...
/loan-simulator/hardship/wizard/loan-info/confirm-current-loan/current,22335,studentaid.gov,,,1299,79.82,,/loan-simulator/hardship/wizard/loan-i...
/advantage/ws/main/start_page,22335,www.gsaadvantage.gov,,,1300,79.83,,/advantage/ws/main/start_page
/oicweb/,22335,onlineclaims.usps.com,,,1301,79.84,,/oicweb/
/education/exchange-programs/,22301,dz.usembassy.gov,,,1302,79.84,,/education/exchange-programs/
/file-online,22301,uscis.gov,,,1303,79.85,,/file-online
/education/gi-bill-comparison-tool/schools-and-employers/,22301,www.va.gov,,,1304,79.86,,/education/gi-bill-comparison-tool/sch...
/what-we-do/asset-forfeiture,22234,usmarshals.gov,,,1305,79.87,,/what-we-do/asset-forfeiture
/profile/service-history-information,22234,www.va.gov,,,1306,79.88,,/profile/service-history-information
/myaccount/lp/landing-page-upload-documents.html,22234,ssa.gov,,,1307,79.89,,/myaccount/lp/landing-page-upload-docu...
/calculator/extraservices,22201,postcalc.usps.com,,,1308,79.89,,/calculator/extraservices
/loan-simulator/hardship/results/(resultsPanel:options//infoPanel:info-panel),22201,studentaid.gov,,,1309,79.9,,/loan-simulator/hardship/results/(resu...
/ship/letters.htm,22201,usps.com,,,1310,79.91,,/ship/letters.htm
/text-tracking/welcome.htm,22168,usps.com,,,1311,79.92,,/text-tracking/welcome.htm
/content/travel/en/us-visas/immigrate/the-immigrant-visa-process/step-10-prepare-for-the-interview.html,22168,travel.state.gov,,,1312,79.93,,/content/travel/en/us-visas/immigrate/...
/ssi/eligibility,22134,ssa.gov,,,1313,79.94,,/ssi/eligibility
/disability/professionals/bluebook/adultlistings.htm,22101,ssa.gov,,,1314,79.95,,/disability/professionals/bluebook/adu...
/welcome/edgarlogin.htm,22067,edgarfiling.sec.gov,,,1315,79.95,,/welcome/edgarlogin.htm
/content/travel/en/news/visas-news/adjudicating-niv-applicants-in-their-country-of-residence.html,22067,travel.state.gov,,,1316,79.96,,/content/travel/en/news/visas-news/adj...
/quarterly-banking-profile,22067,fdic.gov,,,1317,79.97,,/quarterly-banking-profile
/send-your-name-with-artemis/,22067,www3.nasa.gov,,,1318,79.98,,/send-your-name-with-artemis/
/manageApplications,22034,esta.cbp.dhs.gov,,,1319,79.99,,/manageApplications
/education/gi-bill-comparison-tool/schools-and-employers,21934,www.va.gov,,,1320,80.0,,/education/gi-bill-comparison-tool/sch...
/medicare/part-d-extra-help,21900,ssa.gov,,,1321,80.0,,/medicare/part-d-extra-help
/privacy-policy,21900,state.gov,,,1322,80.01,,/privacy-policy
/human-nutrition-and-food-safety/dri-calculator,21867,nal.usda.gov,,,1323,80.02,,/human-nutrition-and-food-safety/dri-c...
/contact-us/ask-va/,21833,va.gov,,,1324,80.03,,/contact-us/ask-va/
/credits-and-deductions,21800,irs.gov,,,1325,80.04,,/credits-and-deductions
/is/crslist.aspx,21800,training.fema.gov,,,1326,80.05,,/is/crslist.aspx
/form/AdditionalInformation,21766,www.identitytheft.gov,,,1327,80.05,,/form/AdditionalInformation
/app/apply-for-tsa-precheck,21766,tsaprecheckbytelos.tsa.dhs.gov,,,1328,80.06,,/app/apply-for-tsa-precheck
/oact/babynames/decades/century.html,21766,ssa.gov,,,1329,80.07,,/oact/babynames/decades/century.html
/cui/index.html,21733,securityawareness.dcsa.mil,,,1330,80.08,,/cui/index.html
/faqs/en/,21733,ssa.gov,,,1331,80.09,,/faqs/en/
/content/travel/en/us-visas/immigrate/the-immigrant-visa-process/step-1-submit-a-petition/step-2-begin-nvc-processing.html,21733,travel.state.gov,,,1332,80.1,,/content/travel/en/us-visas/immigrate/...
/prepare/check-eligibility-for-benefits/questionnaire/divorced,21733,www.ssa.gov,,,1333,80.1,,/prepare/check-eligibility-for-benefit...
/wrh/hazards,21699,weather.gov,,,1334,80.11,,/wrh/hazards
/funding-programs/loans/make-payment-sba,21699,sba.gov,,,1335,80.12,,/funding-programs/loans/make-payment-s...
/tools/find-a-civil-surgeon,21666,uscis.gov,,,1336,80.13,,/tools/find-a-civil-surgeon
/enforcement/actions/,21633,consumerfinance.gov,,,1337,80.14,,/enforcement/actions/
/funding-programs/loans/covid-19-relief-options/paycheck-protection-program,21633,sba.gov,,,1338,80.15,,/funding-programs/loans/covid-19-relie...
/apod/ap260426.html,21633,apod.nasa.gov,,,1339,80.15,,/apod/ap260426.html
/oaa/logonflow.htm,21566,access.fda.gov,,,1340,80.16,,/oaa/logonflow.htm
/jobsearch/job-search.aspx,21532,careeronestop.org,,,1341,80.17,,/jobsearch/job-search.aspx
/es/screener/,21499,cuidadodesalud.gov,,,1342,80.18,,/es/screener/
/gallery/journey-to-the-moon/page/2/,21499,nasa.gov,,,1343,80.19,,/gallery/journey-to-the-moon/page/2/
/manage-benefits/make-an-appointment/appointment-questionnaire/results,21465,www.ssa.gov,,,1344,80.2,,/manage-benefits/make-an-appointment/a...
/job/847039500,21465,usajobs.gov,,,1345,80.2,,/job/847039500
/payments/penalties,21399,irs.gov,,,1346,80.21,,/payments/penalties
/content/travel/en/passports/passport-help/faqs.html,21365,travel.state.gov,,,1347,80.22,,/content/travel/en/passports/passport-...
/content/travel/en/us-visas/visa-information-resources/all-visa-categories.html,21365,travel.state.gov,,,1348,80.23,,/content/travel/en/us-visas/visa-infor...
/tax-professionals/tax-pro-account,21332,irs.gov,,,1349,80.24,,/tax-professionals/tax-pro-account
/consumer-tools/debt-collection/,21298,consumerfinance.gov,,,1350,80.24,,/consumer-tools/debt-collection/
/scripts/cder/ob/index.cfm,21231,accessdata.fda.gov,,,1351,80.25,,/scripts/cder/ob/index.cfm
/deltafilearchive,21165,sanctionslist.ofac.treas.gov,,,1352,80.26,,/deltafilearchive
/28697408/,21131,pubmed.ncbi.nlm.nih.gov,,,1353,80.27,,/28697408/
/buildings/tools-and-resources,21098,energystar.gov,,,1354,80.28,,/buildings/tools-and-resources
/ar-11,21031,uscis.gov,,,1355,80.28,,/ar-11
/careers/openings,21031,nsf.gov,,,1356,80.29,,/careers/openings
/groupStatus,21031,esta.cbp.dhs.gov,,,1357,80.3,,/groupStatus
/goes/conus_band.php,21031,star.nesdis.noaa.gov,,,1358,80.31,,/goes/conus_band.php
/home/deltafilearchive,20997,sanctionslist.ofac.treas.gov,,,1359,80.32,,/home/deltafilearchive
/GenNIV/Common/ConfirmApplicationID.aspx,20997,ceac.state.gov,,,1360,80.33,,/GenNIV/Common/ConfirmApplicationID.as...
/promoweb/campaignview.do,20964,prodpx-promotool.usps.com,,,1361,80.33,,/promoweb/campaignview.do
/gds/,20897,ncbi.nlm.nih.gov,,,1362,80.34,,/gds/
/healthy-pets/rodent-control/clean-up.html,20897,cdc.gov,,,1363,80.35,,/healthy-pets/rodent-control/clean-up....
/apod/ap260425.html,20897,apod.nasa.gov,,,1364,80.36,,/apod/ap260425.html
/case-status-search,20897,flag.dol.gov,,,1365,80.37,,/case-status-search
/ship/first-class-mail.htm,20897,usps.com,,,1366,80.37,,/ship/first-class-mail.htm
/web920/per_diem_action.asp,20897,allowances.state.gov,,,1367,80.38,,/web920/per_diem_action.asp
/s/applicant-resources/recruitment-and-retention-incentives,20864,careers.cbp.gov,,,1368,80.39,,/s/applicant-resources/recruitment-and...
/lsx/,20864,weather.gov,,,1369,80.4,,/lsx/
/auctions-and-sales,20830,usa.gov,,,1370,80.4,,/auctions-and-sales
/plus-app/grad/credit-check-authorization,20830,studentaid.gov,,,1371,80.41,,/plus-app/grad/credit-check-authorizat...
/finder/listings,20797,www.apprenticeship.gov,,,1372,80.42,,/finder/listings
/enroll.html,20730,ivs-sign.usps.com,,,1373,80.43,,/enroll.html
/GenNIV/General/esign/signtheapplication.aspx,20730,ceac.state.gov,,,1374,80.44,,/GenNIV/General/esign/signtheapplicati...
/announcements-events/big-updates,20730,studentaid.gov,,,1375,80.44,,/announcements-events/big-updates
/jupiter/jupiter-facts/,20696,science.nasa.gov,,,1376,80.45,,/jupiter/jupiter-facts/
/business/label-broker.htm,20696,usps.com,,,1377,80.46,,/business/label-broker.htm
/opa/pr/justice-department-notifies-fairfax-county-virginia-commonwealths-attorney-investigation-his,20696,justice.gov,,,1378,80.47,,/opa/pr/justice-department-notifies-fa...
/travel/trusted-traveler-programs/global-entry/enrollment-arrival,20663,cbp.gov,,,1379,80.48,,/travel/trusted-traveler-programs/glob...
/research/participate/clinical-trials-search/v,20663,cancer.gov,,,1380,80.48,,/research/participate/clinical-trials-...
/medicare/plan/when-to-sign-up,20630,ssa.gov,,,1381,80.49,,/medicare/plan/when-to-sign-up
/health-care/appointment-pre-check-in/complete,20630,www.va.gov,,,1382,80.5,,/health-care/appointment-pre-check-in/...
/public/iexplore/scripts/v15/getubernewsitem.php,20630,mobile.arc.nasa.gov,,,1383,80.51,,/public/iexplore/scripts/v15/getuberne...
/plus-app/grad/submit,20630,studentaid.gov,,,1384,80.52,,/plus-app/grad/submit
/health-care/appointment-pre-check-in/emergency-contact,20596,www.va.gov,,,1385,80.52,,/health-care/appointment-pre-check-in/...
/travel/international-visitors/i-94,20596,cbp.gov,,,1386,80.53,,/travel/international-visitors/i-94
/news/nta-blog/tens-of-millions-of-taxpayers-may-be-eligible-for-significant-tax-refunds/2026/04/,20529,taxpayeradvocate.irs.gov,,,1387,80.54,,/news/nta-blog/tens-of-millions-of-tax...
/content/travel/en/passports/need-passport/16-17.html,20529,travel.state.gov,,,1388,80.55,,/content/travel/en/passports/need-pass...
/help/how-to-know-its-the-irs,20529,irs.gov,,,1389,80.56,,/help/how-to-know-its-the-irs
/app/virtual-care-manager,20496,mobile.va.gov,,,1390,80.56,,/app/virtual-care-manager
/west,20462,tricare.mil,,,1391,80.57,,/west
/cui/story.html,20429,securityawareness.dcsa.mil,,,1392,80.58,,/cui/story.html
/evusStatus,20429,www.evus.gov,,,1393,80.59,,/evusStatus
/apply/appeal-decision-we-made,20396,ssa.gov,,,1394,80.59,,/apply/appeal-decision-we-made
/ebuy/seller,20396,www.ebuy.gsa.gov,,,1395,80.6,,/ebuy/seller
/about-us/where-can-people-get-help-medicaid-chip,20362,medicaid.gov,,,1396,80.61,,/about-us/where-can-people-get-help-me...
/elibrary/search,20362,elibrary.ferc.gov,,,1397,80.62,,/elibrary/search
/resources/the-pact-act-and-your-va-benefits/,20329,va.gov,,,1398,80.63,,/resources/the-pact-act-and-your-va-be...
/health-drug-plans/part-d,20262,medicare.gov,,,1399,80.63,,/health-drug-plans/part-d
/policy/,20262,login.gov,,,1400,80.64,,/policy/
/portal/unsubscribe/success,20262,informeddelivery.usps.com,,,1401,80.65,,/portal/unsubscribe/success
/apply/return-saved-application,20228,ssa.gov,,,1402,80.66,,/apply/return-saved-application
/job/867414600,20228,usajobs.gov,,,1403,80.66,,/job/867414600
/content/travel/en/us-visas/study/student-visa.html,20228,travel.state.gov,,,1404,80.67,,/content/travel/en/us-visas/study/stud...
/i-864,20195,uscis.gov,,,1405,80.68,,/i-864
/portal/settings,20195,informeddelivery.usps.com,,,1406,80.69,,/portal/settings
/disability/file-disability-claim-form-21-526ez/veteran-information,20161,www.va.gov,,,1407,80.69,,/disability/file-disability-claim-form...
/cubesat-builder-game/en/,20161,spaceplace.nasa.gov,,,1408,80.7,,/cubesat-builder-game/en/
/en-et/niv/users/sign_in,20161,ais.usvisa-info.com,,,1409,80.71,,/en-et/niv/users/sign_in
/rules-policy/final-rules/,20161,consumerfinance.gov,,,1410,80.72,,/rules-policy/final-rules/
/auth-terms-disclosure,20161,sam.gov,,,1411,80.73,,/auth-terms-disclosure
/friendship-festival/,20128,yokota.af.mil,,,1412,80.73,,/friendship-festival/
/workspace/em/getstarted,20128,sam.gov,,,1413,80.74,,/workspace/em/getstarted
/forms/filing-fees,20128,uscis.gov,,,1414,80.75,,/forms/filing-fees
/portal/mailpiecedash,20128,informeddelivery.usps.com,,,1415,80.76,,/portal/mailpiecedash
/eadmin/action/homepage,20128,gateway.usps.com,,,1416,80.76,,/eadmin/action/homepage
/precheck/faq,20128,tsa.gov,,,1417,80.77,,/precheck/faq
/live/,20095,nasa.gov,,,1418,80.78,,/live/
/topoview/viewer/,20095,ngmdb.usgs.gov,,,1419,80.79,,/topoview/viewer/
/store/results/free-shipping-supplies/shipping-supplies/_/n-alnx4jz7d0v8v,20095,store.usps.com,,,1420,80.79,,/store/results/free-shipping-supplies/...
/content/travel/en/passports/how-apply/identification.html,20061,travel.state.gov,,,1421,80.8,,/content/travel/en/passports/how-apply...
/borrower-defense/,20061,studentaid.gov,,,1422,80.81,,/borrower-defense/
/workspace/profile/feeds,20061,sam.gov,,,1423,80.82,,/workspace/profile/feeds
/health-care/appointment-pre-check-in/next-of-kin,20061,www.va.gov,,,1424,80.83,,/health-care/appointment-pre-check-in/...
/apod/ap260427.html,20061,apod.nasa.gov,,,1425,80.83,,/apod/ap260427.html
/mercury/facts/,20028,science.nasa.gov,,,1426,80.84,,/mercury/facts/
/yell/planyourvisit/conditions.htm,20028,nps.gov,,,1427,80.85,,/yell/planyourvisit/conditions.htm
/therealcost,20028,teen.smokefree.gov,,,1428,80.86,,/therealcost
/contact/field-offices,20028,ice.gov,,,1429,80.86,,/contact/field-offices
/references/messages/navadmin-2026/,20028,mynavyhr.navy.mil,,,1430,80.87,,/references/messages/navadmin-2026/
/venus/venus-facts/,20028,science.nasa.gov,,,1431,80.88,,/venus/venus-facts/
/qr.htm,19961,tools.usps.com,,,1432,80.89,,/qr.htm
/verify.aspx,19927,exclusions.oig.hhs.gov,,,1433,80.89,,/verify.aspx
/contact/customer-service,19927,tsa.gov,,,1434,80.9,,/contact/customer-service
/travel/trusted-traveler-programs/global-entry/eligibility,19927,cbp.gov,,,1435,80.91,,/travel/trusted-traveler-programs/glob...
/myncbi/collections/mybibliography/,19894,ncbi.nlm.nih.gov,,,1436,80.92,,/myncbi/collections/mybibliography/
/ords/imis/establishment.html,19894,osha.gov,,,1437,80.92,,/ords/imis/establishment.html
/scripts/cdrh/cfdocs/cfpcd/classification.cfm,19894,accessdata.fda.gov,,,1438,80.93,,/scripts/cdrh/cfdocs/cfpcd/classificat...
/content/travel/en/us-visas/tourism-visit/visa-waiver-program.html,19827,travel.state.gov,,,1439,80.94,,/content/travel/en/us-visas/tourism-vi...
/rules-policy/petitions-rulemaking/,19827,consumerfinance.gov,,,1440,80.95,,/rules-policy/petitions-rulemaking/
/apod/ap260424.html,19794,apod.nasa.gov,,,1441,80.96,,/apod/ap260424.html
/plus-app/parent/getting-started,19794,studentaid.gov,,,1442,80.96,,/plus-app/parent/getting-started
/drugs,19727,fda.gov,,,1443,80.97,,/drugs
/apps/asteroids/,19727,eyes.nasa.gov,,,1444,80.98,,/apps/asteroids/
/ebuy/,19727,www.ebuy.gsa.gov,,,1445,80.99,,/ebuy/
/ranks/,19693,army.mil,,,1446,80.99,,/ranks/
/registration/ask-fmcsa,19693,fmcsa.dot.gov,,,1447,81.0,,/registration/ask-fmcsa
/form/suspect,19693,www.identitytheft.gov,,,1448,81.01,,/form/suspect
/apply-for-aid/fafsa/filling-out,19693,studentaid.gov,,,1449,81.02,,/apply-for-aid/fafsa/filling-out
/jan/,19693,weather.gov,,,1450,81.02,,/jan/
/ship/ground-advantage.htm,19660,usps.com,,,1451,81.03,,/ship/ground-advantage.htm
/mpn/grad/subunsub/information,19660,studentaid.gov,,,1452,81.04,,/mpn/grad/subunsub/information
/saturn/facts/,19660,science.nasa.gov,,,1453,81.05,,/saturn/facts/
/g-1450,19627,uscis.gov,,,1454,81.05,,/g-1450
/menu/sun/,19627,spaceplace.nasa.gov,,,1455,81.06,,/menu/sun/
/planyourvisit/event-details.htm,19593,nps.gov,,,1456,81.07,,/planyourvisit/event-details.htm
/ffc/,19560,weather.gov,,,1457,81.08,,/ffc/
/content/travel/en/us-visas/visa-information-resources/ask-nvc.html,19526,travel.state.gov,,,1458,81.08,,/content/travel/en/us-visas/visa-infor...
/digital-collections/search/noaa-voices/interview,19493,noaa.gov,,,1459,81.09,,/digital-collections/search/noaa-voice...
/articles/pmc12781160/,19493,pmc.ncbi.nlm.nih.gov,,,1460,81.1,,/articles/pmc12781160/
/consumer-tools/educator-tools/youth-financial-education/teach/activities/,19493,consumerfinance.gov,,,1461,81.11,,/consumer-tools/educator-tools/youth-f...
/en/visa-wizard/,19493,common.usembassy.gov,,,1462,81.11,,/en/visa-wizard/
/rules-policy/rules-under-development/,19493,consumerfinance.gov,,,1463,81.12,,/rules-policy/rules-under-development/
/forms-pubs/prior-year,19493,irs.gov,,,1464,81.13,,/forms-pubs/prior-year
/earth/,19493,science.nasa.gov,,,1465,81.14,,/earth/
/periodic-table/,19493,pubchem.ncbi.nlm.nih.gov,,,1466,81.14,,/periodic-table/
/apply-adult-passport,19459,usa.gov,,,1467,81.15,,/apply-adult-passport
/savings-bonds/i-bonds/,19426,treasurydirect.gov,,,1468,81.16,,/savings-bonds/i-bonds/
/s/article/informed-delivery-the-basics,19426,faq.usps.com,,,1469,81.16,,/s/article/informed-delivery-the-basic...
/news-events/news/press-releases/2026/04/ftc-takes-action-against-noncompete-agreements-securing-protections-workers,19359,ftc.gov,,,1470,81.17,,/news-events/news/press-releases/2026/...
/scripts/cder/ob/results_product.cfm,19326,accessdata.fda.gov,,,1471,81.18,,/scripts/cder/ob/results_product.cfm
/access/metadata/landing-page/bin/iso,19326,ncei.noaa.gov,,,1472,81.19,,/access/metadata/landing-page/bin/iso
/store/product/sunflowers-stamps-s_685804,19292,store.usps.com,,,1473,81.19,,/store/product/sunflowers-stamps-s_685...
/helping-americans,19292,www.hud.gov,,,1474,81.2,,/helping-americans
/detail/awarddetail,19292,taggs.hhs.gov,,,1475,81.21,,/detail/awarddetail
/content/travel/en/news/visas-news/immigrant-visa-processing-updates-for-nationalities-at-high-risk-of-public-benefits-usage.html,19259,travel.state.gov,,,1476,81.22,,/content/travel/en/news/visas-news/imm...
/vpv404/composer/metapackage/readme.txt/,19225,atmosphere-imager.gsfc.nasa.gov,,,1477,81.22,,/vpv404/composer/metapackage/readme.tx...
/k12/students/careers/career-exploration.htm,19192,bls.gov,,,1478,81.23,,/k12/students/careers/career-explorati...
/gettingcare/virtualhealth/securepatientportal/securelogin/alllogins,19192,tricare.mil,,,1479,81.24,,/gettingcare/virtualhealth/securepatie...
/login/find-account-userid,19192,benefeds.gov,,,1480,81.25,,/login/find-account-userid
/en/international-travel/planning/guidance/europe.html,19192,travel.state.gov,,,1481,81.25,,/en/international-travel/planning/guid...
/articles/pmc9574657/,19192,pmc.ncbi.nlm.nih.gov,,,1482,81.26,,/articles/pmc9574657/
/food-search,19192,fdc.nal.usda.gov,,,1483,81.27,,/food-search
/gds,19125,ncbi.nlm.nih.gov,,,1484,81.28,,/gds
/geology/state/sgmc-unit.php,19125,mrdata.usgs.gov,,,1485,81.28,,/geology/state/sgmc-unit.php
/renewal/eligibility/eligibility,19092,tsaprecheckbyclear.tsa.dhs.gov,,,1486,81.29,,/renewal/eligibility/eligibility
/visaapplicantui/home/appointment/myappointment,19092,www.usvisaappt.com,,,1487,81.3,,/visaapplicantui/home/appointment/myap...
/poboxdetails.html,19092,poboxes.usps.com,,,1488,81.3,,/poboxdetails.html
/osg/supreme-court-briefs,19058,justice.gov,,,1489,81.31,,/osg/supreme-court-briefs
/mars/,19025,science.nasa.gov,,,1490,81.32,,/mars/
/patents/search,18991,uspto.gov,,,1491,81.33,,/patents/search
/family,18991,ssa.gov,,,1492,81.33,,/family
/esta/,18958,esta.cbp.dhs.gov,,,1493,81.34,,/esta/
/imagery/satellite-maps/earth-real-time,18958,nesdis.noaa.gov,,,1494,81.35,,/imagery/satellite-maps/earth-real-tim...
/fsa-id/sign-in/verify-two-step/app,18924,studentaid.gov,,,1495,81.36,,/fsa-id/sign-in/verify-two-step/app
/articles/pmc9686047/,18924,pmc.ncbi.nlm.nih.gov,,,1496,81.36,,/articles/pmc9686047/
/fsa-id/help/recover-account/personal-info,18891,studentaid.gov,,,1497,81.37,,/fsa-id/help/recover-account/personal-...
/media/video/view.htm,18891,nps.gov,,,1498,81.38,,/media/video/view.htm
/mpn/subunsub,18857,studentaid.gov,,,1499,81.38,,/mpn/subunsub
/basics/get-started-with-medicare/before-65,18857,medicare.gov,,,1500,81.39,,/basics/get-started-with-medicare/befo...
/ds/error/blocked_ip,18857,gsaadvantage.gov,,,1501,81.4,,/ds/error/blocked_ip
/portal/mailpieceitemdetail/1,18857,informeddelivery.usps.com,,,1502,81.41,,/portal/mailpieceitemdetail/1
/content/travel/en/passports/have-passport/lost-stolen.html,18824,travel.state.gov,,,1503,81.41,,/content/travel/en/passports/have-pass...
/plus-app/parent/student-info,18824,studentaid.gov,,,1504,81.42,,/plus-app/parent/student-info
/s/article/delayed-mail-and-packages,18757,faq.usps.com,,,1505,81.43,,/s/article/delayed-mail-and-packages
/profile/request-role,18757,sam.gov,,,1506,81.43,,/profile/request-role
/lot/,18724,weather.gov,,,1507,81.44,,/lot/
/h/apply-for-aid,18724,studentaid.gov,,,1508,81.45,,/h/apply-for-aid
/loan-simulator/repayment/results/plan/(resultsPanel:consolidation-results-panel//infoPanel:info-panel),18724,studentaid.gov,,,1509,81.46,,/loan-simulator/repayment/results/plan...
/apod/ap260423.html,18724,apod.nasa.gov,,,1510,81.46,,/apod/ap260423.html
/articles/pmc4631235/,18724,pmc.ncbi.nlm.nih.gov,,,1511,81.47,,/articles/pmc4631235/
/content/travel/en/legal/visa-law0/visa-bulletin/2026/visa-bulletin-for-april-2026.html,18724,travel.state.gov,,,1512,81.48,,/content/travel/en/legal/visa-law0/vis...
/help/create-account/overview/,18690,login.gov,,,1513,81.48,,/help/create-account/overview/
/146512/hiring-veterans-jobs-week-may-4-2026/,18690,news.va.gov,,,1514,81.49,,/146512/hiring-veterans-jobs-week-may-...
/glac/planyourvisit/conditions.htm,18690,nps.gov,,,1515,81.5,,/glac/planyourvisit/conditions.htm
/go/trackconfirmaction!input,18690,tools.usps.com,,,1516,81.51,,/go/trackconfirmaction!input
/usao-dc/pr/former-walgreens-store-manager-sentenced-her-role-seven-inside-job-drug-store-robberies,18657,justice.gov,,,1517,81.51,,/usao-dc/pr/former-walgreens-store-man...
/publications/p590b,18657,irs.gov,,,1518,81.52,,/publications/p590b
/image-detail/art002e009288/,18623,nasa.gov,,,1519,81.53,,/image-detail/art002e009288/
/wage-data/wage-search,18623,flag.dol.gov,,,1520,81.53,,/wage-data/wage-search
/planyourvisit/pickup-pass-locations.htm,18623,nps.gov,,,1521,81.54,,/planyourvisit/pickup-pass-locations.h...
/etsurge/index.php,18623,slosh.nws.noaa.gov,,,1522,81.55,,/etsurge/index.php
/myaccount/create.html,18623,ssa.gov,,,1523,81.56,,/myaccount/create.html
/disability/file-disability-claim-form-21-526ez/contact-information,18623,www.va.gov,,,1524,81.56,,/disability/file-disability-claim-form...
/disability/file-disability-claim-form-21-526ez/review-veteran-details/military-service-history,18590,www.va.gov,,,1525,81.57,,/disability/file-disability-claim-form...
/owcplogin/,18523,owcpconnect.dol.gov,,,1526,81.58,,/owcplogin/
/funding-programs/loans/covid-19-relief-options/paycheck-protection-program/ppp-loan-forgiveness,18523,sba.gov,,,1527,81.58,,/funding-programs/loans/covid-19-relie...
/learning-resources/nasa-kids-club/,18523,nasa.gov,,,1528,81.59,,/learning-resources/nasa-kids-club/
/station/kfws/standard,18490,radar.weather.gov,,,1529,81.6,,/station/kfws/standard
/es/web/greece/home/news,18490,globe.gov,,,1530,81.61,,/es/web/greece/home/news
/newsroom/service-alerts/,18490,about.usps.com,,,1531,81.61,,/newsroom/service-alerts/
/content/travel/en/passports/how-apply/form-finder.html,18490,travel.state.gov,,,1532,81.62,,/content/travel/en/passports/how-apply...
/health-care/manage-prescriptions-medications/,18456,va.gov,,,1533,81.63,,/health-care/manage-prescriptions-medi...
/tax-professionals/standard-mileage-rates,18423,irs.gov,,,1534,81.63,,/tax-professionals/standard-mileage-ra...
/disability/file-disability-claim-form-21-526ez/housing-situation,18423,www.va.gov,,,1535,81.64,,/disability/file-disability-claim-form...
/langley/science/,18389,nasa.gov,,,1536,81.65,,/langley/science/
/get-help-from-accredited-representative/find-rep/,18356,va.gov,,,1537,81.65,,/get-help-from-accredited-representati...
/ticks/after-a-tick-bite/index.html,18356,cdc.gov,,,1538,81.66,,/ticks/after-a-tick-bite/index.html
/help/trouble-signing-in/issues-with-authentication-methods/,18356,login.gov,,,1539,81.67,,/help/trouble-signing-in/issues-with-a...
/research,18356,archives.gov,,,1540,81.68,,/research
/public/home/browse-payments,18356,pay.gov,,,1541,81.68,,/public/home/browse-payments
/filing/where-to-file-tax-returns-addresses-listed-by-return-type,18323,irs.gov,,,1542,81.69,,/filing/where-to-file-tax-returns-addr...
/understand-aid/types/work-study,18323,studentaid.gov,,,1543,81.7,,/understand-aid/types/work-study
/data-research/prepaid-accounts/search-agreements/,18323,consumerfinance.gov,,,1544,81.7,,/data-research/prepaid-accounts/search...
/disability/file-disability-claim-form-21-526ez/terminally-ill,18323,www.va.gov,,,1545,81.71,,/disability/file-disability-claim-form...
/content/travel/en/contact-us/passports.html,18289,travel.state.gov,,,1546,81.72,,/content/travel/en/contact-us/passport...
/ooh/architecture-and-engineering/home.htm,18289,bls.gov,,,1547,81.72,,/ooh/architecture-and-engineering/home...
/cqs_case_review,18289,ecomp.dol.gov,,,1548,81.73,,/cqs_case_review
/articles/pmc2880890/,18256,pmc.ncbi.nlm.nih.gov,,,1549,81.74,,/articles/pmc2880890/
/help/verify-your-identity/how-to-take-photos-to-verify-your-identity/,18256,login.gov,,,1550,81.75,,/help/verify-your-identity/how-to-take...
/mpn/grad/subunsub/information/school,18256,studentaid.gov,,,1551,81.75,,/mpn/grad/subunsub/information/school
/toolkit/jobs/find-jobs-details.aspx,18222,careeronestop.org,,,1552,81.76,,/toolkit/jobs/find-jobs-details.aspx
/green-card/green-card-processes-and-procedures/visa-availability-priority-dates/adjustment-of-status-filing-charts-from-the-visa-bulletin,18222,uscis.gov,,,1553,81.77,,/green-card/green-card-processes-and-p...
/ords/imis/accidentsearch.search,18222,osha.gov,,,1554,81.77,,/ords/imis/accidentsearch.search
/citizenship/apply-for-naturalization,18189,uscis.gov,,,1555,81.78,,/citizenship/apply-for-naturalization
/moon/,18189,science.nasa.gov,,,1556,81.79,,/moon/
/es-do/niv/users/sign_in,18189,ais.usvisa-info.com,,,1557,81.79,,/es-do/niv/users/sign_in
/pm/login,18155,portfoliomanager.energystar.gov,,,1558,81.8,,/pm/login
/loan-simulator/repayment/wizard/personal-info/hsa,18122,studentaid.gov,,,1559,81.81,,/loan-simulator/repayment/wizard/perso...
/heat,18122,ready.gov,,,1560,81.82,,/heat
/help/creating-an-account-for-irsgov,18122,irs.gov,,,1561,81.82,,/help/creating-an-account-for-irsgov
/genbank/,18122,ncbi.nlm.nih.gov,,,1562,81.83,,/genbank/
/store/gifts,18088,store.usps.com,,,1563,81.84,,/store/gifts
/en-gb/niv/users/sign_in,18088,ais.usvisa-info.com,,,1564,81.84,,/en-gb/niv/users/sign_in
/auction/items,18088,irsauctions.gov,,,1565,81.85,,/auction/items
/content/travel/en/about-us/us-passport-visa-photo-tool-temporarily-unavailable.html,18055,travel.state.gov,,,1566,81.86,,/content/travel/en/about-us/us-passpor...
/store/myaccount/myuspsapplications.jsp,18055,store.usps.com,,,1567,81.86,,/store/myaccount/myuspsapplications.js...
/ocean-currents/en/,18022,spaceplace.nasa.gov,,,1568,81.87,,/ocean-currents/en/
/precheck/benefits,18022,tsa.gov,,,1569,81.88,,/precheck/benefits
/scheduler/home/select-activity/find-site/select-time,17988,portal.usaccess.gsa.gov,,,1570,81.88,,/scheduler/home/select-activity/find-s...
/apod/ap260510.html,17988,apod.nasa.gov,,,1571,81.89,,/apod/ap260510.html
/registration/form-mcs-150-and-instructions-motor-carrier-identification-report,17988,fmcsa.dot.gov,,,1572,81.9,,/registration/form-mcs-150-and-instruc...
/locations,17988,tsaprecheckbyclear.tsa.dhs.gov,,,1573,81.91,,/locations
/cui/quiz/story.html,17955,securityawareness.dcsa.mil,,,1574,81.91,,/cui/quiz/story.html
/plus-app/grad/confirmation/accepted,17955,studentaid.gov,,,1575,81.92,,/plus-app/grad/confirmation/accepted
/basics/costs,17921,medicare.gov,,,1576,81.93,,/basics/costs
/ords/sab/f,17921,sab.epa.gov,,,1577,81.93,,/ords/sab/f
/calculator,17888,postcalc.usps.com,,,1578,81.94,,/calculator
/toolkit/training/find-scholarships.aspx,17854,careeronestop.org,,,1579,81.95,,/toolkit/training/find-scholarships.as...
/es-cr/niv,17854,ais.usvisa-info.com,,,1580,81.95,,/es-cr/niv
/universe/,17854,science.nasa.gov,,,1581,81.96,,/universe/
/seasonal-forecasts/seasonal-decadal-analysis-prediction/,17788,gmao.gsfc.nasa.gov,,,1582,81.97,,/seasonal-forecasts/seasonal-decadal-a...
/books/nbk430685/,17788,ncbi.nlm.nih.gov,,,1583,81.97,,/books/nbk430685/
/electrical/flash-hazards,17788,osha.gov,,,1584,81.98,,/electrical/flash-hazards
/mpn/grad/subunsub/references,17788,studentaid.gov,,,1585,81.99,,/mpn/grad/subunsub/references
/get-help-from-accredited-representative/,17754,va.gov,,,1586,81.99,,/get-help-from-accredited-representati...
/citizenship/find-study-materials-and-resources/study-for-the-test,17754,uscis.gov,,,1587,82.0,,/citizenship/find-study-materials-and-...
/patent-file-wrapper/search,17754,data.uspto.gov,,,1588,82.01,,/patent-file-wrapper/search
/family-and-caregiver-benefits/,17721,va.gov,,,1589,82.01,,/family-and-caregiver-benefits/
/products/exper/enhtstm/,17721,spc.noaa.gov,,,1590,82.02,,/products/exper/enhtstm/
/enroll/payment,17654,tsaprecheckbyclear.tsa.dhs.gov,,,1591,82.03,,/enroll/payment
/manage-loans/lower-payments/get-temporary-relief,17654,studentaid.gov,,,1592,82.03,,/manage-loans/lower-payments/get-tempo...
/militarymembers/payentitlements/pay-tables/basic-pay/co/,17654,dfas.mil,,,1593,82.04,,/militarymembers/payentitlements/pay-t...
/ossnap/public/nonCitizenDocs,17654,secure.ssa.gov,,,1594,82.05,,/ossnap/public/nonCitizenDocs
/nims/,17620,training.fema.gov,,,1595,82.05,,/nims/
/research/jfk/release-2017-2018,17620,archives.gov,,,1596,82.06,,/research/jfk/release-2017-2018
/manage-benefits/view-benefit-payment-schedule,17620,ssa.gov,,,1597,82.07,,/manage-benefits/view-benefit-payment-...
/news/news-stories/,17587,war.gov,,,1598,82.07,,/news/news-stories/
/public/collection/confirm/102/,17587,pay.gov,,,1599,82.08,,/public/collection/confirm/102/
/drugs/development-approval-process-drugs/drug-approvals-and-databases,17554,fda.gov,,,1600,82.09,,/drugs/development-approval-process-dr...
/workspace/profile/feeds/notification,17554,sam.gov,,,1601,82.1,,/workspace/profile/feeds/notification
/content/travel/en/us-visas/study.html,17554,travel.state.gov,,,1602,82.1,,/content/travel/en/us-visas/study.html
/vpv404/error,17554,health.mil,,,1603,82.11,,/vpv404/error
/workspace/profile/sign-terms-of-use,17520,sam.gov,,,1604,82.12,,/workspace/profile/sign-terms-of-use
/products/aurora-viewline-tonight-and-tomorrow-night-experimental,17520,swpc.noaa.gov,,,1605,82.12,,/products/aurora-viewline-tonight-and-...
/ko/prior-year-forms-and-instructions,17520,irs.gov,,,1606,82.13,,/ko/prior-year-forms-and-instructions
/apod/ap260419.html,17520,apod.nasa.gov,,,1607,82.14,,/apod/ap260419.html
/oact/babynames/state/,17453,ssa.gov,,,1608,82.14,,/oact/babynames/state/
/menu/space/,17453,spaceplace.nasa.gov,,,1609,82.15,,/menu/space/
/education/eligibility/,17420,va.gov,,,1610,82.16,,/education/eligibility/
/apod/ap260421.html,17420,apod.nasa.gov,,,1611,82.16,,/apod/ap260421.html
/savings-bonds/cashing-a-bond/,17420,treasurydirect.gov,,,1612,82.17,,/savings-bonds/cashing-a-bond/
/k12/games/geography-quiz/,17420,bls.gov,,,1613,82.18,,/k12/games/geography-quiz/
/apod/ap260417.html,17386,apod.nasa.gov,,,1614,82.18,,/apod/ap260417.html
/benefits/,17386,benefits.va.gov,,,1615,82.19,,/benefits/
/money-orders.htm,17386,tools.usps.com,,,1616,82.2,,/money-orders.htm
/topics,17353,uscis.gov,,,1617,82.2,,/topics
/es/web/iceland/home/news,17353,globe.gov,,,1618,82.21,,/es/web/iceland/home/news
/check-wait-times,17353,dhs.gov,,,1619,82.22,,/check-wait-times
/directives/forms/,17353,esd.whs.mil,,,1620,82.22,,/directives/forms/
/disability/file-disability-claim-form-21-526ez/additional-disability-benefits,17353,www.va.gov,,,1621,82.23,,/disability/file-disability-claim-form...
/travel/tsa-cares/disabilities-and-medical-conditions,17353,tsa.gov,,,1622,82.24,,/travel/tsa-cares/disabilities-and-med...
/expert-search,17353,clinicaltrials.gov,,,1623,82.24,,/expert-search
/oes/tables.htm,17353,bls.gov,,,1624,82.25,,/oes/tables.htm
/mp/login.do,17319,my.americorps.gov,,,1625,82.25,,/mp/login.do
/sbir_sttr/,17319,nasa.gov,,,1626,82.26,,/sbir_sttr/
/login/account-link-success,17319,www.benefeds.gov,,,1627,82.27,,/login/account-link-success
/aq-dial-widget-signage/,17319,widget.airnow.gov,,,1628,82.27,,/aq-dial-widget-signage/
/explore-mars/en/,17319,spaceplace.nasa.gov,,,1629,82.28,,/explore-mars/en/
/es-pe/niv/users/sign_in,17286,ais.usvisa-info.com,,,1630,82.29,,/es-pe/niv/users/sign_in
/payments/offer-in-compromise,17286,irs.gov,,,1631,82.29,,/payments/offer-in-compromise
/apod/ap260422.html,17286,apod.nasa.gov,,,1632,82.3,,/apod/ap260422.html
/artemis-ii-mobile-wallpapers/,17286,nasa.gov,,,1633,82.31,,/artemis-ii-mobile-wallpapers/
/blog/en/posts/2026-05-08.html,17253,ssa.gov,,,1634,82.31,,/blog/en/posts/2026-05-08.html
/mission/webb/multimedia/images/,17253,science.nasa.gov,,,1635,82.32,,/mission/webb/multimedia/images/
/apod/ap260401.html,17253,apod.nasa.gov,,,1636,82.33,,/apod/ap260401.html
/mpn/grad/subunsub/agreements,17253,studentaid.gov,,,1637,82.33,,/mpn/grad/subunsub/agreements
/gettingcare/finddoctor,17253,tricare.mil,,,1638,82.34,,/gettingcare/finddoctor
/understand-aid/types/grants,17253,studentaid.gov,,,1639,82.35,,/understand-aid/types/grants
/snap/supplemental-nutrition-assistance-program,17219,fns.usda.gov,,,1640,82.35,,/snap/supplemental-nutrition-assistanc...
/mpn/grad/subunsub/agreements/2,17219,studentaid.gov,,,1641,82.36,,/mpn/grad/subunsub/agreements/2
/store/stamps/stamps/_/n-9y93lv,17186,store.usps.com,,,1642,82.37,,/store/stamps/stamps/_/n-9y93lv
/apod/ap260418.html,17152,apod.nasa.gov,,,1643,82.37,,/apod/ap260418.html
/mpn/grad/subunsub/agreements/3,17152,studentaid.gov,,,1644,82.38,,/mpn/grad/subunsub/agreements/3
/spotlights/,17152,war.gov,,,1645,82.39,,/spotlights/
/mpn/grad/subunsub/agreements/4,17152,studentaid.gov,,,1646,82.39,,/mpn/grad/subunsub/agreements/4
/myaccount/lp/landing-page-iclaim-save-with-account.html,17119,ssa.gov,,,1647,82.4,,/myaccount/lp/landing-page-iclaim-save...
/public/caiacallback,17119,pay.gov,,,1648,82.41,,/public/caiacallback
/forms-pubs/about-form-w-2,17085,irs.gov,,,1649,82.41,,/forms-pubs/about-form-w-2
/safety/recalls-market-withdrawals-safety-alerts/a2-platinum-usa-label-infant-formula-recalled-because-possible-health-risk,17085,fda.gov,,,1650,82.42,,/safety/recalls-market-withdrawals-saf...
/medicare/manage,17085,ssa.gov,,,1651,82.43,,/medicare/manage
/data-services,17085,sam.gov,,,1652,82.43,,/data-services
/s/career-paths/usbp,17052,careers.cbp.gov,,,1653,82.44,,/s/career-paths/usbp
/apod/ap260410.html,17052,apod.nasa.gov,,,1654,82.45,,/apod/ap260410.html
/usao/pressreleases,17052,justice.gov,,,1655,82.45,,/usao/pressreleases
/oicweb/claims_history,17052,onlineclaims.usps.com,,,1656,82.46,,/oicweb/claims_history
/articles/pmc7826498/,17052,pmc.ncbi.nlm.nih.gov,,,1657,82.47,,/articles/pmc7826498/
/oact/babynames/rankchange.html,17052,ssa.gov,,,1658,82.47,,/oact/babynames/rankchange.html
/id/303938024,17019,catalog.archives.gov,,,1659,82.48,,/id/303938024
/survivor/amount,17019,ssa.gov,,,1660,82.48,,/survivor/amount
/content/travel/en/us-visas/visa-information-resources/fees/fees-visa-services.html,17019,travel.state.gov,,,1661,82.49,,/content/travel/en/us-visas/visa-infor...
/public/do/eodetails,17019,reginfo.gov,,,1662,82.5,,/public/do/eodetails
/careers-employment/vocational-rehabilitation/,17019,va.gov,,,1663,82.5,,/careers-employment/vocational-rehabil...
/court-records/find-a-case-pacer,17019,uscourts.gov,,,1664,82.51,,/court-records/find-a-case-pacer
/mpn/grad/subunsub/agreements/5,16985,studentaid.gov,,,1665,82.52,,/mpn/grad/subunsub/agreements/5
/profile/financial-information/direct-deposit,16985,va.gov,,,1666,82.52,,/profile/financial-information/direct-...
/store/product/a-day-at-the-beach-stamps-s_685904,16985,store.usps.com,,,1667,82.53,,/store/product/a-day-at-the-beach-stam...
/food-safety/signs-symptoms/index.html,16952,cdc.gov,,,1668,82.54,,/food-safety/signs-symptoms/index.html
/content/travel/en/us-visas/immigrate/nvc-timeframes.html,16952,travel.state.gov,,,1669,82.54,,/content/travel/en/us-visas/immigrate/...
/latest/webapp/,16952,cde.ucr.cjis.gov,,,1670,82.55,,/latest/webapp/
/exit.cfm,16918,fhwa.dot.gov,,,1671,82.56,,/exit.cfm
/news.release/empsit.toc.htm,16918,bls.gov,,,1672,82.56,,/news.release/empsit.toc.htm
/yell/learn/photosmultimedia/webcams.htm,16885,nps.gov,,,1673,82.57,,/yell/learn/photosmultimedia/webcams.h...
/mpn/grad/subunsub/review,16885,studentaid.gov,,,1674,82.58,,/mpn/grad/subunsub/review
/human-nutrition-and-food-safety/dri-calculator/results,16851,nal.usda.gov,,,1675,82.58,,/human-nutrition-and-food-safety/dri-c...
/payments/types-of-payments-available-to-individuals-through-direct-pay,16851,irs.gov,,,1676,82.59,,/payments/types-of-payments-available-...
/eadmin/action/addservice/getservicetab,16851,gateway.usps.com,,,1677,82.59,,/eadmin/action/addservice/getserviceta...
/in/en/step-4,16851,ustraveldocs.com,,,1678,82.6,,/in/en/step-4
/mpn/grad/subunsub/submit,16851,studentaid.gov,,,1679,82.61,,/mpn/grad/subunsub/submit
/neptune/neptune-facts/,16818,science.nasa.gov,,,1680,82.61,,/neptune/neptune-facts/
/content/travel/en/us-visas/visa-information-resources/photos/photo-examples.html,16818,travel.state.gov,,,1681,82.62,,/content/travel/en/us-visas/visa-infor...
/disability/file-disability-claim-form-21-526ez/disabilities/summary,16818,www.va.gov,,,1682,82.63,,/disability/file-disability-claim-form...
/ords/imis/establishment.search,16818,osha.gov,,,1683,82.63,,/ords/imis/establishment.search
/store/product/us-flag-2025-stamps-s_124204,16818,store.usps.com,,,1684,82.64,,/store/product/us-flag-2025-stamps-s_1...
/products/md/,16818,spc.noaa.gov,,,1685,82.65,,/products/md/
/romo/index.htm,16818,nps.gov,,,1686,82.65,,/romo/index.htm
/proteinclusters,16785,ncbi.nlm.nih.gov,,,1687,82.66,,/proteinclusters
/forms-pubs/about-form-ss-4,16785,irs.gov,,,1688,82.67,,/forms-pubs/about-form-ss-4
/notices-index-search,16751,irs.gov,,,1689,82.67,,/notices-index-search
/apod/ap260411.html,16751,apod.nasa.gov,,,1690,82.68,,/apod/ap260411.html
/profile/dependents-and-contacts,16718,www.va.gov,,,1691,82.68,,/profile/dependents-and-contacts
/factsheets/ashwagandha-healthprofessional/,16718,ods.od.nih.gov,,,1692,82.69,,/factsheets/ashwagandha-healthprofessi...
/nchs/w2w/index.htm,16718,cdc.gov,,,1693,82.7,,/nchs/w2w/index.htm
/individuals/transcript-types-for-individuals-and-ways-to-order-them,16718,irs.gov,,,1694,82.7,,/individuals/transcript-types-for-indi...
/mpx/,16718,weather.gov,,,1695,82.71,,/mpx/
/owcplogin/clientlogin,16718,owcpconnect.dol.gov,,,1696,82.72,,/owcplogin/clientlogin
/es-mx/niv/information/niv_questions,16684,ais.usvisa-info.com,,,1697,82.72,,/es-mx/niv/information/niv_questions
/newsroom,16684,irs.gov,,,1698,82.73,,/newsroom
/yell/planyourvisit/parkroads.htm,16684,nps.gov,,,1699,82.74,,/yell/planyourvisit/parkroads.htm
/disability/file-disability-claim-form-21-526ez/supporting-evidence/orientation,16684,www.va.gov,,,1700,82.74,,/disability/file-disability-claim-form...
/GenNIV/default.aspx,16684,ceac.state.gov,,,1701,82.75,,/GenNIV/default.aspx
/en-us/countries_list/iv,16684,ais.usvisa-info.com,,,1702,82.76,,/en-us/countries_list/iv
/supercpad/cursites/csitinfo.cfm,16651,cumulis.epa.gov,,,1703,82.76,,/supercpad/cursites/csitinfo.cfm
/gallery/artemis-ii-splashdown-and-recovery/page/2/,16651,nasa.gov,,,1704,82.77,,/gallery/artemis-ii-splashdown-and-rec...
/articles/pmc6049620/,16651,pmc.ncbi.nlm.nih.gov,,,1705,82.77,,/articles/pmc6049620/
/learning-resources/internship-programs/,16617,nasa.gov,,,1706,82.78,,/learning-resources/internship-program...
/businesses/small-businesses-self-employed/business-structures,16617,irs.gov,,,1707,82.79,,/businesses/small-businesses-self-empl...
/structure/icn3d/full.html,16584,ncbi.nlm.nih.gov,,,1708,82.79,,/structure/icn3d/full.html
/dre-data,16584,nhtsa.gov,,,1709,82.8,,/dre-data
/publications-and-resources/tools/occ-financial-institution-search/index-occ-financial-institution-search.html,16584,occ.gov,,,1710,82.81,,/publications-and-resources/tools/occ-...
/sales/landing,16584,marketplace.gsafleet.gov,,,1711,82.81,,/sales/landing
/businesses/get-a-business-tax-transcript,16584,irs.gov,,,1712,82.82,,/businesses/get-a-business-tax-transcr...
/hantavirus/hcp/clinical-overview/index.html,16584,cdc.gov,,,1713,82.82,,/hantavirus/hcp/clinical-overview/inde...
/opa/pr/justice-department-moves-denaturalize-12-individuals-concealing-terrorist-support-war-crimes,16584,justice.gov,,,1714,82.83,,/opa/pr/justice-department-moves-denat...
/scripts/cdrh/cfdocs/cfpma/pma.cfm,16584,accessdata.fda.gov,,,1715,82.84,,/scripts/cdrh/cfdocs/cfpma/pma.cfm
/public/a/myaccount/myforms,16550,pay.gov,,,1716,82.84,,/public/a/myaccount/myforms
/GenNIV/Common/SessionTimedOut.aspx,16550,ceac.state.gov,,,1717,82.85,,/GenNIV/Common/SessionTimedOut.aspx
/apod/ap260404.html,16550,apod.nasa.gov,,,1718,82.86,,/apod/ap260404.html
/research/publications/publication/,16550,ars.usda.gov,,,1719,82.86,,/research/publications/publication/
/s/questions,16550,help.cbp.gov,,,1720,82.87,,/s/questions
/defaultform.aspx,16550,iafdb.travel.state.gov,,,1721,82.88,,/defaultform.aspx
/store/product/bald-eagle-hatchling-to-adult-stamps-s_488504,16550,store.usps.com,,,1722,82.88,,/store/product/bald-eagle-hatchling-to...
/vi/prior-year-forms-and-instructions,16550,irs.gov,,,1723,82.89,,/vi/prior-year-forms-and-instructions
/resources/creating-an-account-for-vagov/,16517,va.gov,,,1724,82.89,,/resources/creating-an-account-for-vag...
/opa/pr/justice-department-sues-city-denver-unconstitutional-weapons-bans,16517,justice.gov,,,1725,82.9,,/opa/pr/justice-department-sues-city-d...
/costs/compare,16517,tricare.mil,,,1726,82.91,,/costs/compare
/structure/mmdb/mmdbsrv.cgi,16517,ncbi.nlm.nih.gov,,,1727,82.91,,/structure/mmdb/mmdbsrv.cgi
/i-131,16517,uscis.gov,,,1728,82.92,,/i-131
/programs-services/single-family-housing-programs/single-family-housing-guaranteed-loan-program,16484,rd.usda.gov,,,1729,82.93,,/programs-services/single-family-housi...
/e-file-providers/free-file-fillable-forms,16484,irs.gov,,,1730,82.93,,/e-file-providers/free-file-fillable-f...
/applicant/notifications/,16484,usajobs.gov,,,1731,82.94,,/applicant/notifications/
/filing/where-to-file-addresses-for-taxpayers-and-tax-professionals-filing-form-1040,16417,irs.gov,,,1732,82.94,,/filing/where-to-file-addresses-for-ta...
/help/tax-scams,16417,irs.gov,,,1733,82.95,,/help/tax-scams
/login/oidcwarning,16383,cdx.epa.gov,,,1734,82.96,,/login/oidcwarning
/archive/xgtwo_5day/gtwo_archive.php,16383,nhc.noaa.gov,,,1735,82.96,,/archive/xgtwo_5day/gtwo_archive.php
/agencies/social-security-administration,16350,usa.gov,,,1736,82.97,,/agencies/social-security-administrati...
/travel/security-screening/whatcanibring/food,16350,tsa.gov,,,1737,82.98,,/travel/security-screening/whatcanibri...
/mpn/grad/subunsub/confirmation,16350,studentaid.gov,,,1738,82.98,,/mpn/grad/subunsub/confirmation
/profile/access,16350,sam.gov,,,1739,82.99,,/profile/access
/prepare,16350,ssa.gov,,,1740,82.99,,/prepare
/vpv404/root/global/server_responses/error_404.htm/https://iafdb.travel.state.gov/,16316,usps.com,,,1741,83.0,,/vpv404/root/global/server_responses/e...
/content/travel/en/us-visas/immigrate.html,16316,travel.state.gov,,,1742,83.01,,/content/travel/en/us-visas/immigrate....
/apod/ap260403.html,16316,apod.nasa.gov,,,1743,83.01,,/apod/ap260403.html
/advantage/ws/search/header_search,16316,www.gsaadvantage.gov,,,1744,83.02,,/advantage/ws/search/header_search
/jobs,16283,seasonaljobs.dol.gov,,,1745,83.03,,/jobs
/programs/earthquake-hazards,16283,usgs.gov,,,1746,83.03,,/programs/earthquake-hazards
/scripts/cder/ob/search_product.cfm,16250,accessdata.fda.gov,,,1747,83.04,,/scripts/cder/ob/search_product.cfm
/resources/getting-started-with-va/,16250,va.gov,,,1748,83.04,,/resources/getting-started-with-va/
/research/topics/uaps/moving-images-and-sound,16216,archives.gov,,,1749,83.05,,/research/topics/uaps/moving-images-an...
/manage-va-debt/summary/debt-balances,16216,va.gov,,,1750,83.06,,/manage-va-debt/summary/debt-balances
/sra/,16183,ncbi.nlm.nih.gov,,,1751,83.06,,/sra/
/cas/,16183,apps.occ.gov,,,1752,83.07,,/cas/
/savings-bonds/treasury-hunt/,16183,treasurydirect.gov,,,1753,83.08,,/savings-bonds/treasury-hunt/
/media/oembed,16183,alzheimers.gov,,,1754,83.08,,/media/oembed
/trumpaccounts,16149,irs.gov,,,1755,83.09,,/trumpaccounts
/en/international-travel/travel-advisories/united-kingdom.html,16116,travel.state.gov,,,1756,83.09,,/en/international-travel/travel-adviso...
/sales/browse-vehicles,16116,marketplace.gsafleet.gov,,,1757,83.1,,/sales/browse-vehicles
/safety/recalls-market-withdrawals-safety-alerts/ghirardelli-chocolate-company-recalls-powdered-beverage-mixes-because-possible-health-risk,16116,fda.gov,,,1758,83.11,,/safety/recalls-market-withdrawals-saf...
/citizenship-resource-center/learn-about-citizenship/naturalization-eligibility-tool-0,16116,uscis.gov,,,1759,83.11,,/citizenship-resource-center/learn-abo...
/entrance/default.html,16116,banknet.gov,,,1760,83.12,,/entrance/default.html
/universe/stars/,16116,science.nasa.gov,,,1761,83.13,,/universe/stars/
/GenNIV/General/photo/photo_uploadthephoto.aspx,16116,ceac.state.gov,,,1762,83.13,,/GenNIV/General/photo/photo_uploadthep...
/entreg/signoutaction_input,16082,reg.usps.com,,,1763,83.14,,/entreg/signoutaction_input
/medicare/physician-fee-schedule/search/overview,16082,cms.gov,,,1764,83.14,,/medicare/physician-fee-schedule/searc...
/protect-your-move,16082,fmcsa.dot.gov,,,1765,83.15,,/protect-your-move
/records/request-records-through-the-freedom-of-information-act-or-privacy-act,16082,uscis.gov,,,1766,83.16,,/records/request-records-through-the-f...
/travel,16082,wwwnc.cdc.gov,,,1767,83.16,,/travel
/s/article/usps-hold-mail-the-basics,16049,faq.usps.com,,,1768,83.17,,/s/article/usps-hold-mail-the-basics
/disability/file-disability-claim-form-21-526ez/supporting-evidence/evidence-types,16049,www.va.gov,,,1769,83.17,,/disability/file-disability-claim-form...
/calculators/rmc-calculator/,16049,militarypay.defense.gov,,,1770,83.18,,/calculators/rmc-calculator/
/easearch,16015,apps.occ.gov,,,1771,83.19,,/easearch
/scheduler/home/select-activity/find-site/select-time/contact-info,16015,portal.usaccess.gsa.gov,,,1772,83.19,,/scheduler/home/select-activity/find-s...
/opa/pr/suspect-white-house-correspondents-dinner-shooting-charged-attempt-assassinate-president,15982,justice.gov,,,1773,83.2,,/opa/pr/suspect-white-house-correspond...
/cdx/mycdx,15949,cdx.epa.gov,,,1774,83.2,,/cdx/mycdx
/vpv404/composer/plugin/projectmessage/readme.md,15915,atmosphere-imager.gsfc.nasa.gov,,,1775,83.21,,/vpv404/composer/plugin/projectmessage...
/forms-pubs/about-form-8822,15882,irs.gov,,,1776,83.22,,/forms-pubs/about-form-8822
/health-care/appointment-check-in/error,15882,va.gov,,,1777,83.22,,/health-care/appointment-check-in/erro...
/pm/home,15882,portfoliomanager.energystar.gov,,,1778,83.23,,/pm/home
/articles/pmc12427258/,15882,pmc.ncbi.nlm.nih.gov,,,1779,83.24,,/articles/pmc12427258/
/store/stamps/new-releases/_/n-1vbtavt,15882,store.usps.com,,,1780,83.24,,/store/stamps/new-releases/_/n-1vbtavt
/disability/file-disability-claim-form-21-526ez/new-disabilities/add,15882,www.va.gov,,,1781,83.25,,/disability/file-disability-claim-form...
/scripts/cdrh/cfdocs/cfmaude/detail.cfm,15848,accessdata.fda.gov,,,1782,83.25,,/scripts/cdrh/cfdocs/cfmaude/detail.cf...
/current/title-38/chapter-i/part-4,15848,ecfr.gov,,,1783,83.26,,/current/title-38/chapter-i/part-4
/wanted,15848,fbi.gov,,,1784,83.27,,/wanted
/respiratory-viruses/data/illnesses-going-around.html,15848,cdc.gov,,,1785,83.27,,/respiratory-viruses/data/illnesses-go...
/ebuy/seller/active-rfqs,15848,www.ebuy.gsa.gov,,,1786,83.28,,/ebuy/seller/active-rfqs
/visaapplicantui/home/appointment/create,15848,www.usvisaappt.com,,,1787,83.28,,/visaapplicantui/home/appointment/crea...
/filing/individuals/update-my-information,15848,irs.gov,,,1788,83.29,,/filing/individuals/update-my-informat...
/apod/ap260405.html,15815,apod.nasa.gov,,,1789,83.3,,/apod/ap260405.html
/directors-column,15815,pnnl.gov,,,1790,83.3,,/directors-column
/en/international-travel/travel-advisories/global-events/middle-east.html,15815,travel.state.gov,,,1791,83.31,,/en/international-travel/travel-adviso...
/help/verify-your-identity/verify-your-identity-in-person/,15815,login.gov,,,1792,83.31,,/help/verify-your-identity/verify-your...
/mission/voyager/where-are-voyager-1-and-voyager-2-now/,15781,science.nasa.gov,,,1793,83.32,,/mission/voyager/where-are-voyager-1-a...
/manage-loans/forgiveness-cancellation/teacher,15781,studentaid.gov,,,1794,83.33,,/manage-loans/forgiveness-cancellation...
/apod/ap260420.html,15781,apod.nasa.gov,,,1795,83.33,,/apod/ap260420.html
/yose/planyourvisit/fees.htm,15748,nps.gov,,,1796,83.34,,/yose/planyourvisit/fees.htm
/how-to,15715,help.usajobs.gov,,,1797,83.34,,/how-to
/benefits/disability/qualify.html,15715,ssa.gov,,,1798,83.35,,/benefits/disability/qualify.html
/payment/document-apply/checkout,15715,i94.cbp.dhs.gov,,,1799,83.36,,/payment/document-apply/checkout
/calculator/largeenvelopeproperties,15715,postcalc.usps.com,,,1800,83.36,,/calculator/largeenvelopeproperties
/universe/galaxies/,15715,science.nasa.gov,,,1801,83.37,,/universe/galaxies/
/articles/pmc8670786/,15715,pmc.ncbi.nlm.nih.gov,,,1802,83.37,,/articles/pmc8670786/
/scheduler/home/select-activity/find-site/select-time/contact-info/review,15715,portal.usaccess.gsa.gov,,,1803,83.38,,/scheduler/home/select-activity/find-s...
/grca/index.htm,15715,nps.gov,,,1804,83.39,,/grca/index.htm
/spanish/,15715,medlineplus.gov,,,1805,83.39,,/spanish/
/content/travel/en/us-visas/immigrate/national-visa-center/nvc-contact-information.html,15681,travel.state.gov,,,1806,83.4,,/content/travel/en/us-visas/immigrate/...
/publications-and-resources/tools/index-cra-search.html,15648,occ.gov,,,1807,83.4,,/publications-and-resources/tools/inde...
/ru/prior-year-forms-and-instructions,15648,irs.gov,,,1808,83.41,,/ru/prior-year-forms-and-instructions
/founding-docs/bill-of-rights-transcript,15648,archives.gov,,,1809,83.42,,/founding-docs/bill-of-rights-transcri...
/tools/primer-blast/,15614,ncbi.nlm.nih.gov,,,1810,83.42,,/tools/primer-blast/
/pages/home,15614,cde.ucr.cjis.gov,,,1811,83.43,,/pages/home
/sanctions-programs-and-country-information,15614,ofac.treasury.gov,,,1812,83.43,,/sanctions-programs-and-country-inform...
/acad/index.htm,15614,nps.gov,,,1813,83.44,,/acad/index.htm
/reac,15581,www.hud.gov,,,1814,83.45,,/reac
/missions/artemis/blue-origin-moon-lander-completes-testing-at-nasa-vacuum-chamber/,15581,nasa.gov,,,1815,83.45,,/missions/artemis/blue-origin-moon-lan...
/references/messages/alnav-2026/,15581,mynavyhr.navy.mil,,,1816,83.46,,/references/messages/alnav-2026/
/components/sequence/hiv/search/patient.comp,15581,hiv.lanl.gov,,,1817,83.46,,/components/sequence/hiv/search/patien...
/s/importer-form,15547,ace-accounts.cbp.gov,,,1818,83.47,,/s/importer-form
/housingcounseling/s/,15547,answers.hud.gov,,,1819,83.48,,/housingcounseling/s/
/all-about-earth/en/,15547,spaceplace.nasa.gov,,,1820,83.48,,/all-about-earth/en/
/forms/forms,15547,uscis.gov,,,1821,83.49,,/forms/forms
/grsm/index.htm,15547,nps.gov,,,1822,83.49,,/grsm/index.htm
/all-about-mars/en/,15514,spaceplace.nasa.gov,,,1823,83.5,,/all-about-mars/en/
/uranus/facts/,15514,science.nasa.gov,,,1824,83.51,,/uranus/facts/
/earth/earth-observatory/tracy-arms-post-tsunami-landscape/,15514,science.nasa.gov,,,1825,83.51,,/earth/earth-observatory/tracy-arms-po...
/eligibility-criteria,15514,trademarkcenter.uspto.gov,,,1826,83.52,,/eligibility-criteria
/electricity/2019/index.html,15481,atb-archive.nrel.gov,,,1827,83.52,,/electricity/2019/index.html
/disability/amount,15481,ssa.gov,,,1828,83.53,,/disability/amount
/content/travel/en/passports/legal-matters/child-support.html,15481,travel.state.gov,,,1829,83.54,,/content/travel/en/passports/legal-mat...
/data-research/consumer-complaints/search/,15481,consumerfinance.gov,,,1830,83.54,,/data-research/consumer-complaints/sea...
/home/sdnlist,15481,sanctionslist.ofac.treas.gov,,,1831,83.55,,/home/sdnlist
/videos/careeronestop-videos.aspx,15481,careeronestop.org,,,1832,83.55,,/videos/careeronestop-videos.aspx
/news/messages/maradmins/,15447,marines.mil,,,1833,83.56,,/news/messages/maradmins/
/saveExitRetrieve,15414,esta.cbp.dhs.gov,,,1834,83.56,,/saveExitRetrieve
/agencies/ofccp,15414,dol.gov,,,1835,83.57,,/agencies/ofccp
/how-we-can-help-you/scams-and-safety/sex-offender-registry,15414,fbi.gov,,,1836,83.58,,/how-we-can-help-you/scams-and-safety/...
/en-it/niv/users/sign_in,15414,ais.usvisa-info.com,,,1837,83.58,,/en-it/niv/users/sign_in
/provider-characteristics/medicare-provider-supplier-enrollment/opt-out-affidavits/data,15414,data.cms.gov,,,1838,83.59,,/provider-characteristics/medicare-pro...
/newsroom/national-releases/2026/0501-barbie-to-be-celebrated-with-new-stamps.htm,15414,about.usps.com,,,1839,83.59,,/newsroom/national-releases/2026/0501-...
/factsheets/vitamind-healthprofessional/,15414,ods.od.nih.gov,,,1840,83.6,,/factsheets/vitamind-healthprofessiona...
/what-we-do/news/press-releases,15380,dea.gov,,,1841,83.61,,/what-we-do/news/press-releases
/ords/guideme_ext/f,15380,guideme.epa.gov,,,1842,83.61,,/ords/guideme_ext/f
/s/article/Missing-Mail-The-Basics,15347,faq.usps.com,,,1843,83.62,,/s/article/Missing-Mail-The-Basics
/patientresources/contactus/callus,15347,tricare.mil,,,1844,83.62,,/patientresources/contactus/callus
/help/irs-document-upload-tool,15347,irs.gov,,,1845,83.63,,/help/irs-document-upload-tool
/all-about-mercury/en/,15313,spaceplace.nasa.gov,,,1846,83.64,,/all-about-mercury/en/
/products/aurora-30-minute-forecast,15313,swpc.noaa.gov,,,1847,83.64,,/products/aurora-30-minute-forecast
/GenNIV/General/complete/complete_family2.aspx,15313,ceac.state.gov,,,1848,83.65,,/GenNIV/General/complete/complete_fami...
/i-751,15280,uscis.gov,,,1849,83.65,,/i-751
/nceskids/createagraph/default.aspx,15280,nces.ed.gov,,,1850,83.66,,/nceskids/createagraph/default.aspx
/zion/index.htm,15280,nps.gov,,,1851,83.66,,/zion/index.htm
/login/mfa-send-code-email,15246,www.benefeds.gov,,,1852,83.67,,/login/mfa-send-code-email
/vaccines/by-age/index.html,15246,cdc.gov,,,1853,83.68,,/vaccines/by-age/index.html
/apply-for-aid/fafsa/review-and-correct,15246,studentaid.gov,,,1854,83.68,,/apply-for-aid/fafsa/review-and-correc...
/faq/job-announcement/security-clearances,15213,help.usajobs.gov,,,1855,83.69,,/faq/job-announcement/security-clearan...
/basics/get-started-with-medicare/other-paths,15213,medicare.gov,,,1856,83.69,,/basics/get-started-with-medicare/othe...
/login/mfa-enter-code,15180,www.benefeds.gov,,,1857,83.7,,/login/mfa-enter-code
/press-room/hhs-launches-maha-action-plan-curb-psychiatric-overprescribing.html,15180,hhs.gov,,,1858,83.71,,/press-room/hhs-launches-maha-action-p...
/auctions/results/,15180,treasurydirect.gov,,,1859,83.71,,/auctions/results/
/apod/ap260412.html,15146,apod.nasa.gov,,,1860,83.72,,/apod/ap260412.html
/science-research/heliophysics/nasas-storie-mission-to-tell-tale-of-earths-ring-current/,15146,science.nasa.gov,,,1861,83.72,,/science-research/heliophysics/nasas-s...
/detention-facilities,15146,ice.gov,,,1862,83.73,,/detention-facilities
/paynowconfirm.html,15146,poboxes.usps.com,,,1863,83.73,,/paynowconfirm.html
/search-disaster/,15146,lending.sba.gov,,,1864,83.74,,/search-disaster/
/apod/ap260415.html,15146,apod.nasa.gov,,,1865,83.75,,/apod/ap260415.html
/alpha-gal-syndrome/about/index.html,15113,cdc.gov,,,1866,83.75,,/alpha-gal-syndrome/about/index.html
/newsroom/tax-relief-in-disaster-situations,15113,irs.gov,,,1867,83.76,,/newsroom/tax-relief-in-disaster-situa...
/scheduler/home/select-activity/find-site/select-time/contact-info/review/status/scheduled,15113,portal.usaccess.gsa.gov,,,1868,83.76,,/scheduler/home/select-activity/find-s...
/popclock/,15079,www.census.gov,,,1869,83.77,,/popclock/
/login-gov/profile-registration,15079,sam.gov,,,1870,83.77,,/login-gov/profile-registration
/careers/nursing-jobs/,15079,vacareers.va.gov,,,1871,83.78,,/careers/nursing-jobs/
/health-drug-plans/coordination,15079,medicare.gov,,,1872,83.79,,/health-drug-plans/coordination
/okx/,15079,weather.gov,,,1873,83.79,,/okx/
/business/every-door-direct-mail.htm,15046,usps.com,,,1874,83.8,,/business/every-door-direct-mail.htm
/loan-simulator/repayment/results/application-details/PA,15046,studentaid.gov,,,1875,83.8,,/loan-simulator/repayment/results/appl...
/accessibility/,15012,ssa.gov,,,1876,83.81,,/accessibility/
/risky-driving/distracted-driving,15012,nhtsa.gov,,,1877,83.81,,/risky-driving/distracted-driving
/login/callback,15012,trademarkcenter.uspto.gov,,,1878,83.82,,/login/callback
/eoir/immigration-court-information,14979,justice.gov,,,1879,83.83,,/eoir/immigration-court-information
/family-and-caregiver-benefits/education-and-careers/dependents-education-assistance/rates/,14979,va.gov,,,1880,83.83,,/family-and-caregiver-benefits/educati...
/health-care/apply-for-health-care-form-10-10ez/introduction,14979,www.va.gov,,,1881,83.84,,/health-care/apply-for-health-care-for...
/individuals/check-if-you-need-to-file-a-tax-return,14979,irs.gov,,,1882,83.84,,/individuals/check-if-you-need-to-file...
/tax-professionals/submit-forms-2848-and-8821-online,14979,irs.gov,,,1883,83.85,,/tax-professionals/submit-forms-2848-a...
/disability/file-disability-claim-form-21-526ez/supporting-evidence/summary,14946,www.va.gov,,,1884,83.85,,/disability/file-disability-claim-form...
/forms-pubs/about-form-1040x,14946,irs.gov,,,1885,83.86,,/forms-pubs/about-form-1040x
/snap/state-directory,14946,fns.usda.gov,,,1886,83.87,,/snap/state-directory
/news-events/newsroom/index.html,14946,occ.gov,,,1887,83.87,,/news-events/newsroom/index.html
/store/product/american-bison-stamps-s_488804,14946,store.usps.com,,,1888,83.88,,/store/product/american-bison-stamps-s...
/structure/sparcle/archview.html,14912,ncbi.nlm.nih.gov,,,1889,83.88,,/structure/sparcle/archview.html
/articles/pmc7352758/,14912,pmc.ncbi.nlm.nih.gov,,,1890,83.89,,/articles/pmc7352758/
/laws-and-policy/laws-preschool-grade-12-education/birth-grade-12-policy-documents/prayer-and-religious-expression-public-schools-faq,14912,ed.gov,,,1891,83.89,,/laws-and-policy/laws-preschool-grade-...
/disability/file-disability-claim-form-21-526ez/how-claim-exams-work,14912,www.va.gov,,,1892,83.9,,/disability/file-disability-claim-form...
/programs-services/single-family-housing-programs,14912,rd.usda.gov,,,1893,83.91,,/programs-services/single-family-housi...
/humans-in-space/nasas-simulated-mars-mission-marks-200-days-inside-habitat/,14879,nasa.gov,,,1894,83.91,,/humans-in-space/nasas-simulated-mars-...
/prepare/check-eligibility-for-benefits/questionnaire/divorce-timing,14879,www.ssa.gov,,,1895,83.92,,/prepare/check-eligibility-for-benefit...
/complete-aid-process/how-calculated,14879,studentaid.gov,,,1896,83.92,,/complete-aid-process/how-calculated
/service-standards/,14879,usps.com,,,1897,83.93,,/service-standards/
/GenNIV/General/photo/photo_confirmphoto.aspx,14845,ceac.state.gov,,,1898,83.93,,/GenNIV/General/photo/photo_confirmpho...
/newsroom/topics-in-the-news,14845,irs.gov,,,1899,83.94,,/newsroom/topics-in-the-news
/climate-change/evidence/,14845,science.nasa.gov,,,1900,83.95,,/climate-change/evidence/
/lyme/signs-symptoms/index.html,14845,cdc.gov,,,1901,83.95,,/lyme/signs-symptoms/index.html
/disability/file-disability-claim-form-21-526ez/payment-information,14845,www.va.gov,,,1902,83.96,,/disability/file-disability-claim-form...
/login/confirm-information,14845,www.benefeds.gov,,,1903,83.96,,/login/confirm-information
/trade/automated/how-to-use-ace/portal-applying,14845,cbp.gov,,,1904,83.97,,/trade/automated/how-to-use-ace/portal...
/recalls/2026/american-honda-motor-recalls-off-road-motorcycles-due-to-risk-of-serious-injury-or-death-due-to-crash-hazard,14812,cpsc.gov,,,1905,83.97,,/recalls/2026/american-honda-motor-rec...
/education/download-letters/,14812,va.gov,,,1906,83.98,,/education/download-letters/
/disability/file-disability-claim-form-21-526ez/review-and-submit,14812,www.va.gov,,,1907,83.99,,/disability/file-disability-claim-form...
/apod/ap260416.html,14778,apod.nasa.gov,,,1908,83.99,,/apod/ap260416.html
/disability/file-disability-claim-form-21-526ez/new-disabilities/follow-up/0,14778,www.va.gov,,,1909,84.0,,/disability/file-disability-claim-form...
/Search/,14778,www.usajobs.gov,,,1910,84.0,,/Search/
/news/stories/18-child-porn-websites-shut-down,14745,fbi.gov,,,1911,84.01,,/news/stories/18-child-porn-websites-s...
/disability/file-disability-claim-form-21-526ez/va-employee,14745,www.va.gov,,,1912,84.01,,/disability/file-disability-claim-form...
/jupiter/,14745,science.nasa.gov,,,1913,84.02,,/jupiter/
/deathrates/index.php,14712,statecancerprofiles.cancer.gov,,,1914,84.03,,/deathrates/index.php
/stationhome.html,14712,tidesandcurrents.noaa.gov,,,1915,84.03,,/stationhome.html
/help/verify-your-identity/verify-your-address-by-mail/,14712,login.gov,,,1916,84.04,,/help/verify-your-identity/verify-your...
/forms-pubs/about-form-4506-t,14712,irs.gov,,,1917,84.04,,/forms-pubs/about-form-4506-t
/kit,14678,ready.gov,,,1918,84.05,,/kit
/about-us/find-a-uscis-office/field-offices,14678,uscis.gov,,,1919,84.05,,/about-us/find-a-uscis-office/field-of...
/zh-hant/prior-year-forms-and-instructions,14645,irs.gov,,,1920,84.06,,/zh-hant/prior-year-forms-and-instruct...
/career-seekers,14645,apprenticeship.gov,,,1921,84.06,,/career-seekers
/media/press-releases/press-release-view/article/4476318/us-military-supports-launch-of-project-freedom-in-strait-of-hormuz/,14611,centcom.mil,,,1922,84.07,,/media/press-releases/press-release-vi...
/data/list,14611,mymarketnews.ams.usda.gov,,,1923,84.08,,/data/list
/challenges/truth/results,14611,precision.fda.gov,,,1924,84.08,,/challenges/truth/results
/apod/ap260330.html,14611,apod.nasa.gov,,,1925,84.09,,/apod/ap260330.html
/sdnlist,14611,sanctionslist.ofac.treas.gov,,,1926,84.09,,/sdnlist
/fsa-id/help/recover-account/request-summary,14578,studentaid.gov,,,1927,84.1,,/fsa-id/help/recover-account/request-s...
/all-about-saturn/en/,14578,spaceplace.nasa.gov,,,1928,84.1,,/all-about-saturn/en/
/study/,14578,clinicaltrials.gov,,,1929,84.11,,/study/
/family-and-caregiver-benefits/education-and-careers/dependents-education-assistance/,14578,va.gov,,,1930,84.11,,/family-and-caregiver-benefits/educati...
/engagement/interactives/,14544,ares.jsc.nasa.gov,,,1931,84.12,,/engagement/interactives/
/funding-programs/loans/lender-match-connects-you-lenders,14544,sba.gov,,,1932,84.13,,/funding-programs/loans/lender-match-c...
/label-broker.htm,14544,tools.usps.com,,,1933,84.13,,/label-broker.htm
/disability/file-disability-claim-form-21-526ez/fully-developed-claim,14544,www.va.gov,,,1934,84.14,,/disability/file-disability-claim-form...
/electricity/2018/index.html,14511,atb-archive.nrel.gov,,,1935,84.14,,/electricity/2018/index.html
/payment/details,14511,i94.cbp.dhs.gov,,,1936,84.15,,/payment/details
/disability/file-disability-claim-form-21-526ez/new-disabilities/follow-up,14511,www.va.gov,,,1937,84.15,,/disability/file-disability-claim-form...
/content/travel/en/news/visas-news/announcement-of-expanded-screening-and-vetting-for-visa-applicants.html,14511,travel.state.gov,,,1938,84.16,,/content/travel/en/news/visas-news/ann...
/structure/vastplus/vastplus.cgi,14477,ncbi.nlm.nih.gov,,,1939,84.16,,/structure/vastplus/vastplus.cgi
/s/article/redelivery-the-basics,14477,faq.usps.com,,,1940,84.17,,/s/article/redelivery-the-basics
/manage-loans/forgiveness-cancellation/disability-discharge,14477,studentaid.gov,,,1941,84.18,,/manage-loans/forgiveness-cancellation...
/content/travel/en/passports/passport-help/next-generation-passport.html,14477,travel.state.gov,,,1942,84.18,,/content/travel/en/passports/passport-...
/importation/dogs/dog-import-form-instructions.html,14444,cdc.gov,,,1943,84.19,,/importation/dogs/dog-import-form-inst...
/apod/ap251231.html,14444,apod.nasa.gov,,,1944,84.19,,/apod/ap251231.html
/everifyplus,14444,everify.uscis.gov,,,1945,84.2,,/everifyplus
/vpv404/content/travel/en/404.html,14411,travel.state.gov,,,1946,84.2,,/vpv404/content/travel/en/404.html
/resources/deposit-insurance,14377,fdic.gov,,,1947,84.21,,/resources/deposit-insurance
/newsroom/important-steps-you-must-take-prepare-fmcsas-new-registration-system,14377,fmcsa.dot.gov,,,1948,84.21,,/newsroom/important-steps-you-must-tak...
/travel/security-screening,14344,tsa.gov,,,1949,84.22,,/travel/security-screening
/laws-regs/regulations/standardnumber/1910,14344,osha.gov,,,1950,84.23,,/laws-regs/regulations/standardnumber/...
/recalls-alerts/fsis-issues-public-health-alert-various-meat-and-poultry-products-containing-fda,14344,fsis.usda.gov,,,1951,84.23,,/recalls-alerts/fsis-issues-public-hea...
/helpful-links/nsa-foia/frequently-requested-information/ufo-and-other-paranormal-information/,14344,nsa.gov,,,1952,84.24,,/helpful-links/nsa-foia/frequently-req...
/apod/ap260321.html,14310,apod.nasa.gov,,,1953,84.24,,/apod/ap260321.html
/snap/recipient/eligibility,14310,fns.usda.gov,,,1954,84.25,,/snap/recipient/eligibility
/GenNIV/common/printapplication.aspx,14310,ceac.state.gov,,,1955,84.25,,/GenNIV/common/printapplication.aspx
/about/digital-toolkits/mental-health-awareness-month,14310,samhsa.gov,,,1956,84.26,,/about/digital-toolkits/mental-health-...
/visas/,14310,in.usembassy.gov,,,1957,84.26,,/visas/
/news/live-events/,14277,war.gov,,,1958,84.27,,/news/live-events/
/basics/get-started-with-medicare/sign-up/how-do-i-sign-up-for-medicare,14277,medicare.gov,,,1959,84.27,,/basics/get-started-with-medicare/sign...
/taxonomy/,14277,ncbi.nlm.nih.gov,,,1960,84.28,,/taxonomy/
/products/watch/,14243,spc.noaa.gov,,,1961,84.29,,/products/watch/
/ril/logoutssaview.action,14243,secure.ssa.gov,,,1962,84.29,,/ril/logoutssaview.action
/training/catalog,14243,niccs.cisa.gov,,,1963,84.3,,/training/catalog
/healthcare-insurance/healthcare/plan-information/compare-plans/,14243,opm.gov,,,1964,84.3,,/healthcare-insurance/healthcare/plan-...
/policy-issues/financing-the-government/interest-rate-statistics,14243,home.treasury.gov,,,1965,84.31,,/policy-issues/financing-the-governmen...
/regulations_policies/orders_notices/index.cfm/go/document.list/,14243,faa.gov,,,1966,84.31,,/regulations_policies/orders_notices/i...
/apod/ap260413.html,14243,apod.nasa.gov,,,1967,84.32,,/apod/ap260413.html
/85765/veteran-discounts-available-year-round/,14243,news.va.gov,,,1968,84.32,,/85765/veteran-discounts-available-yea...
/GenNIV/general/esign/complete_done.aspx,14210,ceac.state.gov,,,1969,84.33,,/GenNIV/general/esign/complete_done.as...
/articles/pmc12190491/,14210,pmc.ncbi.nlm.nih.gov,,,1970,84.33,,/articles/pmc12190491/
/feecalculator,14210,uscis.gov,,,1971,84.34,,/feecalculator
/shop/money-orders.htm,14210,usps.com,,,1972,84.35,,/shop/money-orders.htm
/policy-regulations/joint-travel-regulations/,14210,travel.dod.mil,,,1973,84.35,,/policy-regulations/joint-travel-regul...
/green-card/green-card-eligibility-categories,14210,uscis.gov,,,1974,84.36,,/green-card/green-card-eligibility-cat...
/blog/ornl-review/archive,14210,ornl.gov,,,1975,84.36,,/blog/ornl-review/archive
/travelDocInfo,14177,www.evus.gov,,,1976,84.37,,/travelDocInfo
/disability/file-disability-claim-form-21-526ez/confirmation,14143,www.va.gov,,,1977,84.37,,/disability/file-disability-claim-form...
/es/web/panama/home/news,14143,globe.gov,,,1978,84.38,,/es/web/panama/home/news
/nucleotide/,14143,ncbi.nlm.nih.gov,,,1979,84.38,,/nucleotide/
/mercury/,14143,science.nasa.gov,,,1980,84.39,,/mercury/
/auctions/upcoming/,14143,treasurydirect.gov,,,1981,84.39,,/auctions/upcoming/
/sun/,14110,science.nasa.gov,,,1982,84.4,,/sun/
/health/kids/games/riddles/jokes/fun-facts-and-trivia,14110,niehs.nih.gov,,,1983,84.4,,/health/kids/games/riddles/jokes/fun-f...
/e-verify-employer-search,14110,e-verify.gov,,,1984,84.41,,/e-verify-employer-search
/disability/file-disability-claim-form-21-526ez/mental-health-form-0781/workflow,14110,www.va.gov,,,1985,84.42,,/disability/file-disability-claim-form...
/event,14076,usajobs.gov,,,1986,84.42,,/event
/businesses/small-businesses-self-employed/filing-past-due-tax-returns,14076,irs.gov,,,1987,84.43,,/businesses/small-businesses-self-empl...
/license/ama,14076,cms.gov,,,1988,84.43,,/license/ama
/all-about-jupiter/en/,14076,spaceplace.nasa.gov,,,1989,84.44,,/all-about-jupiter/en/
/entreg/registrationaction,14076,reg.usps.com,,,1990,84.44,,/entreg/registrationaction
/research/publications/publication,14043,ars.usda.gov,,,1991,84.45,,/research/publications/publication
/tools,14043,uscis.gov,,,1992,84.45,,/tools
/directorates/privacy-and-civil-liberties-directorate/,14043,pclt.defense.gov,,,1993,84.46,,/directorates/privacy-and-civil-libert...
/search-results.html,14043,census.gov,,,1994,84.46,,/search-results.html
/newsroom/press-releases/2026-44-sec-charges-21-individuals-alleged-wide-reaching-insider-trading-scheme,14009,sec.gov,,,1995,84.47,,/newsroom/press-releases/2026-44-sec-c...
/traces/index.html,14009,trace.ncbi.nlm.nih.gov,,,1996,84.47,,/traces/index.html
/agencies/whd/minimum-wage/state,13976,dol.gov,,,1997,84.48,,/agencies/whd/minimum-wage/state
/travel/passenger-volumes,13976,tsa.gov,,,1998,84.49,,/travel/passenger-volumes
/privacy/,13976,ssa.gov,,,1999,84.49,,/privacy/
/bso,13976,ssa.gov,,,2000,84.5,,/bso
/ways-to-serve/service-assignments/browse-opportunities/peace-corps-volunteer/,13976,peacecorps.gov,,,2001,84.5,,/ways-to-serve/service-assignments/bro...
/travel/international-visitors/esta,13976,cbp.gov,,,2002,84.51,,/travel/international-visitors/esta
/vi/downloads/irs-prior,13943,irs.gov,,,2003,84.51,,/vi/downloads/irs-prior
/policy-issues/financing-the-government/quarterly-refunding/most-recent-quarterly-refunding-documents,13943,home.treasury.gov,,,2004,84.52,,/policy-issues/financing-the-governmen...
/media/releases/2026-hantavirus-confirmed-cruise-ship.html,13943,cdc.gov,,,2005,84.52,,/media/releases/2026-hantavirus-confir...
/tax-professionals/taxpayer-identification-number-tin-matching,13943,irs.gov,,,2006,84.53,,/tax-professionals/taxpayer-identifica...
/s/article/find-usps-locations,13943,faq.usps.com,,,2007,84.53,,/s/article/find-usps-locations
/trip/,13943,fueleconomy.gov,,,2008,84.54,,/trip/
/savings-bonds/i-bonds/i-bonds-interest-rates/,13909,treasurydirect.gov,,,2009,84.54,,/savings-bonds/i-bonds/i-bonds-interes...
/careers/how-to-apply/create-profile-and-apply.htm,13909,about.usps.com,,,2010,84.55,,/careers/how-to-apply/create-profile-a...
/my-health/appointments/schedule/clinic,13909,www.va.gov,,,2011,84.55,,/my-health/appointments/schedule/clini...
/applicant/profile/contact/,13876,usajobs.gov,,,2012,84.56,,/applicant/profile/contact/
/agencies/internal-revenue-service,13876,usa.gov,,,2013,84.57,,/agencies/internal-revenue-service
/data/elections/,13876,fec.gov,,,2014,84.57,,/data/elections/
/apply-for-aid/fafsa/filling-out/help,13876,studentaid.gov,,,2015,84.58,,/apply-for-aid/fafsa/filling-out/help
/health-care/order-hearing-aid-or-cpap-supplies-form/introduction,13876,va.gov,,,2016,84.58,,/health-care/order-hearing-aid-or-cpap...
/mobile,13842,tsa.gov,,,2017,84.59,,/mobile
/basics/get-started-with-medicare/medicare-basics/parts-of-medicare,13842,medicare.gov,,,2018,84.59,,/basics/get-started-with-medicare/medi...
/patents,13842,uspto.gov,,,2019,84.6,,/patents
/workspace/em/get-uei,13842,sam.gov,,,2020,84.6,,/workspace/em/get-uei
/systems-applications/national-background-investigation-services-nbis/,13842,dcsa.mil,,,2021,84.61,,/systems-applications/national-backgro...
/scripts/cdrh/cfdocs/cfmaude/search.cfm,13842,accessdata.fda.gov,,,2022,84.61,,/scripts/cdrh/cfdocs/cfmaude/search.cf...
/travel/destinations/list,13809,wwwnc.cdc.gov,,,2023,84.62,,/travel/destinations/list
/store/cards-envelopes,13809,store.usps.com,,,2024,84.62,,/store/cards-envelopes
/subjects/accessibility/interagency-access-pass.htm,13775,nps.gov,,,2025,84.63,,/subjects/accessibility/interagency-ac...
/get-uei,13775,sam.gov,,,2026,84.63,,/get-uei
/usao-dc/pr/texas-man-charged-shooting-secret-service-agent-near-washington-monument-national-mall,13775,justice.gov,,,2027,84.64,,/usao-dc/pr/texas-man-charged-shooting...
/taxa/index.php,13775,biocollections.ars.usda.gov,,,2028,84.64,,/taxa/index.php
/queries/collectioninfo.aspx,13775,nas.er.usgs.gov,,,2029,84.65,,/queries/collectioninfo.aspx
/crh/outlooks,13742,weather.gov,,,2030,84.66,,/crh/outlooks
/prepare/check-eligibility-for-benefits/questionnaire/resources-value-not-maried,13742,www.ssa.gov,,,2031,84.66,,/prepare/check-eligibility-for-benefit...
/mrds/show-mrds.php,13742,mrdata.usgs.gov,,,2032,84.67,,/mrds/show-mrds.php
/careers/working-usps/,13742,about.usps.com,,,2033,84.67,,/careers/working-usps/
/data/tools/worldview,13742,earthdata.nasa.gov,,,2034,84.68,,/data/tools/worldview
/apod/ap260328.html,13742,apod.nasa.gov,,,2035,84.68,,/apod/ap260328.html
/disability/file-disability-claim-form-21-526ez/toxic-exposure/conditions,13708,www.va.gov,,,2036,84.69,,/disability/file-disability-claim-form...
/borrower-defense,13675,studentaid.gov,,,2037,84.69,,/borrower-defense
/portal/forms/myforms.aspx,13675,publicportal.eeoc.gov,,,2038,84.7,,/portal/forms/myforms.aspx
/news/transcripts/transcript/article/4478065/secretary-of-war-pete-hegseth-and-chairman-of-the-joint-chiefs-of-staff-gen-dan/,13675,war.gov,,,2039,84.7,,/news/transcripts/transcript/article/4...
/plus-app/parent/loan-info,13675,studentaid.gov,,,2040,84.71,,/plus-app/parent/loan-info
/newsroom/401k-limit-increases-to-24500-for-2026-ira-limit-increases-to-7500,13642,irs.gov,,,2041,84.71,,/newsroom/401k-limit-increases-to-2450...
/wanted/kidnap,13642,fbi.gov,,,2042,84.72,,/wanted/kidnap
/disability/file-disability-claim-form-21-526ez/pow,13642,www.va.gov,,,2043,84.72,,/disability/file-disability-claim-form...
/i-9-central,13608,uscis.gov,,,2044,84.73,,/i-9-central
/es-ar/niv/users/sign_in,13608,ais.usvisa-info.com,,,2045,84.73,,/es-ar/niv/users/sign_in
/alerts,13608,weather.gov,,,2046,84.74,,/alerts
/recalls/2026/bissell-recalls-over-one-million-steam-shot-omnireach-steam-cleaners-due-to-risk-of-serious-burn-hazard-from-attachments,13575,cpsc.gov,,,2047,84.74,,/recalls/2026/bissell-recalls-over-one...
/applicable-federal-rates,13575,irs.gov,,,2048,84.75,,/applicable-federal-rates
/mp/listing/viewlisting.do,13575,my.americorps.gov,,,2049,84.75,,/mp/listing/viewlisting.do
/library/publications/list,13575,ojp.gov,,,2050,84.76,,/library/publications/list
/maca/index.htm,13575,nps.gov,,,2051,84.76,,/maca/index.htm
/press-releases/article/4482320/coast-guard-issues-captain-of-the-port-orders-to-vessels-obstructing-the-naviga/,13541,news.uscg.mil,,,2052,84.77,,/press-releases/article/4482320/coast-...
/federal-emergency-management-agency-review-council,13541,dhs.gov,,,2053,84.78,,/federal-emergency-management-agency-r...
/drug-information/drug-scheduling,13541,dea.gov,,,2054,84.78,,/drug-information/drug-scheduling
/es/payments,13541,irs.gov,,,2055,84.79,,/es/payments
/careerexplorer/quiz,13508,usajobs.gov,,,2056,84.79,,/careerexplorer/quiz
/businesses/small-businesses-self-employed/disaster-assistance-and-emergency-relief-for-individuals-and-businesses,13508,irs.gov,,,2057,84.8,,/businesses/small-businesses-self-empl...
/manage-va-debt/summary,13508,va.gov,,,2058,84.8,,/manage-va-debt/summary
/bmi/child-teen-calculator/calculator.html,13508,cdc.gov,,,2059,84.81,,/bmi/child-teen-calculator/calculator....
/portal/MailPieceItemDetail/5,13474,informeddelivery.usps.com,,,2060,84.81,,/portal/MailPieceItemDetail/5
/health-information/digestive-diseases/digestive-system-how-it-works,13474,niddk.nih.gov,,,2061,84.82,,/health-information/digestive-diseases...
/taxtopics/tc201,13474,irs.gov,,,2062,84.82,,/taxtopics/tc201
/ja/visas-ja/esta-information-ja/,13474,jp.usembassy.gov,,,2063,84.83,,/ja/visas-ja/esta-information-ja/
/basics/get-started-with-medicare/medicare-basics/what-does-medicare-cost,13474,medicare.gov,,,2064,84.83,,/basics/get-started-with-medicare/medi...
/derivative/index.htm,13474,securityawareness.dcsa.mil,,,2065,84.84,,/derivative/index.htm
/disability/file-disability-claim-form-21-526ez/claim-type,13474,www.va.gov,,,2066,84.84,,/disability/file-disability-claim-form...
/en-mx/niv,13441,ais.usvisa-info.com,,,2067,84.85,,/en-mx/niv
/opa/pr/justice-department-places-fda-approved-marijuana-products-and-products-containing-marijuana,13441,justice.gov,,,2068,84.85,,/opa/pr/justice-department-places-fda-...
/apod/ap260414.html,13441,apod.nasa.gov,,,2069,84.86,,/apod/ap260414.html
/gallery/return-to-earth/,13408,nasa.gov,,,2070,84.86,,/gallery/return-to-earth/
/apod/ap260316.html,13408,apod.nasa.gov,,,2071,84.87,,/apod/ap260316.html
/fund-performance/,13408,tsp.gov,,,2072,84.87,,/fund-performance/
/epstein/doj-disclosures/data-set-3-files,13408,justice.gov,,,2073,84.88,,/epstein/doj-disclosures/data-set-3-fi...
/learnmore/,13374,consumerfinance.gov,,,2074,84.88,,/learnmore/
/owcplogin/clientloginvalidationservlet,13374,owcpconnect.dol.gov,,,2075,84.89,,/owcplogin/clientloginvalidationservle...
/teach-grant-program,13374,studentaid.gov,,,2076,84.89,,/teach-grant-program
/cgi/formula,13374,webbook.nist.gov,,,2077,84.9,,/cgi/formula
/video/moonbound-for-all-humanity/,13374,plus.nasa.gov,,,2078,84.9,,/video/moonbound-for-all-humanity/
/help/manage-your-account/change-your-phone-number/,13374,login.gov,,,2079,84.91,,/help/manage-your-account/change-your-...
/apod/ap260323.html,13341,apod.nasa.gov,,,2080,84.91,,/apod/ap260323.html
/media/releases/2026/2026-cdc-data-show-weekly-er-visits-for-tick-bites-higher-than-usual.html,13341,cdc.gov,,,2081,84.92,,/media/releases/2026/2026-cdc-data-sho...
/toolkit/wages/find-salary.aspx,13341,careeronestop.org,,,2082,84.92,,/toolkit/wages/find-salary.aspx
/psc/ps/employee/hrms/c/hrs_hram_fl.hrs_cg_careers_fl.gbl,13341,apply.fbijobs.gov,,,2083,84.93,,/psc/ps/employee/hrms/c/hrs_hram_fl.hr...
/details/09250401/pov,13341,bwt.cbp.gov,,,2084,84.93,,/details/09250401/pov
/rsp/login.jsf,13341,arc.eeoc.gov,,,2085,84.94,,/rsp/login.jsf
/medical-equipment-suppliers/,13341,medicare.gov,,,2086,84.94,,/medical-equipment-suppliers/
/tax-professionals/transcript-delivery-system-tds,13341,irs.gov,,,2087,84.95,,/tax-professionals/transcript-delivery...
/contact,13341,ice.gov,,,2088,84.95,,/contact
/aboutus/entrance-fee-prices.htm,13341,nps.gov,,,2089,84.96,,/aboutus/entrance-fee-prices.htm
/resend-confirmation,13341,myaccount.uscis.gov,,,2090,84.96,,/resend-confirmation
/glac/planyourvisit/directions.htm,13341,nps.gov,,,2091,84.97,,/glac/planyourvisit/directions.htm
/content/travel/en/us-visas/visa-information-resources/list-of-posts.html,13307,travel.state.gov,,,2092,84.98,,/content/travel/en/us-visas/visa-infor...
/oact/babynames/index.html,13274,ssa.gov,,,2093,84.98,,/oact/babynames/index.html
/pdq/surveyoutputservlet,13274,data.bls.gov,,,2094,84.99,,/pdq/surveyoutputservlet
/scripts/fdcc/index.cfm,13274,hfpappexternal.fda.gov,,,2095,84.99,,/scripts/fdcc/index.cfm
/retirement-plans/plan-participant-employee/retirement-topics-required-minimum-distributions-rmds,13274,irs.gov,,,2096,85.0,,/retirement-plans/plan-participant-emp...
/app/eligibility,13274,tsaprecheckbytelos.tsa.dhs.gov,,,2097,85.0,,/app/eligibility
/agencies/u-s-department-of-defense,13274,usa.gov,,,2098,85.01,,/agencies/u-s-department-of-defense
/savings-bonds/,13240,treasurydirect.gov,,,2099,85.01,,/savings-bonds/
/cyberframework,13207,www.nist.gov,,,2100,85.02,,/cyberframework
/oedci/practitionerhome.jsp,13207,oedci.uspto.gov,,,2101,85.02,,/oedci/practitionerhome.jsp
/apod/ap260407.html,13207,apod.nasa.gov,,,2102,85.03,,/apod/ap260407.html
/es/cambiodedireccion,13207,uscis.gov,,,2103,85.03,,/es/cambiodedireccion
/newsroom/all-news,13173,uscis.gov,,,2104,85.04,,/newsroom/all-news
/multimedia/planning-guides/,13173,science.nasa.gov,,,2105,85.04,,/multimedia/planning-guides/
/manage-loans/repayment/repaying-101,13140,studentaid.gov,,,2106,85.05,,/manage-loans/repayment/repaying-101
/confirmation/genericsteps,13140,www.identitytheft.gov,,,2107,85.05,,/confirmation/genericsteps
/serve/,13140,peacecorps.gov,,,2108,85.06,,/serve/
/de/globe-community/blogs/community-blogs,13140,globe.gov,,,2109,85.06,,/de/globe-community/blogs/community-bl...
/data/receipts/individual-contributions/,13107,fec.gov,,,2110,85.07,,/data/receipts/individual-contribution...
/pm/account/help/password,13107,portfoliomanager.energystar.gov,,,2111,85.07,,/pm/account/help/password
/products/wwa/,13107,spc.noaa.gov,,,2112,85.08,,/products/wwa/
/store/product/global-postcrossing-stamps-s_582304,13073,store.usps.com,,,2113,85.08,,/store/product/global-postcrossing-sta...
/hfo/marine,13073,weather.gov,,,2114,85.09,,/hfo/marine
/benefits/retirement/planner/ageincrease.html,13073,ssa.gov,,,2115,85.09,,/benefits/retirement/planner/ageincrea...
/yell/planyourvisit/fees.htm,13073,nps.gov,,,2116,85.1,,/yell/planyourvisit/fees.htm
/print/evusstatus,13073,evus.gov,,,2117,85.1,,/print/evusstatus
/retirement-plans/retirement-plan-and-ira-required-minimum-distributions-faqs,13040,irs.gov,,,2118,85.11,,/retirement-plans/retirement-plan-and-...
/how-we-can-help-you/more-fbi-services-and-information/identity-history-summary-checks,13040,fbi.gov,,,2119,85.11,,/how-we-can-help-you/more-fbi-services...
/payments/get-help-with-tax-debt,13040,irs.gov,,,2120,85.12,,/payments/get-help-with-tax-debt
/public/a/myaccount/paymentactivity,13040,pay.gov,,,2121,85.12,,/public/a/myaccount/paymentactivity
/tools/meet-emma-our-virtual-assistant,13040,uscis.gov,,,2122,85.13,,/tools/meet-emma-our-virtual-assistant
/en/international-travel/travel-advisories/china.html,13040,travel.state.gov,,,2123,85.13,,/en/international-travel/travel-adviso...
/schedule/2026/02_sched.htm,13006,bls.gov,,,2124,85.14,,/schedule/2026/02_sched.htm
/ko/downloads/irs-prior,13006,irs.gov,,,2125,85.14,,/ko/downloads/irs-prior
/citizenship-resource-center/learn-about-citizenship/naturalization-eligibility-tool,13006,uscis.gov,,,2126,85.15,,/citizenship-resource-center/learn-abo...
/public/form/start/834689469,12973,pay.gov,,,2127,85.15,,/public/form/start/834689469
/en-gb/niv,12973,ais.usvisa-info.com,,,2128,85.16,,/en-gb/niv
/ceacstattracker/status.aspx,12973,ceac.state.gov,,,2129,85.16,,/ceacstattracker/status.aspx
/app/address,12973,tsaprecheckbytelos.tsa.dhs.gov,,,2130,85.17,,/app/address
/vaccines/hcp/imz-schedules/adult-age.html,12939,cdc.gov,,,2131,85.17,,/vaccines/hcp/imz-schedules/adult-age....
/es/formularios/todos-los-formularios/formulario-i-94-registro-de-entradasalida-informacion-para-completar-formularios-de-uscis,12939,uscis.gov,,,2132,85.18,,/es/formularios/todos-los-formularios/...
/ratings,12939,nhtsa.gov,,,2133,85.18,,/ratings
/es-do/niv,12939,ais.usvisa-info.com,,,2134,85.19,,/es-do/niv
/museum/timeline/covid19.html,12939,cdc.gov,,,2135,85.19,,/museum/timeline/covid19.html
/milestone-documents/voting-rights-act,12939,archives.gov,,,2136,85.2,,/milestone-documents/voting-rights-act
/news.release/cpi.toc.htm,12939,bls.gov,,,2137,85.2,,/news.release/cpi.toc.htm
/education/about-gi-bill-benefits/,12939,va.gov,,,2138,85.21,,/education/about-gi-bill-benefits/
/taxtopics/tc409,12939,irs.gov,,,2139,85.21,,/taxtopics/tc409
/search/search-information,12906,tmsearch.uspto.gov,,,2140,85.22,,/search/search-information
/mission/apollo-11/,12906,nasa.gov,,,2141,85.22,,/mission/apollo-11/
/marketable-securities/treasury-bills/,12906,treasurydirect.gov,,,2142,85.22,,/marketable-securities/treasury-bills/
/precheck/credit-cards-offer,12906,tsa.gov,,,2143,85.23,,/precheck/credit-cards-offer
/entreg/informeddeliveryregistrationaction,12906,reg.usps.com,,,2144,85.23,,/entreg/informeddeliveryregistrationac...
/20848218/,12906,pubmed.ncbi.nlm.nih.gov,,,2145,85.24,,/20848218/
/all-about-the-sun/en/,12906,spaceplace.nasa.gov,,,2146,85.24,,/all-about-the-sun/en/
/incidencerates/index.php,12873,statecancerprofiles.cancer.gov,,,2147,85.25,,/incidencerates/index.php
/content/travel/en/passports/how-apply/where-to-apply.html,12873,travel.state.gov,,,2148,85.25,,/content/travel/en/passports/how-apply...
/announcements-events/big-updates/definitions,12873,studentaid.gov,,,2149,85.26,,/announcements-events/big-updates/defi...
/news-events/cybersecurity-advisories,12873,cisa.gov,,,2150,85.26,,/news-events/cybersecurity-advisories
/newsroom/one-big-beautiful-bill-provisions,12873,irs.gov,,,2151,85.27,,/newsroom/one-big-beautiful-bill-provi...
/all-about-venus/en/,12873,spaceplace.nasa.gov,,,2152,85.27,,/all-about-venus/en/
/international-space-station/,12873,nasa.gov,,,2153,85.28,,/international-space-station/
/store/product/priority-mail-flat-rate-padded-envelopes-p_ep14pe,12873,store.usps.com,,,2154,85.28,,/store/product/priority-mail-flat-rate...
/goes/index.php,12839,star.nesdis.noaa.gov,,,2155,85.29,,/goes/index.php
/s/article/domestic-claims-the-basics,12839,faq.usps.com,,,2156,85.29,,/s/article/domestic-claims-the-basics
/newsroom/blog/moving-prior-authorization-21st-century,12839,cms.gov,,,2157,85.3,,/newsroom/blog/moving-prior-authorizat...
/results,12839,sam.gov,,,2158,85.3,,/results
/news/tag/290754/ufo/,12839,war.gov,,,2159,85.31,,/news/tag/290754/ufo/
/entreg/secure/registrationgatewaysuccessaction_input,12839,reg.usps.com,,,2160,85.31,,/entreg/secure/registrationgatewaysucc...
/apod/ap260327.html,12806,apod.nasa.gov,,,2161,85.32,,/apod/ap260327.html
/apod/ap260320.html,12806,apod.nasa.gov,,,2162,85.32,,/apod/ap260320.html
/itl/ai-risk-management-framework,12806,www.nist.gov,,,2163,85.33,,/itl/ai-risk-management-framework
/news/2026/04/30/activist-biden-judge-releases-violent-criminal-illegal-alien-wanted-murder,12806,dhs.gov,,,2164,85.33,,/news/2026/04/30/activist-biden-judge-...
/profile/notifications/,12772,va.gov,,,2165,85.34,,/profile/notifications/
/benefits/retirement/planner/1960.html,12772,ssa.gov,,,2166,85.34,,/benefits/retirement/planner/1960.html
/ooh/field-of-degree/home.htm,12772,bls.gov,,,2167,85.35,,/ooh/field-of-degree/home.htm
/20158229/,12772,pubmed.ncbi.nlm.nih.gov,,,2168,85.35,,/20158229/
/s/career-paths,12739,careers.cbp.gov,,,2169,85.36,,/s/career-paths
/apod/ap260409.html,12739,apod.nasa.gov,,,2170,85.36,,/apod/ap260409.html
/globe/,12705,vis.globe.gov,,,2171,85.37,,/globe/
/contact-us/ask-va/category-topic-1,12705,www.va.gov,,,2172,85.37,,/contact-us/ask-va/category-topic-1
/dashboard/cases,12705,flag.dol.gov,,,2173,85.38,,/dashboard/cases
/online-services/ponl/customer-support,12705,ttb.gov,,,2174,85.38,,/online-services/ponl/customer-support
/my-va/welcome-va-setup/contact-information,12705,www.va.gov,,,2175,85.39,,/my-va/welcome-va-setup/contact-inform...
/life-insurance/options-eligibility/valife/,12705,va.gov,,,2176,85.39,,/life-insurance/options-eligibility/va...
/spotlights/drone-dominance/,12705,war.gov,,,2177,85.4,,/spotlights/drone-dominance/
/data-research/consumer-complaints/,12705,consumerfinance.gov,,,2178,85.4,,/data-research/consumer-complaints/
/GenNIV/common/thankyou.aspx,12705,ceac.state.gov,,,2179,85.41,,/GenNIV/common/thankyou.aspx
/toolkit/careers/interest-assessment-riasec-scores.aspx,12705,careeronestop.org,,,2180,85.41,,/toolkit/careers/interest-assessment-r...
/plus-app/parent/parent-info,12705,studentaid.gov,,,2181,85.42,,/plus-app/parent/parent-info
/airconsumer/airline-customer-service-dashboard,12672,transportation.gov,,,2182,85.42,,/airconsumer/airline-customer-service-...
/health-care/send-receive-messages/,12672,va.gov,,,2183,85.43,,/health-care/send-receive-messages/
/multimedia/photo-collections/20051/week-in-photos/,12672,war.gov,,,2184,85.43,,/multimedia/photo-collections/20051/we...
/cys/,12672,weather.gov,,,2185,85.44,,/cys/
/schedule/2025/11_sched.htm,12672,bls.gov,,,2186,85.44,,/schedule/2025/11_sched.htm
/ooh/healthcare/home.htm,12672,bls.gov,,,2187,85.44,,/ooh/healthcare/home.htm
/facts/ninonina.html,12672,oceanservice.noaa.gov,,,2188,85.45,,/facts/ninonina.html
/store/product/celebration-blooms-stamps-s_581204,12639,store.usps.com,,,2189,85.45,,/store/product/celebration-blooms-stam...
/opa/pr/federal-grand-jury-charges-southern-poverty-law-center-wire-fraud-false-statements-and,12639,justice.gov,,,2190,85.46,,/opa/pr/federal-grand-jury-charges-sou...
/home/index.html,12639,sanctionslist.ofac.treas.gov,,,2191,85.46,,/home/index.html
/bankfind-suite/bankfind,12639,banks.data.fdic.gov,,,2192,85.47,,/bankfind-suite/bankfind
/faqs/en/questions/,12639,ssa.gov,,,2193,85.47,,/faqs/en/questions/
/international/,12639,usps.com,,,2194,85.48,,/international/
/all-about-neptune/en/,12639,spaceplace.nasa.gov,,,2195,85.48,,/all-about-neptune/en/
/icesat/,12605,icesat.gsfc.nasa.gov,,,2196,85.49,,/icesat/
/lzk/,12605,weather.gov,,,2197,85.49,,/lzk/
/plus-app/parent/credit-check-authorization,12605,studentaid.gov,,,2198,85.5,,/plus-app/parent/credit-check-authoriz...
/app/specialOffers,12572,tsaprecheckbytelos.tsa.dhs.gov,,,2199,85.5,,/app/specialOffers
/apod/ap251225.html,12572,apod.nasa.gov,,,2200,85.51,,/apod/ap251225.html
/manage-loans/forgiveness-cancellation/borrower-defense,12572,studentaid.gov,,,2201,85.51,,/manage-loans/forgiveness-cancellation...
/register,12572,ers.cr.usgs.gov,,,2202,85.52,,/register
/contactus/callus,12572,tricare.mil,,,2203,85.52,,/contactus/callus
/apod/ap260228.html,12538,apod.nasa.gov,,,2204,85.53,,/apod/ap260228.html
/mpn/grad/plus/information,12538,studentaid.gov,,,2205,85.53,,/mpn/grad/plus/information
/box/,12538,weather.gov,,,2206,85.54,,/box/
/store/results/stamps-forever-49-cents/_/n-31vwta,12538,store.usps.com,,,2207,85.54,,/store/results/stamps-forever-49-cents...
/act-early/milestones/index.html,12538,cdc.gov,,,2208,85.55,,/act-early/milestones/index.html
/get-coverage/,12505,www.healthcare.gov,,,2209,85.55,,/get-coverage/
/my-health/appointments/schedule/preferred-date,12505,www.va.gov,,,2210,85.56,,/my-health/appointments/schedule/prefe...
/stormevents/eventdetails.jsp,12505,ncei.noaa.gov,,,2211,85.56,,/stormevents/eventdetails.jsp
/bou/winter,12505,weather.gov,,,2212,85.57,,/bou/winter
/records/get-veteran-id-cards/,12471,va.gov,,,2213,85.57,,/records/get-veteran-id-cards/
/apod/ap260329.html,12471,apod.nasa.gov,,,2214,85.57,,/apod/ap260329.html
/es-ar/niv,12471,ais.usvisa-info.com,,,2215,85.58,,/es-ar/niv
/es/your-account,12471,irs.gov,,,2216,85.58,,/es/your-account
/travel/plan-a-trip/transportation-airfare-rates-pov-rates/airfare-rates-city-pair-program,12471,gsa.gov,,,2217,85.59,,/travel/plan-a-trip/transportation-air...
/en/international-travel/travel-advisories/italy.html,12471,travel.state.gov,,,2218,85.59,,/en/international-travel/travel-adviso...
/content/travel/en/passports/passport-help.html,12471,travel.state.gov,,,2219,85.6,,/content/travel/en/passports/passport-...
/station/klwx/standard,12471,radar.weather.gov,,,2220,85.6,,/station/klwx/standard
/apod/ap260308.html,12438,apod.nasa.gov,,,2221,85.61,,/apod/ap260308.html
/seki/index.htm,12438,nps.gov,,,2222,85.61,,/seki/index.htm
/resources/va-claim-exam/,12438,va.gov,,,2223,85.62,,/resources/va-claim-exam/
/books/nbk1421/,12438,ncbi.nlm.nih.gov,,,2224,85.62,,/books/nbk1421/
/screener/sep/currently-enrolled/,12404,www.healthcare.gov,,,2225,85.63,,/screener/sep/currently-enrolled/
/international/mail-shipping-services.htm,12404,usps.com,,,2226,85.63,,/international/mail-shipping-services....
/file-online/forms-available-to-file-online,12404,uscis.gov,,,2227,85.64,,/file-online/forms-available-to-file-o...
/content/travel/en/us-visas/immigrate/diversity-visa-program-entry/diversity-visa-instructions.html,12404,travel.state.gov,,,2228,85.64,,/content/travel/en/us-visas/immigrate/...
/s/article/Where-is-my-package,12404,faq.usps.com,,,2229,85.65,,/s/article/Where-is-my-package
/measles/data-research/index.html,12404,cdc.gov,,,2230,85.65,,/measles/data-research/index.html
/contact-us/ask-va/your-personal-information,12404,www.va.gov,,,2231,85.66,,/contact-us/ask-va/your-personal-infor...
/es-mx/niv/information/announcements,12371,ais.usvisa-info.com,,,2232,85.66,,/es-mx/niv/information/announcements
/dataset/,12371,data.nasa.gov,,,2233,85.66,,/dataset/
/regulatory-information/search-fda-guidance-documents,12371,fda.gov,,,2234,85.67,,/regulatory-information/search-fda-gui...
/feg/powersearch.do,12371,fueleconomy.gov,,,2235,85.67,,/feg/powersearch.do
/nceskids/createagraph/,12371,nces.ed.gov,,,2236,85.68,,/nceskids/createagraph/
/myportal/logout,12371,portal.cms.gov,,,2237,85.68,,/myportal/logout
/help/report-fraud/report-tax-fraud-a-scam-or-law-violation,12338,irs.gov,,,2238,85.69,,/help/report-fraud/report-tax-fraud-a-...
/coverage,12338,medicare.gov,,,2239,85.69,,/coverage
/moon/moon-phases/,12338,science.nasa.gov,,,2240,85.7,,/moon/moon-phases/
/disability/professionals/bluebook/12.00-mentaldisorders-adult.htm,12338,ssa.gov,,,2241,85.7,,/disability/professionals/bluebook/12....
/plus-app/parent/submit,12338,studentaid.gov,,,2242,85.71,,/plus-app/parent/submit
/helping-americans/homes-for-sale,12304,www.hud.gov,,,2243,85.71,,/helping-americans/homes-for-sale
/app/summary,12304,tsaprecheckbytelos.tsa.dhs.gov,,,2244,85.72,,/app/summary
/prs/beta/,12304,register.clinicaltrials.gov,,,2245,85.72,,/prs/beta/
/dailymed/index.cfm,12304,dailymed.nlm.nih.gov,,,2246,85.73,,/dailymed/index.cfm
/apply/appeal-decision-we-made/request-reconsideration,12304,ssa.gov,,,2247,85.73,,/apply/appeal-decision-we-made/request...
/h/manage-loans,12304,studentaid.gov,,,2248,85.74,,/h/manage-loans
/zh,12271,secure.login.gov,,,2249,85.74,,/zh
/programs/twic,12271,tsaenrollmentbyidemia.tsa.dhs.gov,,,2250,85.75,,/programs/twic
/store/product/dahlias-stamps-s_685304,12271,store.usps.com,,,2251,85.75,,/store/product/dahlias-stamps-s_685304
/piiv2/index.htm,12271,securityawareness.dcsa.mil,,,2252,85.75,,/piiv2/index.htm
/apod/ap260402.html,12271,apod.nasa.gov,,,2253,85.76,,/apod/ap260402.html
/saturn/,12271,science.nasa.gov,,,2254,85.76,,/saturn/
/travel/trusted-traveler-programs/nexus,12237,cbp.gov,,,2255,85.77,,/travel/trusted-traveler-programs/nexu...
/apod/ap260307.html,12237,apod.nasa.gov,,,2256,85.77,,/apod/ap260307.html
/laws-regs,12237,osha.gov,,,2257,85.78,,/laws-regs
/facilities,12237,pnnl.gov,,,2258,85.78,,/facilities
/climo/online/,12237,spc.noaa.gov,,,2259,85.79,,/climo/online/
/paynowsuccess.html,12237,poboxes.usps.com,,,2260,85.79,,/paynowsuccess.html
/science-and-technology,12237,dhs.gov,,,2261,85.8,,/science-and-technology
/usn/moc/index.html,12237,cool.osd.mil,,,2262,85.8,,/usn/moc/index.html
/itawareness/index.htm,12204,securityawareness.dcsa.mil,,,2263,85.81,,/itawareness/index.htm
/tsa/,12204,weather.gov,,,2264,85.81,,/tsa/
/ssi/amount,12204,ssa.gov,,,2265,85.82,,/ssi/amount
/articles/become-a-pslf-help-tool-ninja/,12204,studentaid.gov,,,2266,85.82,,/articles/become-a-pslf-help-tool-ninj...
/basics,12204,medicare.gov,,,2267,85.82,,/basics
/station/klzk/standard,12204,radar.weather.gov,,,2268,85.83,,/station/klzk/standard
/marketreports/commitmentsoftraders/index.htm,12170,cftc.gov,,,2269,85.83,,/marketreports/commitmentsoftraders/in...
/vaccines/hcp/current-vis/index.html,12170,cdc.gov,,,2270,85.84,,/vaccines/hcp/current-vis/index.html
/settings/,12170,account.ncbi.nlm.nih.gov,,,2271,85.84,,/settings/
/20558710/,12137,pubmed.ncbi.nlm.nih.gov,,,2272,85.85,,/20558710/
/ess/customer-ui/personal-information,12137,secure.ssa.gov,,,2273,85.85,,/ess/customer-ui/personal-information
/mpn/grad/plus/information/employer,12137,studentaid.gov,,,2274,85.86,,/mpn/grad/plus/information/employer
/oicweb/searchclaim,12137,onlineclaims.usps.com,,,2275,85.86,,/oicweb/searchclaim
/tools/checking-your-case-status-online,12137,uscis.gov,,,2276,85.87,,/tools/checking-your-case-status-onlin...
/pub/,12137,weather.gov,,,2277,85.87,,/pub/
/providers-services/original-medicare,12137,medicare.gov,,,2278,85.88,,/providers-services/original-medicare
/mkx/,12104,weather.gov,,,2279,85.88,,/mkx/
/health-care/eligibility/,12104,va.gov,,,2280,85.88,,/health-care/eligibility/
/venus/,12104,science.nasa.gov,,,2281,85.89,,/venus/
/healthcare-insurance/healthcare/plan-information/compare-plans/fehb/plans,12104,opm.gov,,,2282,85.89,,/healthcare-insurance/healthcare/plan-...
/batse/occultation/,12104,f64.ndc.nasa.gov,,,2283,85.9,,/batse/occultation/
/press-releases/tesla-model-y-first-vehicle-pass-nhtsa-new-advanced-driver-assistance-system-tests,12104,nhtsa.gov,,,2284,85.9,,/press-releases/tesla-model-y-first-ve...
/prs/beta/records,12104,register.clinicaltrials.gov,,,2285,85.91,,/prs/beta/records
/faqs/en/questions/ka-01921.html,12070,ssa.gov,,,2286,85.91,,/faqs/en/questions/ka-01921.html
/estastatus,12070,esta.cbp.dhs.gov,,,2287,85.92,,/estastatus
/ilx/,12070,weather.gov,,,2288,85.92,,/ilx/
/consumer-tools/credit-reports-and-scores/,12070,consumerfinance.gov,,,2289,85.93,,/consumer-tools/credit-reports-and-sco...
/health-care/get-health-id-card/,12070,va.gov,,,2290,85.93,,/health-care/get-health-id-card/
/signin/actionrequired/,12037,training.fema.gov,,,2291,85.94,,/signin/actionrequired/
/pk/en/,12003,ustraveldocs.com,,,2292,85.94,,/pk/en/
/climate-change/causes/,12003,science.nasa.gov,,,2293,85.94,,/climate-change/causes/
/localhelp/americanjobcenters/find-american-job-centers.aspx,12003,careeronestop.org,,,2294,85.95,,/localhelp/americanjobcenters/find-ame...
/16570659/,11970,pubmed.ncbi.nlm.nih.gov,,,2295,85.95,,/16570659/
/basics/costs/help/drug-costs,11970,medicare.gov,,,2296,85.96,,/basics/costs/help/drug-costs
/realid/realid-faqs,11970,tsa.gov,,,2297,85.96,,/realid/realid-faqs
/tae/,11970,weather.gov,,,2298,85.97,,/tae/
/apod/ap260331.html,11970,apod.nasa.gov,,,2299,85.97,,/apod/ap260331.html
/bls/topicsaz.htm,11970,bls.gov,,,2300,85.98,,/bls/topicsaz.htm
/mpn/grad/plus/information/school,11936,studentaid.gov,,,2301,85.98,,/mpn/grad/plus/information/school
/bankfind-suite/SOD,11936,banks.data.fdic.gov,,,2302,85.99,,/bankfind-suite/SOD
/contact-us/ask-va/category-topic-2,11936,www.va.gov,,,2303,85.99,,/contact-us/ask-va/category-topic-2
/books/nbk501922/,11936,ncbi.nlm.nih.gov,,,2304,86.0,,/books/nbk501922/
/forms/filing-guidance/expedite-requests,11936,uscis.gov,,,2305,86.0,,/forms/filing-guidance/expedite-reques...
/calculator/summary,11936,postcalc.usps.com,,,2306,86.0,,/calculator/summary
//es/investigacion/ensayos-clinicos,11936,nhlbi.nih.gov,,,2307,86.01,,//es/investigacion/ensayos-clinicos
/yose/planyourvisit/tioga.htm,11936,nps.gov,,,2308,86.01,,/yose/planyourvisit/tioga.htm
/job/866566800,11903,usajobs.gov,,,2309,86.02,,/job/866566800
/opub/,11903,bls.gov,,,2310,86.02,,/opub/
/tin/itin/individual-taxpayer-identification-number-itin,11903,irs.gov,,,2311,86.03,,/tin/itin/individual-taxpayer-identifi...
/screener/sep/medicaid-loss/,11903,www.healthcare.gov,,,2312,86.03,,/screener/sep/medicaid-loss/
/health-care/apply-for-health-care-form-10-10ez/,11870,va.gov,,,2313,86.04,,/health-care/apply-for-health-care-for...
/apod/ap260213.html,11870,apod.nasa.gov,,,2314,86.04,,/apod/ap260213.html
/family-and-caregiver-benefits/health-and-disability/comprehensive-assistance-for-family-caregivers/,11870,va.gov,,,2315,86.05,,/family-and-caregiver-benefits/health-...
/i-864p,11870,uscis.gov,,,2316,86.05,,/i-864p
/charts/home.htm,11870,bls.gov,,,2317,86.05,,/charts/home.htm
/ooh/occupation-finder.htm,11870,bls.gov,,,2318,86.06,,/ooh/occupation-finder.htm
/forms-pubs/about-form-w-8-ben,11870,irs.gov,,,2319,86.06,,/forms-pubs/about-form-w-8-ben
/ajax/assets/related_media,11870,dhs.gov,,,2320,86.07,,/ajax/assets/related_media
/apod/ap260301.html,11870,apod.nasa.gov,,,2321,86.07,,/apod/ap260301.html
/casestatus,11836,egov.uscis.gov,,,2322,86.08,,/casestatus
/tobacco/e-cigarettes/health-effects.html,11836,cdc.gov,,,2323,86.08,,/tobacco/e-cigarettes/health-effects.h...
/ooh/healthcare/registered-nurses.htm,11836,bls.gov,,,2324,86.09,,/ooh/healthcare/registered-nurses.htm
/agency-index,11836,usa.gov,,,2325,86.09,,/agency-index
/mpn/grad/plus/references,11803,studentaid.gov,,,2326,86.1,,/mpn/grad/plus/references
/support-services/mynavy-career-center/pers-pay-support/sailor-self-service/pcs-resources/,11803,mynavyhr.navy.mil,,,2327,86.1,,/support-services/mynavy-career-center...
/taxtopics,11803,irs.gov,,,2328,86.1,,/taxtopics
/health-care/how-to-apply/,11803,va.gov,,,2329,86.11,,/health-care/how-to-apply/
/my-va/welcome-va-setup/confirmation,11803,www.va.gov,,,2330,86.11,,/my-va/welcome-va-setup/confirmation
/my-health/appointments/schedule/date-time,11803,www.va.gov,,,2331,86.12,,/my-health/appointments/schedule/date-...
/manage-benefits/get-tax-form-10991042s,11803,ssa.gov,,,2332,86.12,,/manage-benefits/get-tax-form-10991042...
/15928076/,11769,pubmed.ncbi.nlm.nih.gov,,,2333,86.13,,/15928076/
/apod/ap260325.html,11769,apod.nasa.gov,,,2334,86.13,,/apod/ap260325.html
/phi/,11769,weather.gov,,,2335,86.14,,/phi/
/taxpayer-advocate,11769,irs.gov,,,2336,86.14,,/taxpayer-advocate
/programs/earthquake-hazards/earthquakes,11736,usgs.gov,,,2337,86.14,,/programs/earthquake-hazards/earthquak...
/LATEST/webapp/,11736,cde.ucr.cjis.gov,,,2338,86.15,,/LATEST/webapp/
/consumer-tools/credit-cards/,11736,consumerfinance.gov,,,2339,86.15,,/consumer-tools/credit-cards/
/searchresults,11736,tricare.mil,,,2340,86.16,,/searchresults
/scripts/opdlisting/oopd/,11736,accessdata.fda.gov,,,2341,86.16,,/scripts/opdlisting/oopd/
/image-detail/amf-art002e009301/,11702,nasa.gov,,,2342,86.17,,/image-detail/amf-art002e009301/
/news.release/ximpim.toc.htm,11702,bls.gov,,,2343,86.17,,/news.release/ximpim.toc.htm
/climo/reports/today.html,11702,spc.noaa.gov,,,2344,86.18,,/climo/reports/today.html
/queries/factsheet.aspx,11702,nas.er.usgs.gov,,,2345,86.18,,/queries/factsheet.aspx
/news/releases/release/article/4477238/secretary-of-war-general-officer-announcements-for-may-4-2026/,11702,war.gov,,,2346,86.19,,/news/releases/release/article/4477238...
/propertydetails,11669,hudhomestore.gov,,,2347,86.19,,/propertydetails
/ooh/construction-and-extraction/home.htm,11669,bls.gov,,,2348,86.19,,/ooh/construction-and-extraction/home....
/apod/ap260326.html,11635,apod.nasa.gov,,,2349,86.2,,/apod/ap260326.html
/hud-partners,11635,www.hud.gov,,,2350,86.2,,/hud-partners
/content/travel/en/about-us/mytravelgov.html,11635,travel.state.gov,,,2351,86.21,,/content/travel/en/about-us/mytravelgo...
/understand-aid/eligibility/requirements,11635,studentaid.gov,,,2352,86.21,,/understand-aid/eligibility/requiremen...
/mpn/grad/plus/agreements/2,11635,studentaid.gov,,,2353,86.22,,/mpn/grad/plus/agreements/2
/eax/,11635,weather.gov,,,2354,86.22,,/eax/
/marketable-securities/treasury-bonds/,11602,treasurydirect.gov,,,2355,86.23,,/marketable-securities/treasury-bonds/
/registration/updating-your-registration,11602,fmcsa.dot.gov,,,2356,86.23,,/registration/updating-your-registrati...
/16207945/,11602,pubmed.ncbi.nlm.nih.gov,,,2357,86.23,,/16207945/
/oact/population/longevity.html,11602,ssa.gov,,,2358,86.24,,/oact/population/longevity.html
/id/303938034,11602,catalog.archives.gov,,,2359,86.24,,/id/303938034
/education/apply-for-gi-bill-form-22-1990/benefit-selection,11602,www.va.gov,,,2360,86.25,,/education/apply-for-gi-bill-form-22-1...
/store/product/international-peace-stamps-s_488704,11602,store.usps.com,,,2361,86.25,,/store/product/international-peace-sta...
/my-health/appointments/schedule/va-request/,11602,www.va.gov,,,2362,86.26,,/my-health/appointments/schedule/va-re...
/apod/ap260406.html,11569,apod.nasa.gov,,,2363,86.26,,/apod/ap260406.html
/scripts/cdrh/cfdocs/cftplc/tplc.cfm,11569,accessdata.fda.gov,,,2364,86.26,,/scripts/cdrh/cfdocs/cftplc/tplc.cfm
/disability/eligibility/,11569,va.gov,,,2365,86.27,,/disability/eligibility/
/enforcement/enforcement-by-the-numbers/,11569,consumerfinance.gov,,,2366,86.27,,/enforcement/enforcement-by-the-number...
/mpn/grad/plus/agreements,11569,studentaid.gov,,,2367,86.28,,/mpn/grad/plus/agreements
/forms/filing-fees/uscis-immigrant-fee,11569,uscis.gov,,,2368,86.28,,/forms/filing-fees/uscis-immigrant-fee
/individuals/understanding-your-cp5071-series-notice,11569,irs.gov,,,2369,86.29,,/individuals/understanding-your-cp5071...
/glac/learn/news/remains-of-missing-hiker-found.htm,11569,nps.gov,,,2370,86.29,,/glac/learn/news/remains-of-missing-hi...
/basics/get-started-with-medicare/sign-up/when-does-medicare-coverage-start,11535,medicare.gov,,,2371,86.3,,/basics/get-started-with-medicare/sign...
/login/find-account-personal-info,11535,www.benefeds.gov,,,2372,86.3,,/login/find-account-personal-info
/opa/video/department-justice-publishes-35-million-responsive-pages-compliance-epstein-files,11535,justice.gov,,,2373,86.3,,/opa/video/department-justice-publishe...
/compliance/criminal_prosecution/index.cfm,11535,cfpub.epa.gov,,,2374,86.31,,/compliance/criminal_prosecution/index...
/hand-foot-mouth/about/index.html,11535,cdc.gov,,,2375,86.31,,/hand-foot-mouth/about/index.html
/federal-credentialing-services,11535,gsa.gov,,,2376,86.32,,/federal-credentialing-services
/education/apply-for-gi-bill-form-22-1990/introduction,11535,www.va.gov,,,2377,86.32,,/education/apply-for-gi-bill-form-22-1...
/understand-aid/types/loans/plus/grad,11535,studentaid.gov,,,2378,86.33,,/understand-aid/types/loans/plus/grad
/all-about-uranus/en/,11535,spaceplace.nasa.gov,,,2379,86.33,,/all-about-uranus/en/
/vpv404/i-9-central.,11502,uscis.gov,,,2380,86.34,,/vpv404/i-9-central.
/compliance/compliance-resources/,11502,consumerfinance.gov,,,2381,86.34,,/compliance/compliance-resources/
/consumer-tools/prepaid-cards/,11502,consumerfinance.gov,,,2382,86.34,,/consumer-tools/prepaid-cards/
/mpn/grad/plus/agreements/3,11502,studentaid.gov,,,2383,86.35,,/mpn/grad/plus/agreements/3
/vaccines/hcp/current-vis/tdap.html,11502,cdc.gov,,,2384,86.35,,/vaccines/hcp/current-vis/tdap.html
/lwx/,11502,weather.gov,,,2385,86.36,,/lwx/
/snap-it-eclipse-game/en/,11502,spaceplace.nasa.gov,,,2386,86.36,,/snap-it-eclipse-game/en/
/applicant/resume/previewuploadedresume/,11502,usajobs.gov,,,2387,86.37,,/applicant/resume/previewuploadedresum...
/mpn/grad/plus/agreements/4,11502,studentaid.gov,,,2388,86.37,,/mpn/grad/plus/agreements/4
/school/,11468,collegescorecard.ed.gov,,,2389,86.38,,/school/
/g-1650,11468,uscis.gov,,,2390,86.38,,/g-1650
/data/taf/,11468,aviationweather.gov,,,2391,86.38,,/data/taf/
/schedule/2025/10_sched.htm,11468,bls.gov,,,2392,86.39,,/schedule/2025/10_sched.htm
/mpn/grad/plus/agreements/5,11468,studentaid.gov,,,2393,86.39,,/mpn/grad/plus/agreements/5
/investigate/cyber,11435,fbi.gov,,,2394,86.4,,/investigate/cyber
/my-va/welcome-va-setup/contact-information/edit-mobile-phone,11435,www.va.gov,,,2395,86.4,,/my-va/welcome-va-setup/contact-inform...
/publications/pub-details,11435,ers.usda.gov,,,2396,86.41,,/publications/pub-details
/ars/user/address,11435,idcfars.bls.gov,,,2397,86.41,,/ars/user/address
/spanish/ency/article/003104.htm,11435,medlineplus.gov,,,2398,86.41,,/spanish/ency/article/003104.htm
/basics/get-started-with-medicare/get-more-coverage/joining-a-plan,11435,medicare.gov,,,2399,86.42,,/basics/get-started-with-medicare/get-...
/newsroom/irs-statements-and-announcements,11435,irs.gov,,,2400,86.42,,/newsroom/irs-statements-and-announcem...
/romo/planyourvisit/timed-entry-permit-system.htm,11435,nps.gov,,,2401,86.43,,/romo/planyourvisit/timed-entry-permit...
/travel/plan-a-trip/per-diem-rates/mie-breakdowns,11435,gsa.gov,,,2402,86.43,,/travel/plan-a-trip/per-diem-rates/mie...
/scripts/cdrh/cfdocs/cfcfr/cfrsearch.cfm,11435,accessdata.fda.gov,,,2403,86.44,,/scripts/cdrh/cfdocs/cfcfr/cfrsearch.c...
/news/financial-institution-letters,11435,fdic.gov,,,2404,86.44,,/news/financial-institution-letters
/medicare/cms-forms/cms-forms/cms-forms-items/cms009718,11435,cms.gov,,,2405,86.45,,/medicare/cms-forms/cms-forms/cms-form...
/travel/trusted-traveler-programs,11435,cbp.gov,,,2406,86.45,,/travel/trusted-traveler-programs
/mpn/grad/plus/review,11435,studentaid.gov,,,2407,86.45,,/mpn/grad/plus/review
/mycases,11401,egov.uscis.gov,,,2408,86.46,,/mycases
/content/travel/en/news/visas-news/suspension-of-visa-issuance-to-foreign-nationals-to-protect-the-security-of-the-united-states.html,11401,travel.state.gov,,,2409,86.46,,/content/travel/en/news/visas-news/sus...
/mpn/grad/plus/submit,11401,studentaid.gov,,,2410,86.47,,/mpn/grad/plus/submit
/data/resources/index.html,11401,ahrq.gov,,,2411,86.47,,/data/resources/index.html
/fsa-id/help/reset-pwd-email-csr,11401,studentaid.gov,,,2412,86.48,,/fsa-id/help/reset-pwd-email-csr
/es/localizar-persona-detenida-ice,11368,usa.gov,,,2413,86.48,,/es/localizar-persona-detenida-ice
/search/compliance-search,11368,i94.cbp.dhs.gov,,,2414,86.48,,/search/compliance-search
/neptune/,11368,science.nasa.gov,,,2415,86.49,,/neptune/
/manage-va-debt/,11335,va.gov,,,2416,86.49,,/manage-va-debt/
/chemistry/,11335,webbook.nist.gov,,,2417,86.5,,/chemistry/
/vpv404/readme.txt/,11335,retuning.pnnl.gov,,,2418,86.5,,/vpv404/readme.txt/
/search/saved,11335,sam.gov,,,2419,86.51,,/search/saved
/newsroom/alerts/update-on-uscis-strengthened-screening-and-vetting,11335,uscis.gov,,,2420,86.51,,/newsroom/alerts/update-on-uscis-stren...
/forms-pubs/about-form-8822-b,11335,irs.gov,,,2421,86.51,,/forms-pubs/about-form-8822-b
/apod/ap260314.html,11335,apod.nasa.gov,,,2422,86.52,,/apod/ap260314.html
/newsroom/news-releases,11335,uscis.gov,,,2423,86.52,,/newsroom/news-releases
/eligibility,11335,fbijobs.gov,,,2424,86.53,,/eligibility
/learning-and-resources/fees-and-payment/uspto-fee-schedule,11335,uspto.gov,,,2425,86.53,,/learning-and-resources/fees-and-payme...
/manage-dependents/add-remove-form-21-686c-674/introduction,11301,www.va.gov,,,2426,86.54,,/manage-dependents/add-remove-form-21-...
/moving-pcs/moving-personal-property/,11301,militaryonesource.mil,,,2427,86.54,,/moving-pcs/moving-personal-property/
/mpn/grad/plus/confirmation,11301,studentaid.gov,,,2428,86.55,,/mpn/grad/plus/confirmation
/itawareness/story.html,11301,securityawareness.dcsa.mil,,,2429,86.55,,/itawareness/story.html
/consumer-alerts/2014/02/one-ring-cell-phone-scam-can-ding-your-wallet,11301,consumer.ftc.gov,,,2430,86.55,,/consumer-alerts/2014/02/one-ring-cell...
/businesses/small-businesses-self-employed/frequently-asked-questions-on-gift-taxes,11301,irs.gov,,,2431,86.56,,/businesses/small-businesses-self-empl...
/envia-tu-nombre-con-artemis/,11268,www3.nasa.gov,,,2432,86.56,,/envia-tu-nombre-con-artemis/
/cle/,11268,weather.gov,,,2433,86.57,,/cle/
/provider-characteristics/medicare-provider-supplier-enrollment/order-and-referring/data,11268,data.cms.gov,,,2434,86.57,,/provider-characteristics/medicare-pro...
/identity-theft-central,11268,irs.gov,,,2435,86.58,,/identity-theft-central
/special-agents/physical-requirements,11268,fbijobs.gov,,,2436,86.58,,/special-agents/physical-requirements
/i-693,11268,uscis.gov,,,2437,86.58,,/i-693
/manage-benefits/request-withhold-taxes,11268,ssa.gov,,,2438,86.59,,/manage-benefits/request-withhold-taxe...
/ph/en/,11268,ustraveldocs.com,,,2439,86.59,,/ph/en/
/compliance/consumer-complaint-program/,11268,consumerfinance.gov,,,2440,86.6,,/compliance/consumer-complaint-program...
/i-589,11234,uscis.gov,,,2441,86.6,,/i-589
/en/international-travel/planning/checklist.html,11234,travel.state.gov,,,2442,86.61,,/en/international-travel/planning/chec...
/pk/en/nonimmigrant-visa,11234,ustraveldocs.com,,,2443,86.61,,/pk/en/nonimmigrant-visa
/earthquakes/search/,11201,earthquake.usgs.gov,,,2444,86.61,,/earthquakes/search/
/travel/trusted-traveler-programs/global-entry/frequently-asked-questions,11201,cbp.gov,,,2445,86.62,,/travel/trusted-traveler-programs/glob...
/toolkit/toolkit.aspx,11201,careeronestop.org,,,2446,86.62,,/toolkit/toolkit.aspx
/s/article/acceptable-form-of-identification,11201,faq.usps.com,,,2447,86.63,,/s/article/acceptable-form-of-identifi...
/rules-policy/,11201,consumerfinance.gov,,,2448,86.63,,/rules-policy/
/image-detail/fd02_for-pao/,11201,nasa.gov,,,2449,86.64,,/image-detail/fd02_for-pao/
/s/article/Delayed-Mail-and-Packages,11167,faq.usps.com,,,2450,86.64,,/s/article/Delayed-Mail-and-Packages
/coronavirus/economic-impact-payments,11167,irs.gov,,,2451,86.64,,/coronavirus/economic-impact-payments
/common/utilities/sendmail/sendemail.cfm,11167,nps.gov,,,2452,86.65,,/common/utilities/sendmail/sendemail.c...
/cn/zh/step-4,11167,ustraveldocs.com,,,2453,86.65,,/cn/zh/step-4
/forms/filing-guidance/preparing-for-your-biometric-services-appointment,11167,uscis.gov,,,2454,86.66,,/forms/filing-guidance/preparing-for-y...
/benefits/retirement/planner/anypiaapplet.html,11167,ssa.gov,,,2455,86.66,,/benefits/retirement/planner/anypiaapp...
/articles/pmc3043740/,11167,pmc.ncbi.nlm.nih.gov,,,2456,86.67,,/articles/pmc3043740/
/agencies/whd/contact/complaints,11134,dol.gov,,,2457,86.67,,/agencies/whd/contact/complaints
/newsroom/fact-sheets,11134,irs.gov,,,2458,86.67,,/newsroom/fact-sheets
/resources/msb-state-selector,11134,fincen.gov,,,2459,86.68,,/resources/msb-state-selector
/spanish/ency/article/000468.htm,11134,medlineplus.gov,,,2460,86.68,,/spanish/ency/article/000468.htm
/reservebox.html,11134,poboxes.usps.com,,,2461,86.69,,/reservebox.html
/ktn-lookup,11134,tsaprecheckbyclear.tsa.dhs.gov,,,2462,86.69,,/ktn-lookup
/apod/ap260319.html,11101,apod.nasa.gov,,,2463,86.7,,/apod/ap260319.html
/snp/,11101,ncbi.nlm.nih.gov,,,2464,86.7,,/snp/
/searchphotos/showqueryresults-slideshowgallery.pl,11101,eol.jsc.nasa.gov,,,2465,86.7,,/searchphotos/showqueryresults-slidesh...
/civil/reca,11067,justice.gov,,,2466,86.71,,/civil/reca
/apod/ap260309.html,11067,apod.nasa.gov,,,2467,86.71,,/apod/ap260309.html
/newsroom/irs-sets-2026-business-standard-mileage-rate-at-725-cents-per-mile-up-25-cents,11067,irs.gov,,,2468,86.72,,/newsroom/irs-sets-2026-business-stand...
/newsroom/irs-tax-tips,11067,irs.gov,,,2469,86.72,,/newsroom/irs-tax-tips
/education/download-letters/letters,11067,va.gov,,,2470,86.72,,/education/download-letters/letters
/about/k-12-education/severe-weather/tornado-simulator,11067,nesdis.noaa.gov,,,2471,86.73,,/about/k-12-education/severe-weather/t...
/solar-system/whats-up-may-2026-skywatching-tips-from-nasa/,11067,science.nasa.gov,,,2472,86.73,,/solar-system/whats-up-may-2026-skywat...
/store/collectors,11034,store.usps.com,,,2473,86.74,,/store/collectors
/events/,11034,discover.va.gov,,,2474,86.74,,/events/
/how-to-file-your-taxes-step-by-step,11034,irs.gov,,,2475,86.75,,/how-to-file-your-taxes-step-by-step
/laws-and-regulations,11034,fdic.gov,,,2476,86.75,,/laws-and-regulations
/asset-sales/events,11034,fdic.gov,,,2477,86.75,,/asset-sales/events
/apod/ap260313.html,11034,apod.nasa.gov,,,2478,86.76,,/apod/ap260313.html
/ooh/fastest-growing.htm,11000,bls.gov,,,2479,86.76,,/ooh/fastest-growing.htm
/articles/pmc10448573/,11000,pmc.ncbi.nlm.nih.gov,,,2480,86.77,,/articles/pmc10448573/
/en/international-travel/travel-advisories/global-events/worldwide-caution.html,11000,travel.state.gov,,,2481,86.77,,/en/international-travel/travel-adviso...
/payments/simple-payment-plans-for-individuals-and-businesses,11000,irs.gov,,,2482,86.78,,/payments/simple-payment-plans-for-ind...
/my-health/secure-messages/folders/,10967,www.va.gov,,,2483,86.78,,/my-health/secure-messages/folders/
/consumer-tools/bank-accounts/,10967,consumerfinance.gov,,,2484,86.78,,/consumer-tools/bank-accounts/
/decision-reviews/,10967,va.gov,,,2485,86.79,,/decision-reviews/
/station/kbox/standard,10967,radar.weather.gov,,,2486,86.79,,/station/kbox/standard
/data/gdp/gross-domestic-product,10967,bea.gov,,,2487,86.8,,/data/gdp/gross-domestic-product
/careeroutlook/subject/pay.htm,10967,bls.gov,,,2488,86.8,,/careeroutlook/subject/pay.htm
/deview,10967,cde.nlm.nih.gov,,,2489,86.8,,/deview
/zh-hans,10967,irs.gov,,,2490,86.81,,/zh-hans
/basics/get-started-with-medicare/medicare-basics/working-past-65,10967,medicare.gov,,,2491,86.81,,/basics/get-started-with-medicare/medi...
/policy-issues/coronavirus/assistance-for-state-local-and-tribal-governments/emergency-rental-assistance-program,10967,home.treasury.gov,,,2492,86.82,,/policy-issues/coronavirus/assistance-...
/job/863783700,10933,usajobs.gov,,,2493,86.82,,/job/863783700
/erh/ghwo,10933,weather.gov,,,2494,86.83,,/erh/ghwo
/bioproject/,10933,ncbi.nlm.nih.gov,,,2495,86.83,,/bioproject/
/vaccines/hcp/imz-schedules/index.html,10933,cdc.gov,,,2496,86.83,,/vaccines/hcp/imz-schedules/index.html
/housing/housing-insecurity/help-for-renters/get-help-paying-rent-and-bills/,10933,consumerfinance.gov,,,2497,86.84,,/housing/housing-insecurity/help-for-r...
/rules-policy/regulations/,10900,consumerfinance.gov,,,2498,86.84,,/rules-policy/regulations/
/ooh/healthcare/physicians-and-surgeons.htm,10900,bls.gov,,,2499,86.85,,/ooh/healthcare/physicians-and-surgeon...
/bls/unemployment.htm,10900,bls.gov,,,2500,86.85,,/bls/unemployment.htm
/aft/,10900,army.mil,,,2501,86.85,,/aft/
/s/article/Change-of-Address-The-Basics,10900,faq.usps.com,,,2502,86.86,,/s/article/Change-of-Address-The-Basic...
/newsroom/news-releases-for-current-month,10900,irs.gov,,,2503,86.86,,/newsroom/news-releases-for-current-mo...
/ars/user/doaddress,10900,idcfars.bls.gov,,,2504,86.87,,/ars/user/doaddress
/contact-us/ask-va/your-question,10900,www.va.gov,,,2505,86.87,,/contact-us/ask-va/your-question
/contact-us/ask-va/relationship-to-veteran,10900,www.va.gov,,,2506,86.88,,/contact-us/ask-va/relationship-to-vet...
/presidential-succession,10900,usa.gov,,,2507,86.88,,/presidential-succession
/status,10900,tsaprecheckbyclear.tsa.dhs.gov,,,2508,86.88,,/status
/traces/,10900,trace.ncbi.nlm.nih.gov,,,2509,86.89,,/traces/
/books/nbk547852/,10900,ncbi.nlm.nih.gov,,,2510,86.89,,/books/nbk547852/
/history/presidents/chronological.html,10900,georgewbush-whitehouse.archives.gov,,,2511,86.9,,/history/presidents/chronological.html
/policy-data-oversight/classification-qualifications/general-schedule-qualification-standards/,10866,opm.gov,,,2512,86.9,,/policy-data-oversight/classification-...
/data-research/research-hub/,10866,consumerfinance.gov,,,2513,86.9,,/data-research/research-hub/
/consumer-tools/,10866,consumerfinance.gov,,,2514,86.91,,/consumer-tools/
/taxtopics/tc701,10833,irs.gov,,,2515,86.91,,/taxtopics/tc701
/credits-deductions/elective-pay-and-transferability,10833,irs.gov,,,2516,86.92,,/credits-deductions/elective-pay-and-t...
/23640276/,10833,pubmed.ncbi.nlm.nih.gov,,,2517,86.92,,/23640276/
/app/scheduler,10833,tsaprecheckbytelos.tsa.dhs.gov,,,2518,86.93,,/app/scheduler
/airnow/,10833,gispub.epa.gov,,,2519,86.93,,/airnow/
/22348331/,10833,pubmed.ncbi.nlm.nih.gov,,,2520,86.93,,/22348331/
/industry/electronic-submissions-gateway-next-generation-esg-nextgen,10833,fda.gov,,,2521,86.94,,/industry/electronic-submissions-gatew...
/apod/ap260324.html,10833,apod.nasa.gov,,,2522,86.94,,/apod/ap260324.html
/enforcement/warning-letters/,10833,consumerfinance.gov,,,2523,86.95,,/enforcement/warning-letters/
/derivative/story.html,10800,securityawareness.dcsa.mil,,,2524,86.95,,/derivative/story.html
/26625712/,10800,pubmed.ncbi.nlm.nih.gov,,,2525,86.95,,/26625712/
/manage-loans/forgiveness-cancellation/public-service/public-service-loan-forgiveness-buyback,10800,studentaid.gov,,,2526,86.96,,/manage-loans/forgiveness-cancellation...
/medicare/plan/medicare-parts,10800,ssa.gov,,,2527,86.96,,/medicare/plan/medicare-parts
/app/location,10800,tsaprecheckbytelos.tsa.dhs.gov,,,2528,86.97,,/app/location
/ars/user/welcome,10800,idcfars.bls.gov,,,2529,86.97,,/ars/user/welcome
/vpv404/composer/plugin/scaffold/readme.md,10800,atmosphere-imager.gsfc.nasa.gov,,,2530,86.98,,/vpv404/composer/plugin/scaffold/readm...
/media-advisory/noaa-to-announce-2026-atlantic-hurricane-season-outlook,10800,noaa.gov,,,2531,86.98,,/media-advisory/noaa-to-announce-2026-...
/family-and-caregiver-benefits/survivor-compensation/dependency-indemnity-compensation/,10800,va.gov,,,2532,86.98,,/family-and-caregiver-benefits/survivo...
/flood-maps/national-flood-hazard-layer,10800,fema.gov,,,2533,86.99,,/flood-maps/national-flood-hazard-laye...
/enrolleeInfo,10800,www.evus.gov,,,2534,86.99,,/enrolleeInfo
/scripts/cder/daf/,10800,accessdata.fda.gov,,,2535,87.0,,/scripts/cder/daf/
/store/product/baby-wild-animals-stamps-s_685504,10766,store.usps.com,,,2536,87.0,,/store/product/baby-wild-animals-stamp...
/consumer-tools/educator-tools/adult-financial-education/tools-and-resources/,10766,consumerfinance.gov,,,2537,87.0,,/consumer-tools/educator-tools/adult-f...
/individuals/understanding-your-cp523-notice,10766,irs.gov,,,2538,87.01,,/individuals/understanding-your-cp523-...
/articles/000/rivercane.htm,10766,nps.gov,,,2539,87.01,,/articles/000/rivercane.htm
/clinvar,10766,ncbi.nlm.nih.gov,,,2540,87.02,,/clinvar
/opa/pr/justice-department-investigation-determines-uclas-medical-school-discriminated-based-race,10766,justice.gov,,,2541,87.02,,/opa/pr/justice-department-investigati...
/content/travel/en/us-visas/immigrate/the-immigrant-visa-process/step-10-prepare-for-the-interview/step-11-applicant-interview.html,10766,travel.state.gov,,,2542,87.02,,/content/travel/en/us-visas/immigrate/...
/consumer-tools/retirement/,10766,consumerfinance.gov,,,2543,87.03,,/consumer-tools/retirement/
/uas/getting_started/b4ufly,10733,faa.gov,,,2544,87.03,,/uas/getting_started/b4ufly
/consumer-tools/fraud/,10733,consumerfinance.gov,,,2545,87.04,,/consumer-tools/fraud/
/fsa-id/help/create-new-pwd,10733,studentaid.gov,,,2546,87.04,,/fsa-id/help/create-new-pwd
/apod/ap260322.html,10733,apod.nasa.gov,,,2547,87.05,,/apod/ap260322.html
/climate-change/effects/,10733,science.nasa.gov,,,2548,87.05,,/climate-change/effects/
/uranus/,10733,science.nasa.gov,,,2549,87.05,,/uranus/
/trademarks/basics,10733,uspto.gov,,,2550,87.06,,/trademarks/basics
/faq/application/documents/resume/what-to-include,10733,help.usajobs.gov,,,2551,87.06,,/faq/application/documents/resume/what...
/portal/provider/provider-login,10733,owcpmed.dol.gov,,,2552,87.07,,/portal/provider/provider-login
/articles/pmc12446177/,10733,pmc.ncbi.nlm.nih.gov,,,2553,87.07,,/articles/pmc12446177/
/fsa-id/sign-in/other-verification-options/backup-code,10733,studentaid.gov,,,2554,87.07,,/fsa-id/sign-in/other-verification-opt...
/bls/news-release/,10699,bls.gov,,,2555,87.08,,/bls/news-release/
/now-leaving,10699,consumer.ftc.gov,,,2556,87.08,,/now-leaving
/disability/compensation-rates/,10699,va.gov,,,2557,87.09,,/disability/compensation-rates/
/image-detail/amf-art002e009285/,10699,nasa.gov,,,2558,87.09,,/image-detail/amf-art002e009285/
/opa/pr/justice-department-sues-state-colorado-unconstitutional-weapons-ban,10699,justice.gov,,,2559,87.09,,/opa/pr/justice-department-sues-state-...
/idp/ridge2landing,10699,weather.gov,,,2560,87.1,,/idp/ridge2landing
/apod/ap260315.html,10699,apod.nasa.gov,,,2561,87.1,,/apod/ap260315.html
/news.release/eci.toc.htm,10699,bls.gov,,,2562,87.11,,/news.release/eci.toc.htm
/IV/Messages/Messages.aspx,10699,ceac.state.gov,,,2563,87.11,,/IV/Messages/Messages.aspx
/vpv404/404,10666,irs.gov,,,2564,87.11,,/vpv404/404
/news.release/cpi.nr0.htm,10666,bls.gov,,,2565,87.12,,/news.release/cpi.nr0.htm
/opub/ted/subject.htm,10666,bls.gov,,,2566,87.12,,/opub/ted/subject.htm
/public-inspection/search,10666,federalregister.gov,,,2567,87.13,,/public-inspection/search
/portal/datasets/fmr.html,10666,huduser.gov,,,2568,87.13,,/portal/datasets/fmr.html
/boi,10666,fincen.gov,,,2569,87.14,,/boi
/compliance/criminal-investigation/criminal-investigation-press-releases,10666,irs.gov,,,2570,87.14,,/compliance/criminal-investigation/cri...
/help-center/unclaimed-money-and-assets-faqs/,10666,treasurydirect.gov,,,2571,87.14,,/help-center/unclaimed-money-and-asset...
/multimedia/2026-nasa-science-calendar/,10666,science.nasa.gov,,,2572,87.15,,/multimedia/2026-nasa-science-calendar...
/havo/index.htm,10666,nps.gov,,,2573,87.15,,/havo/index.htm
/data/windtemp/,10632,aviationweather.gov,,,2574,87.16,,/data/windtemp/
/wrh/wxtable,10632,weather.gov,,,2575,87.16,,/wrh/wxtable
/spanish/ency/article/003187.htm,10632,medlineplus.gov,,,2576,87.16,,/spanish/ency/article/003187.htm
/mission/mars-2020-perseverance/,10632,science.nasa.gov,,,2577,87.17,,/mission/mars-2020-perseverance/
/congressional-press-products/,10632,aaro.mil,,,2578,87.17,,/congressional-press-products/
/multimedia/calendario-ciencia-nasa-2025/,10632,ciencia.nasa.gov,,,2579,87.18,,/multimedia/calendario-ciencia-nasa-20...
/policy-data-oversight/pay-leave/pay-systems/general-schedule/,10599,opm.gov,,,2580,87.18,,/policy-data-oversight/pay-leave/pay-s...
/supercpad/siteprofiles/index.cfm,10599,cumulis.epa.gov,,,2581,87.18,,/supercpad/siteprofiles/index.cfm
/education/about-gi-bill-benefits/post-9-11/,10599,va.gov,,,2582,87.19,,/education/about-gi-bill-benefits/post...
/vessel-sanitation/cruise-ship-outbreaks/index.html,10599,cdc.gov,,,2583,87.19,,/vessel-sanitation/cruise-ship-outbrea...
/apod/ap260306.html,10599,apod.nasa.gov,,,2584,87.2,,/apod/ap260306.html
/databreach,10599,www.identitytheft.gov,,,2585,87.2,,/databreach
/help/trouble-signing-in/authentication/issues-with-backup-codes/,10599,login.gov,,,2586,87.2,,/help/trouble-signing-in/authenticatio...
/nbi/data/itis.aspx,10599,products.coastalscience.noaa.gov,,,2587,87.21,,/nbi/data/itis.aspx
/ars/user/dosummary,10566,idcfars.bls.gov,,,2588,87.21,,/ars/user/dosummary
/icme_lists.html,10566,parker.gsfc.nasa.gov,,,2589,87.22,,/icme_lists.html
/understand-aid/eligibility,10566,studentaid.gov,,,2590,87.22,,/understand-aid/eligibility
/workers-retirees/find-unclaimed-retirement-benefits/search-unclaimed,10566,pbgc.gov,,,2591,87.22,,/workers-retirees/find-unclaimed-retir...
/submit,10566,www.evus.gov,,,2592,87.23,,/submit
/communities/aurora-dashboard-experimental,10566,swpc.noaa.gov,,,2593,87.23,,/communities/aurora-dashboard-experime...
/archives/doj-archive,10566,justice.gov,,,2594,87.24,,/archives/doj-archive
/lender-match/,10566,lending.sba.gov,,,2595,87.24,,/lender-match/
/opub/ted/education-and-training.htm,10532,bls.gov,,,2596,87.24,,/opub/ted/education-and-training.htm
/es-mx/niv/signup,10532,ais.usvisa-info.com,,,2597,87.25,,/es-mx/niv/signup
/profile/account-security/sign-in-information,10532,www.va.gov,,,2598,87.25,,/profile/account-security/sign-in-info...
/vulnerability-disclosure-policy/index.html,10532,hhs.gov,,,2599,87.26,,/vulnerability-disclosure-policy/index...
/en/appointment/v2,10532,my.uscis.gov,,,2600,87.26,,/en/appointment/v2
/22307290/,10499,pubmed.ncbi.nlm.nih.gov,,,2601,87.26,,/22307290/
/resources/,10499,war.gov,,,2602,87.27,,/resources/
/news/recently-published/,10499,nasa.gov,,,2603,87.27,,/news/recently-published/
/ril/irespasview.action,10499,secure.ssa.gov,,,2604,87.28,,/ril/irespasview.action
/newsroom/fact-sheets/2026-medicare-parts-b-premiums-deductibles,10465,cms.gov,,,2605,87.28,,/newsroom/fact-sheets/2026-medicare-pa...
/lifetime-senior-pass,10465,store.usgs.gov,,,2606,87.28,,/lifetime-senior-pass
/fifa-world-cup-26-visas-pass-faq,10465,state.gov,,,2607,87.29,,/fifa-world-cup-26-visas-pass-faq
/analysis,10465,fdic.gov,,,2608,87.29,,/analysis
/news/board-matters/2010,10465,fdic.gov,,,2609,87.3,,/news/board-matters/2010
/far-overhaul/far-part-deviation-guide/far-overhaul-part-52,10465,acquisition.gov,,,2610,87.3,,/far-overhaul/far-part-deviation-guide...
/data-products/charts-of-note/chart-detail,10465,ers.usda.gov,,,2611,87.3,,/data-products/charts-of-note/chart-de...
/profile/health-care-settings,10465,www.va.gov,,,2612,87.31,,/profile/health-care-settings
/news.release/prod2.toc.htm,10465,bls.gov,,,2613,87.31,,/news.release/prod2.toc.htm
/grte/index.htm,10465,nps.gov,,,2614,87.32,,/grte/index.htm
/registration/getting-started,10432,fmcsa.dot.gov,,,2615,87.32,,/registration/getting-started
/drugs/postmarket-drug-safety-information-patients-and-providers/fdas-concerns-unapproved-glp-1-drugs-used-weight-loss,10432,fda.gov,,,2616,87.32,,/drugs/postmarket-drug-safety-informat...
/laws-and-regulations/chronology-selected-banking-laws,10432,fdic.gov,,,2617,87.33,,/laws-and-regulations/chronology-selec...
/rules-policy/cfpb-comment-letters/,10432,consumerfinance.gov,,,2618,87.33,,/rules-policy/cfpb-comment-letters/
/news/board-matters,10432,fdic.gov,,,2619,87.34,,/news/board-matters
/es/web/poland/home/news,10432,globe.gov,,,2620,87.34,,/es/web/poland/home/news
/vaccines/imz-schedules/child-easyread.html,10432,cdc.gov,,,2621,87.34,,/vaccines/imz-schedules/child-easyread...
/s/article/change-of-address-the-basics,10432,faq.usps.com,,,2622,87.35,,/s/article/change-of-address-the-basic...
/forms-pubs/about-form-w-7,10398,irs.gov,,,2623,87.35,,/forms-pubs/about-form-w-7
/apod/ap260302.html,10398,apod.nasa.gov,,,2624,87.36,,/apod/ap260302.html
/apod/ap260303.html,10398,apod.nasa.gov,,,2625,87.36,,/apod/ap260303.html
/education/apply-for-gi-bill-form-22-1990/applicant-information/personal-information,10398,www.va.gov,,,2626,87.36,,/education/apply-for-gi-bill-form-22-1...
/what-to-expect,10398,disasterassistance.gov,,,2627,87.37,,/what-to-expect
/id/581244230,10398,catalog.archives.gov,,,2628,87.37,,/id/581244230
/apod/ap260201.html,10398,apod.nasa.gov,,,2629,87.38,,/apod/ap260201.html
/yell/planyourvisit/maps.htm,10398,nps.gov,,,2630,87.38,,/yell/planyourvisit/maps.htm
/apod/ap260216.html,10398,apod.nasa.gov,,,2631,87.38,,/apod/ap260216.html
/17182751/,10398,pubmed.ncbi.nlm.nih.gov,,,2632,87.39,,/17182751/
/forms-and-documents/bank-supervision-reports-notices,10365,fdic.gov,,,2633,87.39,,/forms-and-documents/bank-supervision-...
/doeec/activedocs.htm,10365,spr.doe.gov,,,2634,87.4,,/doeec/activedocs.htm
/business-guide/plan-your-business/write-your-business-plan,10365,sba.gov,,,2635,87.4,,/business-guide/plan-your-business/wri...
/data-research/hmda/,10365,consumerfinance.gov,,,2636,87.4,,/data-research/hmda/
/es/oportunidades-de-empleo/,10365,ve.usembassy.gov,,,2637,87.41,,/es/oportunidades-de-empleo/
/data/,10365,bls.gov,,,2638,87.41,,/data/
/download/manageapplications,10365,esta.cbp.dhs.gov,,,2639,87.42,,/download/manageapplications
/publications,10365,fdic.gov,,,2640,87.42,,/publications
/ngl/,10365,gravelocator.cem.va.gov,,,2641,87.42,,/ngl/
/19124773/,10365,pubmed.ncbi.nlm.nih.gov,,,2642,87.43,,/19124773/
/apod/ap260310.html,10365,apod.nasa.gov,,,2643,87.43,,/apod/ap260310.html
/roundup/archives/2026,10365,roundupreads.staging.ird.appdat.jsc.nasa.gov,,,2644,87.44,,/roundup/archives/2026
/station/kiln/standard,10365,radar.weather.gov,,,2645,87.44,,/station/kiln/standard
/bls/contact.htm,10365,bls.gov,,,2646,87.44,,/bls/contact.htm
/blogs/science-news/2026/05/04/nasa-supports-golden-eagles-on-the-move/,10331,science.nasa.gov,,,2647,87.45,,/blogs/science-news/2026/05/04/nasa-su...
/dfars/[REDACTED_TEL],10331,acquisition.gov,,,2648,87.45,,/dfars/[REDACTED_TEL]
/apod/ap251031.html,10331,apod.nasa.gov,,,2649,87.46,,/apod/ap251031.html
/reanalysis/,10331,gmao.gsfc.nasa.gov,,,2650,87.46,,/reanalysis/
/family/eligibility,10331,ssa.gov,,,2651,87.46,,/family/eligibility
/funding-programs/loans/7a-loans,10331,sba.gov,,,2652,87.47,,/funding-programs/loans/7a-loans
/es/jobs-es/,10331,pe.usembassy.gov,,,2653,87.47,,/es/jobs-es/
/romo/learn/photosmultimedia/webcams.htm,10331,nps.gov,,,2654,87.48,,/romo/learn/photosmultimedia/webcams.h...
/opa/pr/justice-department-launches-investigations-concerning-gender-ideology-pre-k-12-schools-36,10331,justice.gov,,,2655,87.48,,/opa/pr/justice-department-launches-in...
/cgi-bin/longevity.cgi,10331,ssa.gov,,,2656,87.48,,/cgi-bin/longevity.cgi
/travel/frequently-asked-questions,10331,tsa.gov,,,2657,87.49,,/travel/frequently-asked-questions
/consumer-tools/educator-tools/,10298,consumerfinance.gov,,,2658,87.49,,/consumer-tools/educator-tools/
/training-education/medicare-learning-network/newsletter/mln-connects-newsletter-may-7-2026,10298,cms.gov,,,2659,87.5,,/training-education/medicare-learning-...
/apod/ap260304.html,10298,apod.nasa.gov,,,2660,87.5,,/apod/ap260304.html
/topics/service-animals/,10298,ada.gov,,,2661,87.5,,/topics/service-animals/
/forms/all-forms/direct-filing-addresses-for-form-i-485-application-to-register-permanent-residence-or-adjust-status,10298,uscis.gov,,,2662,87.51,,/forms/all-forms/direct-filing-address...
/ind/,10298,weather.gov,,,2663,87.51,,/ind/
/view/enrollment,10298,evus.gov,,,2664,87.51,,/view/enrollment
/rules-policy/advisory-committees/,10298,consumerfinance.gov,,,2665,87.52,,/rules-policy/advisory-committees/
/news/disaster,10298,fdic.gov,,,2666,87.52,,/news/disaster
/games,10298,kids.usmint.gov,,,2667,87.53,,/games
/medicare/payment/fee-schedules/physician,10265,cms.gov,,,2668,87.53,,/medicare/payment/fee-schedules/physic...
/impactboard/,10265,aviationweather.gov,,,2669,87.53,,/impactboard/
/ws/main/home,10265,gsaadvantage.gov,,,2670,87.54,,/ws/main/home
/businesses/small-businesses-self-employed/self-employed-individuals-tax-center,10265,irs.gov,,,2671,87.54,,/businesses/small-businesses-self-empl...
/prepare/check-eligibility-for-benefits/questionnaire/income-not-maried,10265,www.ssa.gov,,,2672,87.55,,/prepare/check-eligibility-for-benefit...
/disability-caregiver,10265,usa.gov,,,2673,87.55,,/disability-caregiver
/mora/index.htm,10265,nps.gov,,,2674,87.55,,/mora/index.htm
/personal-record/when-someone-dies,10265,ssa.gov,,,2675,87.56,,/personal-record/when-someone-dies
/disability/file-disability-claim-form-21-526ez/review-veteran-details/military-service-history/reserves-national-guard,10265,www.va.gov,,,2676,87.56,,/disability/file-disability-claim-form...
/education/apply-for-gi-bill-form-22-1990/contact-information/email-phone,10265,www.va.gov,,,2677,87.57,,/education/apply-for-gi-bill-form-22-1...
/beginners-guide-to-aeronautics/newtons-laws-of-motion/,10265,www1.grc.nasa.gov,,,2678,87.57,,/beginners-guide-to-aeronautics/newton...
/content/travel/en/contact-us.html,10231,travel.state.gov,,,2679,87.57,,/content/travel/en/contact-us.html
/apps/orrery/,10231,eyes.nasa.gov,,,2680,87.58,,/apps/orrery/
/news/events,10231,fdic.gov,,,2681,87.58,,/news/events
/ords/sfdw_pub/r/sfdw/cwns_pub/data-download,10231,sdwis.epa.gov,,,2682,87.59,,/ords/sfdw_pub/r/sfdw/cwns_pub/data-do...
/lix/,10231,weather.gov,,,2683,87.59,,/lix/
/forms/explore-my-options,10231,uscis.gov,,,2684,87.59,,/forms/explore-my-options
/manage-dependents/add-remove-form-21-686c-674/review-dependents,10231,www.va.gov,,,2685,87.6,,/manage-dependents/add-remove-form-21-...
/rules-policy/regulatory-agenda/,10231,consumerfinance.gov,,,2686,87.6,,/rules-policy/regulatory-agenda/
/retiredmilitary/,10231,dfas.mil,,,2687,87.61,,/retiredmilitary/
/milestone-documents/brown-v-board-of-education,10231,archives.gov,,,2688,87.61,,/milestone-documents/brown-v-board-of-...
/content/tsg_aem/us/en/search.html,10231,travel.state.gov,,,2689,87.61,,/content/tsg_aem/us/en/search.html
/health-drug-plans/health-plans,10231,medicare.gov,,,2690,87.62,,/health-drug-plans/health-plans
/24948736/,10231,pubmed.ncbi.nlm.nih.gov,,,2691,87.62,,/24948736/
/references/forms/navpers/,10198,mynavyhr.navy.mil,,,2692,87.62,,/references/forms/navpers/
/forms-pubs/about-form-2848,10198,irs.gov,,,2693,87.63,,/forms-pubs/about-form-2848
/i-129,10198,uscis.gov,,,2694,87.63,,/i-129
/manage-dependents/add-remove-form-21-686c-674/veteran-information,10198,www.va.gov,,,2695,87.64,,/manage-dependents/add-remove-form-21-...
/clipboard/,10198,pubmed.ncbi.nlm.nih.gov,,,2696,87.64,,/clipboard/
/vpv404/admin/error.htm,10198,ssa.gov,,,2697,87.64,,/vpv404/admin/error.htm
/is/searchis.aspx,10198,training.fema.gov,,,2698,87.65,,/is/searchis.aspx
/ndemu/schools/emergency-management-institute/,10198,training.fema.gov,,,2699,87.65,,/ndemu/schools/emergency-management-in...
/opub/ted/employment.htm,10198,bls.gov,,,2700,87.66,,/opub/ted/employment.htm
/es-ec/niv/users/sign_in,10198,ais.usvisa-info.com,,,2701,87.66,,/es-ec/niv/users/sign_in
/wanted/topten/kashawn-nicola-roper,10198,fbi.gov,,,2702,87.66,,/wanted/topten/kashawn-nicola-roper
/compliance/amicus/,10198,consumerfinance.gov,,,2703,87.67,,/compliance/amicus/
/psc/ps/employee/hrms/c/nui_framework.pt_agstartpage_nui.gbl,10164,apply.fbijobs.gov,,,2704,87.67,,/psc/ps/employee/hrms/c/nui_framework....
/enforcement/payments-harmed-consumers/payments-by-case/,10164,consumerfinance.gov,,,2705,87.68,,/enforcement/payments-harmed-consumers...
/filing/get-an-extension-to-file-your-tax-return,10164,irs.gov,,,2706,87.68,,/filing/get-an-extension-to-file-your-...
/ars/user/doindustry,10164,idcfars.bls.gov,,,2707,87.68,,/ars/user/doindustry
/ords/sfdw_pub/r/sfdw/cwns_pub/cwns_needs,10164,sdwis.epa.gov,,,2708,87.69,,/ords/sfdw_pub/r/sfdw/cwns_pub/cwns_ne...
/filing/time-you-can-claim-a-credit-or-refund,10164,irs.gov,,,2709,87.69,,/filing/time-you-can-claim-a-credit-or...
/decision-reviews/supplemental-claim/,10164,va.gov,,,2710,87.69,,/decision-reviews/supplemental-claim/
/change-voter-registration,10164,usa.gov,,,2711,87.7,,/change-voter-registration
/articles/pmc10298380/,10131,pmc.ncbi.nlm.nih.gov,,,2712,87.7,,/articles/pmc10298380/
/articles/pmc10363686/,10131,pmc.ncbi.nlm.nih.gov,,,2713,87.71,,/articles/pmc10363686/
/thingstodo/yell-trail-mystic-falls.htm,10131,nps.gov,,,2714,87.71,,/thingstodo/yell-trail-mystic-falls.ht...
/epstein/doj-disclosures/data-set-8-files,10131,justice.gov,,,2715,87.71,,/epstein/doj-disclosures/data-set-8-fi...
/articles/pmc7266949/,10131,pmc.ncbi.nlm.nih.gov,,,2716,87.72,,/articles/pmc7266949/
/solar-system/solar-system-facts/,10131,science.nasa.gov,,,2717,87.72,,/solar-system/solar-system-facts/
/nfacourses/catalog/search,10131,apps.usfa.fema.gov,,,2718,87.73,,/nfacourses/catalog/search
/vpv404/composer/plugin/scaffold/readme.md/,10131,atmosphere-imager.gsfc.nasa.gov,,,2719,87.73,,/vpv404/composer/plugin/scaffold/readm...
/bls/employment.htm,10131,bls.gov,,,2720,87.73,,/bls/employment.htm
/opub/ted/prices.htm,10131,bls.gov,,,2721,87.74,,/opub/ted/prices.htm
/travel/trusted-traveler-programs/global-entry/global-entry-mobile-application,10131,cbp.gov,,,2722,87.74,,/travel/trusted-traveler-programs/glob...
/data-research/small-business-lending/,10131,consumerfinance.gov,,,2723,87.75,,/data-research/small-business-lending/
/quarterly-banking-profile/past-quarterly-banking-profiles,10131,fdic.gov,,,2724,87.75,,/quarterly-banking-profile/past-quarte...
/oes/,10131,data.bls.gov,,,2725,87.75,,/oes/
/manage-dependents/add-remove-form-21-686c-674/veteran-contact-information,10131,www.va.gov,,,2726,87.76,,/manage-dependents/add-remove-form-21-...
/store/myaccount/accountaddressedit.jsp,10131,store.usps.com,,,2727,87.76,,/store/myaccount/accountaddressedit.js...
/colasonline/viewcoladetails.do,10131,ttbonline.gov,,,2728,87.76,,/colasonline/viewcoladetails.do
/mpn/parentplus/information,10097,studentaid.gov,,,2729,87.77,,/mpn/parentplus/information
/gpw/,10097,godirect.gov,,,2730,87.77,,/gpw/
/zh/visas-zh/,10097,china.usembassy-china.org.cn,,,2731,87.78,,/zh/visas-zh/
/content.asp,10097,allowances.state.gov,,,2732,87.78,,/content.asp
/publications/historical-publications,10097,fdic.gov,,,2733,87.78,,/publications/historical-publications
/books/nbk25501/,10097,ncbi.nlm.nih.gov,,,2734,87.79,,/books/nbk25501/
/vpv404/cgi-bin/babyname.cgi/https://www.ssa.gov/oact/babynames/,10097,ssa.gov,,,2735,87.79,,/vpv404/cgi-bin/babyname.cgi/https://w...
/maca/planyourvisit/cave-tours.htm,10097,nps.gov,,,2736,87.8,,/maca/planyourvisit/cave-tours.htm
/resources/data-tools,10097,fdic.gov,,,2737,87.8,,/resources/data-tools
/compliance/circulars/,10097,consumerfinance.gov,,,2738,87.8,,/compliance/circulars/
/manage-dependents/add-remove-form-21-686c-674/veteran-address,10097,www.va.gov,,,2739,87.81,,/manage-dependents/add-remove-form-21-...
/helpful-links/nsa-foia/frequently-requested-information/unidentified-flying-objects-ufos/,10097,nsa.gov,,,2740,87.81,,/helpful-links/nsa-foia/frequently-req...
/careeroutlook/subject/career_planning.htm,10064,bls.gov,,,2741,87.81,,/careeroutlook/subject/career_planning...
/oact/anypia/index.html,10064,ssa.gov,,,2742,87.82,,/oact/anypia/index.html
/reviewEnrollment,10064,www.evus.gov,,,2743,87.82,,/reviewEnrollment
/dena/planyourvisit/meet-the-sled-dogs.htm,10064,nps.gov,,,2744,87.83,,/dena/planyourvisit/meet-the-sled-dogs...
/nasa-missions/,10064,nasa.gov,,,2745,87.83,,/nasa-missions/
/pm/account/help/username,10064,portfoliomanager.energystar.gov,,,2746,87.83,,/pm/account/help/username
/16684235/,10064,pubmed.ncbi.nlm.nih.gov,,,2747,87.84,,/16684235/
/financial-reports,10064,fdic.gov,,,2748,87.84,,/financial-reports
/articles/free-credit-reports,10064,consumer.ftc.gov,,,2749,87.85,,/articles/free-credit-reports
/report/,10064,oig.ssa.gov,,,2750,87.85,,/report/
/healthcare-insurance/,10064,opm.gov,,,2751,87.85,,/healthcare-insurance/
/consumer-tools/auto-loans/,10031,consumerfinance.gov,,,2752,87.86,,/consumer-tools/auto-loans/
/bls/wages.htm,10031,bls.gov,,,2753,87.86,,/bls/wages.htm
/apps/mrn/index.html,10031,eyes.nasa.gov,,,2754,87.86,,/apps/mrn/index.html
/rules-policy/notice-opportunities-comment/,10031,consumerfinance.gov,,,2755,87.87,,/rules-policy/notice-opportunities-com...
/search.htm,10031,about.usps.com,,,2756,87.87,,/search.htm
/apod/ap251212.html,10031,apod.nasa.gov,,,2757,87.88,,/apod/ap251212.html
/en/international-travel/travel-advisories/spain.html,10031,travel.state.gov,,,2758,87.88,,/en/international-travel/travel-adviso...
/education/apply-for-gi-bill-form-22-1990/,10031,va.gov,,,2759,87.88,,/education/apply-for-gi-bill-form-22-1...
/content/travel/en/passports/need-passport/letter-email.html,10031,travel.state.gov,,,2760,87.89,,/content/travel/en/passports/need-pass...
/agency/emergency/,10031,ssa.gov,,,2761,87.89,,/agency/emergency/
/articles/pmc10213586/,10031,pmc.ncbi.nlm.nih.gov,,,2762,87.9,,/articles/pmc10213586/
/basics/costs/help/medicare-savings-programs,10031,medicare.gov,,,2763,87.9,,/basics/costs/help/medicare-savings-pr...
/charities-non-profits/annual-filing-and-forms,10031,irs.gov,,,2764,87.9,,/charities-non-profits/annual-filing-a...
/program/national-wetlands-inventory/wetlands-mapper,10031,fws.gov,,,2765,87.91,,/program/national-wetlands-inventory/w...
/visaapplicantui/home/appointment/view,10031,www.usvisaappt.com,,,2766,87.91,,/visaapplicantui/home/appointment/view
/education/apply-for-gi-bill-form-22-1990/contact-information/contact-preference-selection,10031,www.va.gov,,,2767,87.91,,/education/apply-for-gi-bill-form-22-1...
/news/news-stories/article/article/4477804/82nd-airborne-division-ready-to-respond-support-project-freedom-caine-says/,10031,war.gov,,,2768,87.92,,/news/news-stories/article/article/447...
/jobs/,10031,va.gov,,,2769,87.92,,/jobs/
/analysis/banking-issues-focus,10031,fdic.gov,,,2770,87.93,,/analysis/banking-issues-focus
/safety/recalls-market-withdrawals-safety-alerts/pork-king-good-issues-voluntary-recall-certain-sour-cream-onion-pork-rinds-and-seasoning-due,10031,fda.gov,,,2771,87.93,,/safety/recalls-market-withdrawals-saf...
/bls/bls_budget_and_performance.htm,9997,bls.gov,,,2772,87.93,,/bls/bls_budget_and_performance.htm
/apod/ap260221.html,9997,apod.nasa.gov,,,2773,87.94,,/apod/ap260221.html
/wanted/murders,9997,fbi.gov,,,2774,87.94,,/wanted/murders
/register/demographic/,9997,ers.cr.usgs.gov,,,2775,87.95,,/register/demographic/
/epstein/doj-disclosures/data-set-4-files,9997,justice.gov,,,2776,87.95,,/epstein/doj-disclosures/data-set-4-fi...
/credit-reports,9997,usa.gov,,,2777,87.95,,/credit-reports
/contact-us/ask-va/review-then-submit,9997,www.va.gov,,,2778,87.96,,/contact-us/ask-va/review-then-submit
/my-health/appointments/schedule/va-request/reason,9997,www.va.gov,,,2779,87.96,,/my-health/appointments/schedule/va-re...
/filing-charge-discrimination,9997,eeoc.gov,,,2780,87.96,,/filing-charge-discrimination
/IV/Docs/ManageAosDocument.aspx,9997,ceac.state.gov,,,2781,87.97,,/IV/Docs/ManageAosDocument.aspx
/contact-us,9964,fbi.gov,,,2782,87.97,,/contact-us
/drugs/novel-drug-approvals-fda/novel-drug-approvals-2026,9964,fda.gov,,,2783,87.98,,/drugs/novel-drug-approvals-fda/novel-...
/satellite.php,9964,nhc.noaa.gov,,,2784,87.98,,/satellite.php
/books/nbk560857/,9964,ncbi.nlm.nih.gov,,,2785,87.98,,/books/nbk560857/
/arch/index.htm,9964,nps.gov,,,2786,87.99,,/arch/index.htm
/alcohols-effects-health/alcohols-effects-body,9964,niaaa.nih.gov,,,2787,87.99,,/alcohols-effects-health/alcohols-effe...
/obslocal.php,9964,forecast.weather.gov,,,2788,87.99,,/obslocal.php
/edit-account/mobile,9964,myaccount.uscis.gov,,,2789,88.0,,/edit-account/mobile
/travel-transportation-rates/per-diem/,9964,travel.dod.mil,,,2790,88.0,,/travel-transportation-rates/per-diem/
/careers-employment/vocational-rehabilitation/eligibility/,9964,va.gov,,,2791,88.01,,/careers-employment/vocational-rehabil...
/businessmail101,9964,pe.usps.com,,,2792,88.01,,/businessmail101
/policy-data-oversight/pay-leave/salaries-wages/2026/general-schedule,9964,opm.gov,,,2793,88.01,,/policy-data-oversight/pay-leave/salar...
/branches-of-government,9930,usa.gov,,,2794,88.02,,/branches-of-government
/records/get-veteran-id-cards/vic/,9930,va.gov,,,2795,88.02,,/records/get-veteran-id-cards/vic/
/family-and-caregiver-benefits/education-and-careers/apply-for-dea-fry-form-22-5490/introduction,9930,www.va.gov,,,2796,88.03,,/family-and-caregiver-benefits/educati...
/medical-equipment-suppliers/results,9930,www.medicare.gov,,,2797,88.03,,/medical-equipment-suppliers/results
/opub/ted/industry-studies.htm,9930,bls.gov,,,2798,88.03,,/opub/ted/industry-studies.htm
/apod/ap260318.html,9930,apod.nasa.gov,,,2799,88.04,,/apod/ap260318.html
/ar/althrsh-aljnsy,9930,eeoc.gov,,,2800,88.04,,/ar/althrsh-aljnsy
/data-research/consumer-credit-trends/,9930,consumerfinance.gov,,,2801,88.04,,/data-research/consumer-credit-trends/
/benefits/offices.asp,9897,benefits.va.gov,,,2802,88.05,,/benefits/offices.asp
/calculator.html,9897,bcrisktool.cancer.gov,,,2803,88.05,,/calculator.html
/priorities/electronic-prior-authorization/overview,9897,cms.gov,,,2804,88.06,,/priorities/electronic-prior-authoriza...
/k12/faq.htm,9897,bls.gov,,,2805,88.06,,/k12/faq.htm
/snap/waivers/foodrestriction,9897,fns.usda.gov,,,2806,88.06,,/snap/waivers/foodrestriction
/taxtopics/tc308,9897,irs.gov,,,2807,88.07,,/taxtopics/tc308
/help/trouble-signing-in/authentication/issues-with-authentication-application/,9897,login.gov,,,2808,88.07,,/help/trouble-signing-in/authenticatio...
/science-missions/,9897,science.nasa.gov,,,2809,88.07,,/science-missions/
/get-help/refunds/i-dont-have-my-refund/,9897,taxpayeradvocate.irs.gov,,,2810,88.08,,/get-help/refunds/i-dont-have-my-refun...
/compliance/supervisory-highlights/,9897,consumerfinance.gov,,,2811,88.08,,/compliance/supervisory-highlights/
/financial-reports/annual-reports,9897,fdic.gov,,,2812,88.09,,/financial-reports/annual-reports
/news/board-matters/2007,9863,fdic.gov,,,2813,88.09,,/news/board-matters/2007
/forms-pubs-prior-search,9863,irs.gov,,,2814,88.09,,/forms-pubs-prior-search
/21490302/,9863,pubmed.ncbi.nlm.nih.gov,,,2815,88.1,,/21490302/
/media/press-releases/press-release-view/article/4479004/us-forces-disable-vessel-in-gulf-of-oman-attempting-to-violate-blockade/,9863,centcom.mil,,,2816,88.1,,/media/press-releases/press-release-vi...
/solar-system/moons/,9863,science.nasa.gov,,,2817,88.1,,/solar-system/moons/
/forms/all-forms/uscis-lockbox-filing-locations-chart-for-certain-family-based-forms,9863,uscis.gov,,,2818,88.11,,/forms/all-forms/uscis-lockbox-filing-...
/cfa-modeling-and-forecasting/rt-estimates/index.html,9863,cdc.gov,,,2819,88.11,,/cfa-modeling-and-forecasting/rt-estim...
/personnel-records-center/dd-214,9830,archives.gov,,,2820,88.12,,/personnel-records-center/dd-214
/apod/ap260227.html,9830,apod.nasa.gov,,,2821,88.12,,/apod/ap260227.html
/opa/pr/former-senior-niaid-official-indicted-concealing-federal-records-during-covid-19-pandemic-0,9830,justice.gov,,,2822,88.12,,/opa/pr/former-senior-niaid-official-i...
/faqs,9830,irs.gov,,,2823,88.13,,/faqs
/health/dash-eating-plan,9830,nhlbi.nih.gov,,,2824,88.13,,/health/dash-eating-plan
/loan-simulator/repayment/results/compare/consolidation-plans,9830,studentaid.gov,,,2825,88.13,,/loan-simulator/repayment/results/comp...
/search/search-results,9830,tmsearch.uspto.gov,,,2826,88.14,,/search/search-results
/education/apply-for-gi-bill-form-22-1990/contact-information/mailing-address,9830,www.va.gov,,,2827,88.14,,/education/apply-for-gi-bill-form-22-1...
/buy-through-us/purchasing-programs/shared-services/payroll-shared-services/payroll-calendars/2026-payroll-calendar,9830,gsa.gov,,,2828,88.15,,/buy-through-us/purchasing-programs/sh...
/s/article/zip-code-the-basics,9830,faq.usps.com,,,2829,88.15,,/s/article/zip-code-the-basics
/recalls-alerts/fsis-issues-public-health-alert-ravioli-pasta-beef-sauce-due-misbranding-and,9797,fsis.usda.gov,,,2830,88.15,,/recalls-alerts/fsis-issues-public-hea...
/services/trm/toolpage.aspx,9797,oit.va.gov,,,2831,88.16,,/services/trm/toolpage.aspx
/analysis/risk-review,9797,fdic.gov,,,2832,88.16,,/analysis/risk-review
/wanted/topten/ruja-ignatova,9797,fbi.gov,,,2833,88.16,,/wanted/topten/ruja-ignatova
/renewal/history,9797,tsaprecheckbyclear.tsa.dhs.gov,,,2834,88.17,,/renewal/history
/hgx/,9797,weather.gov,,,2835,88.17,,/hgx/
/retirement-center/fers-information/,9797,opm.gov,,,2836,88.18,,/retirement-center/fers-information/
/content/travel/en/us-visas/other-visa-categories.html,9797,travel.state.gov,,,2837,88.18,,/content/travel/en/us-visas/other-visa...
/apod/ap260202.html,9797,apod.nasa.gov,,,2838,88.18,,/apod/ap260202.html
/apod/ap260206.html,9797,apod.nasa.gov,,,2839,88.19,,/apod/ap260206.html
/careeroutlook/subject/employment.htm,9797,bls.gov,,,2840,88.19,,/careeroutlook/subject/employment.htm
/find-studies/how-to-search,9797,clinicaltrials.gov,,,2841,88.19,,/find-studies/how-to-search
/news/editorials,9797,fdic.gov,,,2842,88.2,,/news/editorials
/news/board-matters/2018,9797,fdic.gov,,,2843,88.2,,/news/board-matters/2018
/batse/occultation/list.html,9763,f64.ndc.nasa.gov,,,2844,88.21,,/batse/occultation/list.html
/rules-policy/small-business-review-panels/,9763,consumerfinance.gov,,,2845,88.21,,/rules-policy/small-business-review-pa...
/apod/ap260210.html,9763,apod.nasa.gov,,,2846,88.21,,/apod/ap260210.html
/apod/ap260131.html,9763,apod.nasa.gov,,,2847,88.22,,/apod/ap260131.html
/green-card/green-card-processes-and-procedures/adjustment-of-status,9763,uscis.gov,,,2848,88.22,,/green-card/green-card-processes-and-p...
/dashboard/program-dashboard,9763,www.benefeds.gov,,,2849,88.22,,/dashboard/program-dashboard
/portal/datasets/il/il2025/2025summary.odn,9763,huduser.gov,,,2850,88.23,,/portal/datasets/il/il2025/2025summary...
/working-with-us/service-center-locator,9763,farmers.gov,,,2851,88.23,,/working-with-us/service-center-locato...
/navy-and-marine-corps-force-health-protection-command/population-health/epi-data-center/periodic-health-assessment-pha/,9763,med.navy.mil,,,2852,88.24,,/navy-and-marine-corps-force-health-pr...
/articles/pmc7981372/,9763,pmc.ncbi.nlm.nih.gov,,,2853,88.24,,/articles/pmc7981372/
/tax-professionals/e-file-provider-services,9730,irs.gov,,,2854,88.24,,/tax-professionals/e-file-provider-ser...
/publications/fdic-quarterly,9730,fdic.gov,,,2855,88.25,,/publications/fdic-quarterly
/news-events/fda-newsroom,9730,fda.gov,,,2856,88.25,,/news-events/fda-newsroom
/enforcement/payments-harmed-consumers/,9730,consumerfinance.gov,,,2857,88.25,,/enforcement/payments-harmed-consumers...
/data-research/public-data-inventory/,9730,consumerfinance.gov,,,2858,88.26,,/data-research/public-data-inventory/
/compliance/supervision-examinations/,9730,consumerfinance.gov,,,2859,88.26,,/compliance/supervision-examinations/
/education/apply-for-gi-bill-form-22-1990/direct-deposit,9730,www.va.gov,,,2860,88.27,,/education/apply-for-gi-bill-form-22-1...
/renewal/eligibility/results,9730,tsaprecheckbyclear.tsa.dhs.gov,,,2861,88.27,,/renewal/eligibility/results
/renewal/contact/contact,9730,tsaprecheckbyclear.tsa.dhs.gov,,,2862,88.27,,/renewal/contact/contact
/travel/security-screening/whatcanibring/medical,9730,tsa.gov,,,2863,88.28,,/travel/security-screening/whatcanibri...
/about/regions/east-region/find-care,9730,tricare.mil,,,2864,88.28,,/about/regions/east-region/find-care
/articles/fafsa-for-parents/,9730,studentaid.gov,,,2865,88.28,,/articles/fafsa-for-parents/
/21907383/,9730,pubmed.ncbi.nlm.nih.gov,,,2866,88.29,,/21907383/
/oicweb/submitted_claim,9730,onlineclaims.usps.com,,,2867,88.29,,/oicweb/submitted_claim
/romo/planyourvisit/fees.htm,9730,nps.gov,,,2868,88.3,,/romo/planyourvisit/fees.htm
/research-topics/drugs-a-to-z,9730,nida.nih.gov,,,2869,88.3,,/research-topics/drugs-a-to-z
/image-detail/amf-art002e023506/,9696,nasa.gov,,,2870,88.3,,/image-detail/amf-art002e023506/
/help/create-account/how-do-i-create-an-account/,9696,login.gov,,,2871,88.31,,/help/create-account/how-do-i-create-a...
/taxpayer-first-act,9696,irs.gov,,,2872,88.31,,/taxpayer-first-act
/news/fact-sheets,9696,fdic.gov,,,2873,88.31,,/news/fact-sheets
/bank-examinations/decisions-bank-applications,9696,fdic.gov,,,2874,88.32,,/bank-examinations/decisions-bank-appl...
/bankfind-suite/peergroup,9696,banks.data.fdic.gov,,,2875,88.32,,/bankfind-suite/peergroup
/books,9696,ncbi.nlm.nih.gov,,,2876,88.32,,/books
/mission/artemis-iii/,9696,nasa.gov,,,2877,88.33,,/mission/artemis-iii/
/yose/planyourvisit/wroads.htm,9696,nps.gov,,,2878,88.33,,/yose/planyourvisit/wroads.htm
/geo/geo2r/,9696,ncbi.nlm.nih.gov,,,2879,88.34,,/geo/geo2r/
/content/travel/en/us-visas/immigrate/the-immigrant-visa-process/step-1-submit-a-petition.html,9696,travel.state.gov,,,2880,88.34,,/content/travel/en/us-visas/immigrate/...
/store/product/priority-mail-flat-rate-medium-box-p_o_frb1,9696,store.usps.com,,,2881,88.34,,/store/product/priority-mail-flat-rate...
/lox/,9696,weather.gov,,,2882,88.35,,/lox/
/apod/ap260215.html,9663,apod.nasa.gov,,,2883,88.35,,/apod/ap260215.html
/education/benefit-rates/post-9-11-gi-bill-rates/,9663,va.gov,,,2884,88.35,,/education/benefit-rates/post-9-11-gi-...
/manage-loans/forgiveness-cancellation/public-service/public-service-loan-forgiveness-application,9663,studentaid.gov,,,2885,88.36,,/manage-loans/forgiveness-cancellation...
/factsheets/magnesium-healthprofessional/,9663,ods.od.nih.gov,,,2886,88.36,,/factsheets/magnesium-healthprofession...
/triexplorer/release_fac,9663,enviro.epa.gov,,,2887,88.37,,/triexplorer/release_fac
/education/apply-for-gi-bill-form-22-1990/service-history,9663,www.va.gov,,,2888,88.37,,/education/apply-for-gi-bill-form-22-1...
/psc/ps/employee/hrms/c/hrs_hram_fl.hrs_cg_apply_fl.gbl,9663,apply.fbijobs.gov,,,2889,88.37,,/psc/ps/employee/hrms/c/hrs_hram_fl.hr...
/covid/index.html,9663,cdc.gov,,,2890,88.38,,/covid/index.html
/travel/plan-a-trip/transportation-airfare-rates-pov-rates/privately-owned-vehicle-pov-mileage-reimbursement,9629,gsa.gov,,,2891,88.38,,/travel/plan-a-trip/transportation-air...
/articles/pmc5124554/,9629,pmc.ncbi.nlm.nih.gov,,,2892,88.38,,/articles/pmc5124554/
/app/nwd/en/,9629,dashboard.waterdata.usgs.gov,,,2893,88.39,,/app/nwd/en/
/146431/use-your-va-benefits-career-skilled-trades/,9629,news.va.gov,,,2894,88.39,,/146431/use-your-va-benefits-career-sk...
/factsheets/vitaminb12-healthprofessional/,9629,ods.od.nih.gov,,,2895,88.4,,/factsheets/vitaminb12-healthprofessio...
/msep/,9629,msepjobs.pre.militaryonesource.mil,,,2896,88.4,,/msep/
/content/travel/en/us-visas/visa-information-resources/photos/digital-image-requirements.html,9629,travel.state.gov,,,2897,88.4,,/content/travel/en/us-visas/visa-infor...
/text/dmm300/609.htm,9629,pe.usps.com,,,2898,88.41,,/text/dmm300/609.htm
/renewal/contact/address,9629,tsaprecheckbyclear.tsa.dhs.gov,,,2899,88.41,,/renewal/contact/address
/apod/ap260220.html,9596,apod.nasa.gov,,,2900,88.41,,/apod/ap260220.html
/bls/exit_bls.htm,9596,bls.gov,,,2901,88.42,,/bls/exit_bls.htm
/about/copyright/,9596,pmc.ncbi.nlm.nih.gov,,,2902,88.42,,/about/copyright/
/data-research/,9596,consumerfinance.gov,,,2903,88.42,,/data-research/
/Traces/study/,9596,www.ncbi.nlm.nih.gov,,,2904,88.43,,/Traces/study/
/station/keax/standard,9596,radar.weather.gov,,,2905,88.43,,/station/keax/standard
/manage-loans/consolidation,9562,studentaid.gov,,,2906,88.44,,/manage-loans/consolidation
/store/product/love-2026-stamps-s_582104,9562,store.usps.com,,,2907,88.44,,/store/product/love-2026-stamps-s_5821...
/help/report-fraud,9562,irs.gov,,,2908,88.44,,/help/report-fraud
/coverage/preventive-care-benefits/,9562,healthcare.gov,,,2909,88.45,,/coverage/preventive-care-benefits/
/bls/faqs.htm,9562,bls.gov,,,2910,88.45,,/bls/faqs.htm
/apod/ap260218.html,9562,apod.nasa.gov,,,2911,88.45,,/apod/ap260218.html
/spanish/ency/article/003120.htm,9562,medlineplus.gov,,,2912,88.46,,/spanish/ency/article/003120.htm
/ko/downloads/irs-soi,9562,irs.gov,,,2913,88.46,,/ko/downloads/irs-soi
/22057398/,9562,pubmed.ncbi.nlm.nih.gov,,,2914,88.46,,/22057398/
/references/messages/,9562,mynavyhr.navy.mil,,,2915,88.47,,/references/messages/
/quickfacts/fact/table/middlesexcountynewjersey/pst045224,9562,census.gov,,,2916,88.47,,/quickfacts/fact/table/middlesexcounty...
/opub/ted/unemployment.htm,9562,bls.gov,,,2917,88.48,,/opub/ted/unemployment.htm
/screener/sep/medicaid-denied/,9562,www.healthcare.gov,,,2918,88.48,,/screener/sep/medicaid-denied/
/manage-benefits/make-an-appointment/appointment-questionnaire/provide-documents,9562,www.ssa.gov,,,2919,88.48,,/manage-benefits/make-an-appointment/a...
/content/travel/en/us-visas/business.html,9562,travel.state.gov,,,2920,88.49,,/content/travel/en/us-visas/business.h...
/understand-aid/types/loans/interest-rates,9562,studentaid.gov,,,2921,88.49,,/understand-aid/types/loans/interest-r...
/app/legalName,9562,tsaprecheckbytelos.tsa.dhs.gov,,,2922,88.49,,/app/legalName
/mexico/,9562,usembassy.gov,,,2923,88.5,,/mexico/
/understand-aid/types/loans/plus/parent,9529,studentaid.gov,,,2924,88.5,,/understand-aid/types/loans/plus/paren...
/travel/frequently-asked-questions/how-do-i-apply-tsa-precheckr-0,9529,tsa.gov,,,2925,88.5,,/travel/frequently-asked-questions/how...
/oact/babynames/decades/,9529,ssa.gov,,,2926,88.51,,/oact/babynames/decades/
/menu/science-and-technology/,9529,spaceplace.nasa.gov,,,2927,88.51,,/menu/science-and-technology/
/programs-services/single-family-housing-programs/single-family-housing-repair-loans-grants,9529,rd.usda.gov,,,2928,88.52,,/programs-services/single-family-housi...
/articles/pmc3030576/,9529,pmc.ncbi.nlm.nih.gov,,,2929,88.52,,/articles/pmc3030576/
/redw/index.htm,9529,nps.gov,,,2930,88.52,,/redw/index.htm
/olym/index.htm,9529,nps.gov,,,2931,88.53,,/olym/index.htm
/id/305558936,9529,catalog.archives.gov,,,2932,88.53,,/id/305558936
/flow-type,9529,cfo.usps.com,,,2933,88.53,,/flow-type
/i-9-central/form-i-9-resources/handbook-for-employers-m-274,9529,uscis.gov,,,2934,88.54,,/i-9-central/form-i-9-resources/handbo...
/renewal/payment,9529,tsaprecheckbyclear.tsa.dhs.gov,,,2935,88.54,,/renewal/payment
/dashboard/update-mailing,9529,ttp.cbp.dhs.gov,,,2936,88.54,,/dashboard/update-mailing
/education/apply-for-gi-bill-form-22-1990/review-and-submit,9496,www.va.gov,,,2937,88.55,,/education/apply-for-gi-bill-form-22-1...
/education/apply-for-gi-bill-form-22-1990/reserve-kicker,9496,www.va.gov,,,2938,88.55,,/education/apply-for-gi-bill-form-22-1...
/ohx/,9496,weather.gov,,,2939,88.56,,/ohx/
/tools/plan-detail,9496,www.benefeds.gov,,,2940,88.56,,/tools/plan-detail
/contact-us/ask-va/confirmation,9496,www.va.gov,,,2941,88.56,,/contact-us/ask-va/confirmation
/disaster/declarations,9496,fema.gov,,,2942,88.57,,/disaster/declarations
/pages/explorer/crime/crime-trend,9496,cde.ucr.cjis.gov,,,2943,88.57,,/pages/explorer/crime/crime-trend
/car-auctions,9496,usa.gov,,,2944,88.57,,/car-auctions
/bou/weatherstory,9496,weather.gov,,,2945,88.58,,/bou/weatherstory
/news/contracts/,9496,war.gov,,,2946,88.58,,/news/contracts/
/applicant/searchpreference/,9496,usajobs.gov,,,2947,88.58,,/applicant/searchpreference/
/travel/notices,9496,wwwnc.cdc.gov,,,2948,88.59,,/travel/notices
/toolkit/training/find-scholarships-detail.aspx,9496,careeronestop.org,,,2949,88.59,,/toolkit/training/find-scholarships-de...
/apply-for-aid/fafsa/review-and-correct/fafsa-submission-summary,9496,studentaid.gov,,,2950,88.6,,/apply-for-aid/fafsa/review-and-correc...
/researchcreditunion,9462,mapping.ncua.gov,,,2951,88.6,,/researchcreditunion
/ooh/legal/lawyers.htm,9462,bls.gov,,,2952,88.6,,/ooh/legal/lawyers.htm
/news.release/ppi.toc.htm,9462,bls.gov,,,2953,88.61,,/news.release/ppi.toc.htm
/news/board-matters/2017,9462,fdic.gov,,,2954,88.61,,/news/board-matters/2017
/instructions/iw9,9462,irs.gov,,,2955,88.61,,/instructions/iw9
/landingsites/landingsites.html,9462,marsoweb.nas.nasa.gov,,,2956,88.62,,/landingsites/landingsites.html
/education/apply-for-gi-bill-form-22-1990/active-duty-kicker,9462,www.va.gov,,,2957,88.62,,/education/apply-for-gi-bill-form-22-1...
/i-539,9462,uscis.gov,,,2958,88.62,,/i-539
/prepare/check-eligibility-for-benefits/questionnaire/spouse-marriage-timing,9462,www.ssa.gov,,,2959,88.63,,/prepare/check-eligibility-for-benefit...
/en/international-travel/travel-advisories/france.html,9462,travel.state.gov,,,2960,88.63,,/en/international-travel/travel-adviso...
/3144845/,9462,pubmed.ncbi.nlm.nih.gov,,,2961,88.64,,/3144845/
/16341223/,9462,pubmed.ncbi.nlm.nih.gov,,,2962,88.64,,/16341223/
/plans/planfinder,9462,tricare.mil,,,2963,88.64,,/plans/planfinder
/apod/ap251128.html,9462,apod.nasa.gov,,,2964,88.65,,/apod/ap251128.html
/what/corporate-social-responsibility/activities/nalc-food-drive.htm,9462,about.usps.com,,,2965,88.65,,/what/corporate-social-responsibility/...
/interactives/,9429,nasa.gov,,,2966,88.65,,/interactives/
/help/fraud-concerns/overview/,9429,login.gov,,,2967,88.66,,/help/fraud-concerns/overview/
/admin/shutdown.html,9429,ssa.gov,,,2968,88.66,,/admin/shutdown.html
/orgs/1220/maritimeheritage.htm,9429,nps.gov,,,2969,88.66,,/orgs/1220/maritimeheritage.htm
/videos/careervideos/career-videos.aspx,9429,careeronestop.org,,,2970,88.67,,/videos/careervideos/career-videos.asp...
/molluscum-contagiosum/about/index.html,9429,cdc.gov,,,2971,88.67,,/molluscum-contagiosum/about/index.htm...
/cwodatasite/,9395,test-cwo.cwigng.com,,,2972,88.68,,/cwodatasite/
/enforcement/information-industry-whistleblowers/,9395,consumerfinance.gov,,,2973,88.68,,/enforcement/information-industry-whis...
/loan-simulator/repayment/results/plan/(resultsPanel:blank-results-panel//infoPanel:info-panel),9395,studentaid.gov,,,2974,88.68,,/loan-simulator/repayment/results/plan...
/loan-simulator/hardship/wizard/loan-info/enter-spouses-loan,9395,studentaid.gov,,,2975,88.69,,/loan-simulator/hardship/wizard/loan-i...
/compliance/,9395,consumerfinance.gov,,,2976,88.69,,/compliance/
/dtx/,9395,weather.gov,,,2977,88.69,,/dtx/
/disability/file-disability-claim-form-21-526ez/review-veteran-details/military-service-history/federal-orders,9395,www.va.gov,,,2978,88.7,,/disability/file-disability-claim-form...
/advantage/ws/main/home,9395,www.gsaadvantage.gov,,,2979,88.7,,/advantage/ws/main/home
/autism/signs-symptoms/index.html,9395,cdc.gov,,,2980,88.7,,/autism/signs-symptoms/index.html
/ita-index-search,9362,irs.gov,,,2981,88.71,,/ita-index-search
/news/board-matters/2023,9362,fdic.gov,,,2982,88.71,,/news/board-matters/2023
/news/videos,9362,fdic.gov,,,2983,88.71,,/news/videos
/data.html,9362,census.gov,,,2984,88.72,,/data.html
/fulbright-foreign-student-program-in-the-mena-region-2027/,9362,dz.usembassy.gov,,,2985,88.72,,/fulbright-foreign-student-program-in-...
/search/default.aspx,9362,glorecords.blm.gov,,,2986,88.73,,/search/default.aspx
/apod/ap260225.html,9362,apod.nasa.gov,,,2987,88.73,,/apod/ap260225.html
/safety/tornado-ww,9362,weather.gov,,,2988,88.73,,/safety/tornado-ww
/i-9-central/completing-form-i-9,9362,uscis.gov,,,2989,88.74,,/i-9-central/completing-form-i-9
/real-estate-sales,9362,usa.gov,,,2990,88.74,,/real-estate-sales
/app/birthAndCitizenship,9362,tsaprecheckbytelos.tsa.dhs.gov,,,2991,88.74,,/app/birthAndCitizenship
/en-us,9362,online-auction.state.gov,,,2992,88.75,,/en-us
/understand-aid/types/grants/pell/calculate-eligibility,9362,studentaid.gov,,,2993,88.75,,/understand-aid/types/grants/pell/calc...
/shen/index.htm,9362,nps.gov,,,2994,88.75,,/shen/index.htm
/mp/member/index.do,9362,my.americorps.gov,,,2995,88.76,,/mp/member/index.do
/apod/ap260317.html,9362,apod.nasa.gov,,,2996,88.76,,/apod/ap260317.html
/forms-and-documents/bank-supervision-applications,9328,fdic.gov,,,2997,88.76,,/forms-and-documents/bank-supervision-...
/news/board-matters/2020,9328,fdic.gov,,,2998,88.77,,/news/board-matters/2020
/bmi/adult-calculator/bmi-categories.html,9328,cdc.gov,,,2999,88.77,,/bmi/adult-calculator/bmi-categories.h...
/bird-flu/situation-summary/index.html,9328,cdc.gov,,,3000,88.78,,/bird-flu/situation-summary/index.html
/content/annual-us-motor-vehicle-production-and-factory-wholesale-sales-thousands-units,9328,bts.gov,,,3001,88.78,,/content/annual-us-motor-vehicle-produ...
/map,9328,data.census.gov,,,3002,88.78,,/map
/scripts/cdrh/cfdocs/cfclia/results.cfm,9328,accessdata.fda.gov,,,3003,88.79,,/scripts/cdrh/cfdocs/cfclia/results.cf...
/data-visualization/csl-search,9328,trade.gov,,,3004,88.79,,/data-visualization/csl-search
/plus-app/parent/confirmation/accepted,9328,studentaid.gov,,,3005,88.79,,/plus-app/parent/confirmation/accepted
/entreg/secure/customersupportauditaction_input,9328,reg.usps.com,,,3006,88.8,,/entreg/secure/customersupportauditact...
/policy-data-oversight/data-analysis-documentation/personnel-documentation/,9328,opm.gov,,,3007,88.8,,/policy-data-oversight/data-analysis-d...
/image-detail/amf-art002e023710/,9328,nasa.gov,,,3008,88.8,,/image-detail/amf-art002e023710/
/identity-theft-central/identity-theft-guide-for-individuals,9328,irs.gov,,,3009,88.81,,/identity-theft-central/identity-theft...
/forms-pubs/about-form-1040-es,9328,irs.gov,,,3010,88.81,,/forms-pubs/about-form-1040-es
/portal/datasets/fmr/fmrs/fy2026_code/2026summary.odn,9328,huduser.gov,,,3011,88.81,,/portal/datasets/fmr/fmrs/fy2026_code/...
/globals/site-index.htm,9328,usps.com,,,3012,88.82,,/globals/site-index.htm
/multimedia/experience/category/25144/,9328,war.gov,,,3013,88.82,,/multimedia/experience/category/25144/
/apod/ap260223.html,9328,apod.nasa.gov,,,3014,88.83,,/apod/ap260223.html
/apod/ap251101.html,9328,apod.nasa.gov,,,3015,88.83,,/apod/ap251101.html
/apod/ap260208.html,9295,apod.nasa.gov,,,3016,88.83,,/apod/ap260208.html
/data-research/making-ends-meet-survey-data/,9295,consumerfinance.gov,,,3017,88.84,,/data-research/making-ends-meet-survey...
/news/board-matters/2022,9295,fdic.gov,,,3018,88.84,,/news/board-matters/2022
/bank-examinations/laws-regulations-and-supervisory-guidance,9295,fdic.gov,,,3019,88.84,,/bank-examinations/laws-regulations-an...
/media/releases/2026/2026-cdc-provides-update-on-hantavirus-outbreak-linked-to-m-v-hondius-cruise-ship.html,9295,cdc.gov,,,3020,88.85,,/media/releases/2026/2026-cdc-provides...
/news/campaigns,9295,fdic.gov,,,3021,88.85,,/news/campaigns
/security-alert-us-embassy-london-may-1-2026/,9295,uk.usembassy.gov,,,3022,88.85,,/security-alert-us-embassy-london-may-...
/store/myaccount/mywishlist.jsp,9295,store.usps.com,,,3023,88.86,,/store/myaccount/mywishlist.jsp
/web/europe-and-eurasia/home/documents/-/document_library/wgdcjslc9zrw,9295,globe.gov,,,3024,88.86,,/web/europe-and-eurasia/home/documents...
/show_plot.php,9295,ndbc.noaa.gov,,,3025,88.86,,/show_plot.php
/sun/facts/,9295,science.nasa.gov,,,3026,88.87,,/sun/facts/
/grca/planyourvisit/fees.htm,9295,nps.gov,,,3027,88.87,,/grca/planyourvisit/fees.htm
/toolkit/skills/skills-matcher.aspx,9295,careeronestop.org,,,3028,88.88,,/toolkit/skills/skills-matcher.aspx
/books/nbk1116/,9262,ncbi.nlm.nih.gov,,,3029,88.88,,/books/nbk1116/
/18539486/,9262,pubmed.ncbi.nlm.nih.gov,,,3030,88.88,,/18539486/
/contact-us/field-offices,9262,fbi.gov,,,3031,88.89,,/contact-us/field-offices
/journals/nco-journal/muddy-boots/dear-future-sergeants-major/,9262,armyupress.army.mil,,,3032,88.89,,/journals/nco-journal/muddy-boots/dear...
/explorecareers/learn/career-clusters.aspx,9262,careeronestop.org,,,3033,88.89,,/explorecareers/learn/career-clusters....
/employee_home,9262,ecomp.dol.gov,,,3034,88.9,,/employee_home
/apod/ap251217.html,9262,apod.nasa.gov,,,3035,88.9,,/apod/ap251217.html
/content/travel/en/us-visas/study/exchange.html,9262,travel.state.gov,,,3036,88.9,,/content/travel/en/us-visas/study/exch...
/job/867058400,9262,usajobs.gov,,,3037,88.91,,/job/867058400
/search/granules,9262,search.earthdata.nasa.gov,,,3038,88.91,,/search/granules
/mpn/parentplus/information/employer,9262,studentaid.gov,,,3039,88.91,,/mpn/parentplus/information/employer
/newsroom/press-releases/coming-soon-cms-provide-50-monthly-access-glp-1-medications-medicare-beneficiaries,9262,cms.gov,,,3040,88.92,,/newsroom/press-releases/coming-soon-c...
/id/305558925,9262,catalog.archives.gov,,,3041,88.92,,/id/305558925
/uap/,9262,science.nasa.gov,,,3042,88.92,,/uap/
/21715483/,9262,pubmed.ncbi.nlm.nih.gov,,,3043,88.93,,/21715483/
/itawareness/quiz/story.html,9228,securityawareness.dcsa.mil,,,3044,88.93,,/itawareness/quiz/story.html
/laws-and-regulations/public-comments-fdic,9228,fdic.gov,,,3045,88.94,,/laws-and-regulations/public-comments-...
/atr/antitrust-case-filings,9228,justice.gov,,,3046,88.94,,/atr/antitrust-case-filings
/health-care/appointment-pre-check-in/error,9228,va.gov,,,3047,88.94,,/health-care/appointment-pre-check-in/...
/uas/commercial_operators/become_a_drone_pilot,9228,faa.gov,,,3048,88.95,,/uas/commercial_operators/become_a_dro...
/registration/do-i-need-usdot-number,9228,fmcsa.dot.gov,,,3049,88.95,,/registration/do-i-need-usdot-number
/ru/web/global_stem_education_center/home/events,9228,globe.gov,,,3050,88.95,,/ru/web/global_stem_education_center/h...
/eoir/ecas,9228,justice.gov,,,3051,88.96,,/eoir/ecas
/initial-application/application-selection,9228,trademarkcenter.uspto.gov,,,3052,88.96,,/initial-application/application-selec...
/ril/iresuiview.action,9228,secure.ssa.gov,,,3053,88.96,,/ril/iresuiview.action
/ticket-prices,9228,shadesofgreen.org,,,3054,88.97,,/ticket-prices
/products/outlook/day1otlk_0100.html,9228,spc.noaa.gov,,,3055,88.97,,/products/outlook/day1otlk_0100.html
/compliance/registration-and-submission-programs/,9228,consumerfinance.gov,,,3056,88.97,,/compliance/registration-and-submissio...
/bls/2026-february-shutdown.htm,9228,bls.gov,,,3057,88.98,,/bls/2026-february-shutdown.htm
/medicare/cms-forms/cms-forms/cms-forms-items/cms017339,9195,cms.gov,,,3058,88.98,,/medicare/cms-forms/cms-forms/cms-form...
/family-and-caregiver-benefits/education-and-careers/,9195,va.gov,,,3059,88.98,,/family-and-caregiver-benefits/educati...
/instructions/i843,9195,irs.gov,,,3060,88.99,,/instructions/i843
/media/multimedia-search.htm,9195,nps.gov,,,3061,88.99,,/media/multimedia-search.htm
/resources/how-to-set-up-direct-deposit-for-va-travel-pay-reimbursement/,9195,va.gov,,,3062,89.0,,/resources/how-to-set-up-direct-deposi...
/funding-programs/loans/covid-19-relief-options/covid-19-economic-injury-disaster-loan/manage-your-eidl,9195,sba.gov,,,3063,89.0,,/funding-programs/loans/covid-19-relie...
/app/photoId,9161,tsaprecheckbytelos.tsa.dhs.gov,,,3064,89.0,,/app/photoId
/laws-and-regulations/assessment-appeals-committee-decisions,9161,fdic.gov,,,3065,89.01,,/laws-and-regulations/assessment-appea...
/humans-in-space/,9161,nasa.gov,,,3066,89.01,,/humans-in-space/
/toolkit/skills/skills-matcher-questions.aspx,9161,careeronestop.org,,,3067,89.01,,/toolkit/skills/skills-matcher-questio...
/about/careers,9161,tsa.gov,,,3068,89.02,,/about/careers
/eoir/eoir-case-information,9161,justice.gov,,,3069,89.02,,/eoir/eoir-case-information
/apod/ap260222.html,9161,apod.nasa.gov,,,3070,89.02,,/apod/ap260222.html
/grsm/planyourvisit/conditions.htm,9161,nps.gov,,,3071,89.03,,/grsm/planyourvisit/conditions.htm
/grca/planyourvisit/grand-canyon-national-park-public-health-update.htm,9161,nps.gov,,,3072,89.03,,/grca/planyourvisit/grand-canyon-natio...
/image-detail/iss074e0521637/,9161,nasa.gov,,,3073,89.03,,/image-detail/iss074e0521637/
/pension/aid-attendance-housebound/,9161,va.gov,,,3074,89.04,,/pension/aid-attendance-housebound/
/prepare/check-eligibility-for-benefits/questionnaire/spouse-former-work,9161,www.ssa.gov,,,3075,89.04,,/prepare/check-eligibility-for-benefit...
/content/travel/en/us-visas/visa-information-resources/wizard.html,9128,travel.state.gov,,,3076,89.04,,/content/travel/en/us-visas/visa-infor...
/app/attributes,9128,tsaprecheckbytelos.tsa.dhs.gov,,,3077,89.05,,/app/attributes
/travel/security-screening/whatcanibring/all-list,9128,tsa.gov,,,3078,89.05,,/travel/security-screening/whatcanibri...
/bls/senior_staff/home.htm,9128,bls.gov,,,3079,89.05,,/bls/senior_staff/home.htm
/enforcement/,9128,consumerfinance.gov,,,3080,89.06,,/enforcement/
/patents/apply/patent-center,9128,uspto.gov,,,3081,89.06,,/patents/apply/patent-center
/sjt/,9128,weather.gov,,,3082,89.07,,/sjt/
/content/travel/en/us-visas/immigrate/the-immigrant-visa-process/step-10-prepare-for-the-interview/appointment.html,9128,travel.state.gov,,,3083,89.07,,/content/travel/en/us-visas/immigrate/...
/mpn/parentplus/information/school,9128,studentaid.gov,,,3084,89.07,,/mpn/parentplus/information/school
/payments/penalty-relief,9128,irs.gov,,,3085,89.08,,/payments/penalty-relief
/zh-hant/downloads/irs-prior,9128,irs.gov,,,3086,89.08,,/zh-hant/downloads/irs-prior
/roles,9128,sam.gov,,,3087,89.08,,/roles
/promoweb/confirmationview.do,9128,prodpx-promotool.usps.com,,,3088,89.09,,/promoweb/confirmationview.do
/about/news/press-release/us-department-of-education-finalizes-landmark-rule-lower-college-costs-and-simplify-student-loan-repayment,9128,ed.gov,,,3089,89.09,,/about/news/press-release/us-departmen...
/forms-and-documents/deposit-claims-asset-sales,9128,fdic.gov,,,3090,89.09,,/forms-and-documents/deposit-claims-as...
/businesses/telephone-assistance-contacts-for-business-customers,9094,irs.gov,,,3091,89.1,,/businesses/telephone-assistance-conta...
/results/default.aspx,9094,glorecords.blm.gov,,,3092,89.1,,/results/default.aspx
/releases/office-of-the-spokesperson/2026/05/passport-revocations-due-to-significant-child-support-debt/,9094,state.gov,,,3093,89.1,,/releases/office-of-the-spokesperson/2...
/get-help/refunds/locating-a-refund/,9094,taxpayeradvocate.irs.gov,,,3094,89.11,,/get-help/refunds/locating-a-refund/
/en/international-travel/planning.html,9094,travel.state.gov,,,3095,89.11,,/en/international-travel/planning.html
/cidod/index.html,9094,securityawareness.dcsa.mil,,,3096,89.11,,/cidod/index.html
/appstore,9094,mobile.va.gov,,,3097,89.12,,/appstore
/station/klsx/standard,9094,radar.weather.gov,,,3098,89.12,,/station/klsx/standard
/opsec/index.htm,9094,securityawareness.dcsa.mil,,,3099,89.12,,/opsec/index.htm
/news/board-matters/2009,9094,fdic.gov,,,3100,89.13,,/news/board-matters/2009
/veterans/military-service-records/standard-form-180,9094,archives.gov,,,3101,89.13,,/veterans/military-service-records/sta...
/20610681/,9061,pubmed.ncbi.nlm.nih.gov,,,3102,89.13,,/20610681/
/s/article/parcel-size-weight-fee-standards,9061,faq.usps.com,,,3103,89.14,,/s/article/parcel-size-weight-fee-stan...
/drugs/drug-approvals-and-databases/approved-drug-products-therapeutic-equivalence-evaluations-orange-book,9061,fda.gov,,,3104,89.14,,/drugs/drug-approvals-and-databases/ap...
/26986659/,9061,pubmed.ncbi.nlm.nih.gov,,,3105,89.15,,/26986659/
/housingcounseling/s/mapresults,9061,answers.hud.gov,,,3106,89.15,,/housingcounseling/s/mapresults
/community-banking-research-program/community-banking-studies,9061,fdic.gov,,,3107,89.15,,/community-banking-research-program/co...
/gtr/all/tests/,9061,ncbi.nlm.nih.gov,,,3108,89.16,,/gtr/all/tests/
/apod/ap251219.html,9061,apod.nasa.gov,,,3109,89.16,,/apod/ap251219.html
/apod/ap260311.html,9061,apod.nasa.gov,,,3110,89.16,,/apod/ap260311.html
/manage-benefits/submit-forms-upload-documents,9061,ssa.gov,,,3111,89.17,,/manage-benefits/submit-forms-upload-d...
/volcanoes/kilauea/webcams,9061,usgs.gov,,,3112,89.17,,/volcanoes/kilauea/webcams
/gauges/fgon8,9028,water.noaa.gov,,,3113,89.17,,/gauges/fgon8
/lab-tests/c-reactive-protein-crp-test/,9028,medlineplus.gov,,,3114,89.18,,/lab-tests/c-reactive-protein-crp-test...
/healthcare-insurance/healthcare/,9028,opm.gov,,,3115,89.18,,/healthcare-insurance/healthcare/
/druginformation.html,9028,medlineplus.gov,,,3116,89.18,,/druginformation.html
/trade/automated/ace-support,9028,cbp.gov,,,3117,89.19,,/trade/automated/ace-support
/apod/ap250901.html,9028,apod.nasa.gov,,,3118,89.19,,/apod/ap250901.html
/20351779/,9028,pubmed.ncbi.nlm.nih.gov,,,3119,89.19,,/20351779/
/green-card/after-we-grant-your-green-card/replace-your-green-card,9028,uscis.gov,,,3120,89.2,,/green-card/after-we-grant-your-green-...
/file-online/how-to-create-a-uscis-online-account,9028,uscis.gov,,,3121,89.2,,/file-online/how-to-create-a-uscis-onl...
/complete-aid-process/receive-aid,8994,studentaid.gov,,,3122,89.2,,/complete-aid-process/receive-aid
/education/resource-collections/climate/climate-change-impacts,8994,noaa.gov,,,3123,89.21,,/education/resource-collections/climat...
/ratings-search,8994,nhtsa.gov,,,3124,89.21,,/ratings-search
/detained-by-ice,8994,usa.gov,,,3125,89.21,,/detained-by-ice
/news/board-matters/2006,8994,fdic.gov,,,3126,89.22,,/news/board-matters/2006
/travel/tsa-cares,8994,tsa.gov,,,3127,89.22,,/travel/tsa-cares
/psr/,8994,weather.gov,,,3128,89.22,,/psr/
/gallery/hubbles-universe/,8994,science.nasa.gov,,,3129,89.23,,/gallery/hubbles-universe/
/complete-aid-process/comparing-aid-offers,8994,studentaid.gov,,,3130,89.23,,/complete-aid-process/comparing-aid-of...
/community-banking-research-program/research-reports,8994,fdic.gov,,,3131,89.24,,/community-banking-research-program/re...
/es-mx/niv/information/privacy_policy,8994,ais.usvisa-info.com,,,3132,89.24,,/es-mx/niv/information/privacy_policy
/disability/file-disability-claim-form-21-526ez/new-disabilities/follow-up/1,8961,www.va.gov,,,3133,89.24,,/disability/file-disability-claim-form...
/policy-data-oversight/pay-leave/salaries-wages/2025/general-schedule/,8961,opm.gov,,,3134,89.25,,/policy-data-oversight/pay-leave/salar...
/pt-br/niv/information/niv_questions,8961,ais.usvisa-info.com,,,3135,89.25,,/pt-br/niv/information/niv_questions
/tsaconfirm-id/about-confirmid,8961,tsa.gov,,,3136,89.25,,/tsaconfirm-id/about-confirmid
/medical-devices,8961,fda.gov,,,3137,89.26,,/medical-devices
/home/directcomplaint,8961,ic3.gov,,,3138,89.26,,/home/directcomplaint
/16207902/,8961,pubmed.ncbi.nlm.nih.gov,,,3139,89.26,,/16207902/
/national-small-business-week,8961,sba.gov,,,3140,89.27,,/national-small-business-week
/usao-ndtx/pr/man-who-bragged-about-sex-16-year-old-sentenced-14-years-prison,8961,justice.gov,,,3141,89.27,,/usao-ndtx/pr/man-who-bragged-about-se...
/agencies/whd/fmla/faq,8961,dol.gov,,,3142,89.27,,/agencies/whd/fmla/faq
/zion/planyourvisit/angels-landing-hiking-permits.htm,8927,nps.gov,,,3143,89.28,,/zion/planyourvisit/angels-landing-hik...
/edit-account/account-activity,8927,myaccount.uscis.gov,,,3144,89.28,,/edit-account/account-activity
/color-your-universe-game/en/,8927,spaceplace.nasa.gov,,,3145,89.28,,/color-your-universe-game/en/
/ws/login/mfa_sign_in,8927,gsaadvantage.gov,,,3146,89.29,,/ws/login/mfa_sign_in
/es/visa-wizard-es/,8927,common.usembassy.gov,,,3147,89.29,,/es/visa-wizard-es/
/bankfind-suite/peergroup/manage,8927,banks.data.fdic.gov,,,3148,89.29,,/bankfind-suite/peergroup/manage
/usn/index.html,8927,cool.osd.mil,,,3149,89.3,,/usn/index.html
/news/board-matters/2014,8927,fdic.gov,,,3150,89.3,,/news/board-matters/2014
/content/travel/en/us-visas/immigrate/the-immigrant-visa-process/step-5-collect-financial-evidence-and-other-supporting-documents/step-7-collect-civil-documents.html,8927,travel.state.gov,,,3151,89.3,,/content/travel/en/us-visas/immigrate/...
/renewal/finalize/confirmation,8927,tsaprecheckbyclear.tsa.dhs.gov,,,3152,89.31,,/renewal/finalize/confirmation
/content/travel/en/legal/visa-law0/visa-bulletin/2026/visa-bulletin-for-march-2026.html,8894,travel.state.gov,,,3153,89.31,,/content/travel/en/legal/visa-law0/vis...
/civilwar/search-soldiers.htm,8894,nps.gov,,,3154,89.31,,/civilwar/search-soldiers.htm
/payments/pay-by-check-or-money-order,8894,irs.gov,,,3155,89.32,,/payments/pay-by-check-or-money-order
/bank-failures/failed-bank-list,8894,fdic.gov,,,3156,89.32,,/bank-failures/failed-bank-list
/pubs/sp/800/53/r5/upd1/final,8894,csrc.nist.gov,,,3157,89.32,,/pubs/sp/800/53/r5/upd1/final
/wanted/topten/giovanni-vicente-mosquera-serrano,8894,fbi.gov,,,3158,89.33,,/wanted/topten/giovanni-vicente-mosque...
/missions/artemis-ii/arow/,8894,nasa.gov,,,3159,89.33,,/missions/artemis-ii/arow/
/basics/costs/pay-premiums,8894,medicare.gov,,,3160,89.33,,/basics/costs/pay-premiums
/citizenship/civics-practice-test-2008,8894,uscis.gov,,,3161,89.34,,/citizenship/civics-practice-test-2008
/articles/pmc8778356/,8894,pmc.ncbi.nlm.nih.gov,,,3162,89.34,,/articles/pmc8778356/
/saved,8894,sam.gov,,,3163,89.34,,/saved
/providers-services/original-medicare/part-b,8894,medicare.gov,,,3164,89.35,,/providers-services/original-medicare/...
/apod/ap260103.html,8894,apod.nasa.gov,,,3165,89.35,,/apod/ap260103.html
/careeroutlook/subject/college.htm,8894,bls.gov,,,3166,89.35,,/careeroutlook/subject/college.htm
/usao-sdny/pr/three-men-charged-attempted-smuggling-89-firearms,8894,justice.gov,,,3167,89.36,,/usao-sdny/pr/three-men-charged-attemp...
/manage-dependents/add-remove-form-21-686c-674/options-selection/add-dependents,8860,www.va.gov,,,3168,89.36,,/manage-dependents/add-remove-form-21-...
/my-health/appointments/schedule/va-request/preferred-method,8860,www.va.gov,,,3169,89.36,,/my-health/appointments/schedule/va-re...
/trending/,8860,pubmed.ncbi.nlm.nih.gov,,,3170,89.37,,/trending/
/manage-loans/repayment,8860,studentaid.gov,,,3171,89.37,,/manage-loans/repayment
/calculator/letterproperties,8860,postcalc.usps.com,,,3172,89.37,,/calculator/letterproperties
/contact/contact-submitted/,8860,login.gov,,,3173,89.38,,/contact/contact-submitted/
/nonimmigrant-visas/,8860,in.usembassy.gov,,,3174,89.38,,/nonimmigrant-visas/
/my-health/appointments/schedule/va-request/contact-information,8860,www.va.gov,,,3175,89.38,,/my-health/appointments/schedule/va-re...
/archives/videos-archive,8860,justice.gov,,,3176,89.39,,/archives/videos-archive
/initial-application,8860,trademarkcenter.uspto.gov,,,3177,89.39,,/initial-application
/international-drivers-license,8860,usa.gov,,,3178,89.4,,/international-drivers-license
/vi/downloads/irs-soi,8860,irs.gov,,,3179,89.4,,/vi/downloads/irs-soi
/explorecareers/assessments/what-is-assessment.aspx,8827,careeronestop.org,,,3180,89.4,,/explorecareers/assessments/what-is-as...
/my-health/appointments/schedule/va-request/review,8827,www.va.gov,,,3181,89.41,,/my-health/appointments/schedule/va-re...
/findtraining/find-training.aspx,8827,careeronestop.org,,,3182,89.41,,/findtraining/find-training.aspx
/support/retirement/contact/,8827,opm.gov,,,3183,89.41,,/support/retirement/contact/
/retirement-center/apply/quick-guide/,8827,opm.gov,,,3184,89.42,,/retirement-center/apply/quick-guide/
/covid/php/surveillance/index.html,8827,cdc.gov,,,3185,89.42,,/covid/php/surveillance/index.html
/growthcharts/cdc-growth-charts.htm,8827,cdc.gov,,,3186,89.42,,/growthcharts/cdc-growth-charts.htm
/image-detail/amf-art002e009283/,8827,nasa.gov,,,3187,89.43,,/image-detail/amf-art002e009283/
/image-detail/amf-art002e009573/,8827,nasa.gov,,,3188,89.43,,/image-detail/amf-art002e009573/
/hr/hccs/services/eopf,8827,commerce.gov,,,3189,89.43,,/hr/hccs/services/eopf
/zh-hans/downloads/irs-prior,8827,irs.gov,,,3190,89.44,,/zh-hans/downloads/irs-prior
/hudclips/handbooks/housing,8827,www.hud.gov,,,3191,89.44,,/hudclips/handbooks/housing
/screener/sep/loss-of-coverage/,8827,www.healthcare.gov,,,3192,89.44,,/screener/sep/loss-of-coverage/
/apod/ap260305.html,8827,apod.nasa.gov,,,3193,89.45,,/apod/ap260305.html
/gallery/your-name-in-landsat-gallery/,8827,science.nasa.gov,,,3194,89.45,,/gallery/your-name-in-landsat-gallery/
/privacy/pia/myssa pia_may 31 2011.htm,8827,ssa.gov,,,3195,89.45,,/privacy/pia/myssa pia_may 31 2011.htm
/ossnap/public/usOrginalEvidence,8827,secure.ssa.gov,,,3196,89.46,,/ossnap/public/usOrginalEvidence
/mob/,8827,weather.gov,,,3197,89.46,,/mob/
/my-health/appointments/schedule/reason,8827,www.va.gov,,,3198,89.46,,/my-health/appointments/schedule/reaso...
/stop-falls-stand-down,8827,osha.gov,,,3199,89.47,,/stop-falls-stand-down
/i-140,8793,uscis.gov,,,3200,89.47,,/i-140
/prepare/check-eligibility-for-benefits/questionnaire/child-condition,8793,www.ssa.gov,,,3201,89.47,,/prepare/check-eligibility-for-benefit...
/apod/ap260107.html,8793,apod.nasa.gov,,,3202,89.48,,/apod/ap260107.html
/IV/,8793,ceac.state.gov,,,3203,89.48,,/IV/
/elibmain/contractorinfo.do,8793,gsaelibrary.gsa.gov,,,3204,89.48,,/elibmain/contractorinfo.do
/milestone-documents/19th-amendment,8793,archives.gov,,,3205,89.49,,/milestone-documents/19th-amendment
/bls/2025-lapse-revised-release-dates.htm,8793,bls.gov,,,3206,89.49,,/bls/2025-lapse-revised-release-dates....
/tae,8793,weather.gov,,,3207,89.49,,/tae
/workspace/profile/following,8793,sam.gov,,,3208,89.5,,/workspace/profile/following
/content/travel/en/us-visas/visa-information-resources/frequently-asked-questions/about-basics.html,8793,travel.state.gov,,,3209,89.5,,/content/travel/en/us-visas/visa-infor...
/careerexplorer/,8793,usajobs.gov,,,3210,89.5,,/careerexplorer/
/missions/tess/for-nasas-tess-stellar-eclipses-shed-light-on-possible-new-worlds/,8793,science.nasa.gov,,,3211,89.51,,/missions/tess/for-nasas-tess-stellar-...
/image-detail/amf-art002e009289/,8793,nasa.gov,,,3212,89.51,,/image-detail/amf-art002e009289/
/portal/mailpieceitemdetail/2,8793,informeddelivery.usps.com,,,3213,89.51,,/portal/mailpieceitemdetail/2
/data-access-viewer/,8760,power.larc.nasa.gov,,,3214,89.52,,/data-access-viewer/
/data/sic-search,8760,osha.gov,,,3215,89.52,,/data/sic-search
/news-events/press-announcements/fda-expands-market-access-authorizes-new-ends-products,8760,fda.gov,,,3216,89.52,,/news-events/press-announcements/fda-e...
/voting-political-party,8760,usa.gov,,,3217,89.53,,/voting-political-party
/content/travel/en/us-visas/immigrate/diversity-visa-program-entry/diversity-visa-submit-entry1/diversity-visa-selection-of-applicants.html,8760,travel.state.gov,,,3218,89.53,,/content/travel/en/us-visas/immigrate/...
/gapps-web/gapps/searchresults,8760,research.gov,,,3219,89.53,,/gapps-web/gapps/searchresults
/store/product/priority-mail-flat-rate-large-box-p_large_frb,8760,store.usps.com,,,3220,89.54,,/store/product/priority-mail-flat-rate...
/americas-finance-guide/national-debt/,8760,fiscaldata.treasury.gov,,,3221,89.54,,/americas-finance-guide/national-debt/
/directorates/esdmd/artemis-campaign-development-division/human-landing-system-program/industry-moon-lander-training-cabin-lands-at-nasa-for-artemis/,8760,nasa.gov,,,3222,89.54,,/directorates/esdmd/artemis-campaign-d...
/visaapplicantui/home/my-profile,8760,www.usvisaappt.com,,,3223,89.55,,/visaapplicantui/home/my-profile
/education/apply-for-gi-bill-form-22-1990/confirmation,8760,www.va.gov,,,3224,89.55,,/education/apply-for-gi-bill-form-22-1...
/lab-tests/,8727,medlineplus.gov,,,3225,89.55,,/lab-tests/
/health-drug-plans,8727,medicare.gov,,,3226,89.56,,/health-drug-plans
/change-mobile/auth,8727,myaccount.uscis.gov,,,3227,89.56,,/change-mobile/auth
/help/create-account/authentication-methods/text-sms-or-phone-call/,8727,login.gov,,,3228,89.56,,/help/create-account/authentication-me...
/retirement-plans/plan-participant-employee/retirement-topics-exceptions-to-tax-on-early-distributions,8727,irs.gov,,,3229,89.57,,/retirement-plans/plan-participant-emp...
/mpcsc/meetings,8727,doingbusiness.msfc.nasa.gov,,,3230,89.57,,/mpcsc/meetings
/healthypeople,8727,odphp.health.gov,,,3231,89.57,,/healthypeople
/news/press-products/,8727,war.gov,,,3232,89.58,,/news/press-products/
/books/nbk567743/,8727,ncbi.nlm.nih.gov,,,3233,89.58,,/books/nbk567743/
/gdv/browser/gene/,8727,ncbi.nlm.nih.gov,,,3234,89.58,,/gdv/browser/gene/
/content/travel/en/us-visas/immigrate/family-immigration.html,8693,travel.state.gov,,,3235,89.59,,/content/travel/en/us-visas/immigrate/...
/resources/what-should-i-bring-to-my-health-care-appointments/,8693,va.gov,,,3236,89.59,,/resources/what-should-i-bring-to-my-h...
/homeloans/,8693,benefits.va.gov,,,3237,89.59,,/homeloans/
/current/title-2/subtitle-a/chapter-ii/part-200,8693,ecfr.gov,,,3238,89.6,,/current/title-2/subtitle-a/chapter-ii...
/station/kcle/standard,8693,radar.weather.gov,,,3239,89.6,,/station/kcle/standard
/content/travel/en/passports/passport-help/after-getting-passport.html,8693,travel.state.gov,,,3240,89.6,,/content/travel/en/passports/passport-...
/contact-us/ask-va,8693,va.gov,,,3241,89.61,,/contact-us/ask-va
/housing-assistance/,8693,va.gov,,,3242,89.61,,/housing-assistance/
/helios-game/en/,8693,spaceplace.nasa.gov,,,3243,89.61,,/helios-game/en/
/herpes/about/index.html,8660,cdc.gov,,,3244,89.62,,/herpes/about/index.html
/apod/ap251207.html,8660,apod.nasa.gov,,,3245,89.62,,/apod/ap251207.html
/crla/index.htm,8660,nps.gov,,,3246,89.62,,/crla/index.htm
/my-va/welcome-va-setup,8660,va.gov,,,3247,89.63,,/my-va/welcome-va-setup
/tr/tr/nonimmigrant-visa,8660,ustraveldocs.com,,,3248,89.63,,/tr/tr/nonimmigrant-visa
/ontime/cancellation.aspx,8660,transtats.bts.gov,,,3249,89.63,,/ontime/cancellation.aspx
/citizenship-resource-center/naturalization-test-and-study-resources/study-for-the-test/2008-civics-practice-test,8660,uscis.gov,,,3250,89.64,,/citizenship-resource-center/naturaliz...
/in/en/step-2,8660,ustraveldocs.com,,,3251,89.64,,/in/en/step-2
/station/kdix/standard,8626,radar.weather.gov,,,3252,89.64,,/station/kdix/standard
/station/kftg/standard,8626,radar.weather.gov,,,3253,89.65,,/station/kftg/standard
/general/topic/benefits-leave/fmla,8626,dol.gov,,,3254,89.65,,/general/topic/benefits-leave/fmla
/health-drug-plans/medigap,8626,medicare.gov,,,3255,89.65,,/health-drug-plans/medigap
/policy-data-oversight/pay-leave/salaries-wages/2026/law-enforcement-officer/,8626,opm.gov,,,3256,89.66,,/policy-data-oversight/pay-leave/salar...
/store/product/lowriders-stamps-s_488204,8626,store.usps.com,,,3257,89.66,,/store/product/lowriders-stamps-s_4882...
/store/stamps/stamps/forever/_/n-9y93lvz1uq0tor,8626,store.usps.com,,,3258,89.66,,/store/stamps/stamps/forever/_/n-9y93l...
/ticks/data-research/facts-stats/lone-star-tick-surveillance.html,8593,cdc.gov,,,3259,89.67,,/ticks/data-research/facts-stats/lone-...
/topics/industrial-control-systems/ci-fortify,8593,cisa.gov,,,3260,89.67,,/topics/industrial-control-systems/ci-...
/register/contact/,8593,ers.cr.usgs.gov,,,3261,89.67,,/register/contact/
/growthcharts/cdc-charts.htm,8593,cdc.gov,,,3262,89.68,,/growthcharts/cdc-charts.htm
/recreational-passes,8593,store.usgs.gov,,,3263,89.68,,/recreational-passes
/programs-services/my-rd-loan-portal,8593,rd.usda.gov,,,3264,89.68,,/programs-services/my-rd-loan-portal
/health/berberine-and-weight-loss-what-you-need-to-know,8593,nccih.nih.gov,,,3265,89.69,,/health/berberine-and-weight-loss-what...
/investigate/white-collar-crime/most-wanted,8593,fbi.gov,,,3266,89.69,,/investigate/white-collar-crime/most-w...
/store/product/treasures-of-the-revolutionary-era-stamps-s_894704,8559,store.usps.com,,,3267,89.69,,/store/product/treasures-of-the-revolu...
/healthypeople/priority-areas/social-determinants-health,8559,odphp.health.gov,,,3268,89.7,,/healthypeople/priority-areas/social-d...
/specials/kidsclub/games/clubhouse/,8559,nasa.gov,,,3269,89.7,,/specials/kidsclub/games/clubhouse/
/regulations_policies/handbooks_manuals/aviation,8559,faa.gov,,,3270,89.7,,/regulations_policies/handbooks_manual...
/ph/en/nonimmigrant-visa,8526,ustraveldocs.com,,,3271,89.71,,/ph/en/nonimmigrant-visa
/education/check-remaining-post-9-11-gi-bill-benefits/status/print,8526,www.va.gov,,,3272,89.71,,/education/check-remaining-post-9-11-g...
/laws-and-regulations/fdic-general-counsel-opinions,8526,fdic.gov,,,3273,89.71,,/laws-and-regulations/fdic-general-cou...
/news/board-matters/2011,8526,fdic.gov,,,3274,89.72,,/news/board-matters/2011
/credits-deductions/energy-efficient-home-improvement-credit,8526,irs.gov,,,3275,89.72,,/credits-deductions/energy-efficient-h...
/credits-deductions/individuals/earned-income-tax-credit-eitc,8526,irs.gov,,,3276,89.72,,/credits-deductions/individuals/earned...
/es/newsroom/check-the-status-of-a-refund-in-just-a-few-clicks-using-the-wheres-my-refund-tool,8526,irs.gov,,,3277,89.72,,/es/newsroom/check-the-status-of-a-ref...
/norovirus/about/index.html,8526,cdc.gov,,,3278,89.73,,/norovirus/about/index.html
/s/topic/0TOt00000004HFmGAM/usps-tracking-,8526,faq.usps.com,,,3279,89.73,,/s/topic/0TOt00000004HFmGAM/usps-track...
/infant-toddler-nutrition/foods-and-drinks/when-what-and-how-to-introduce-solid-foods.html,8526,cdc.gov,,,3280,89.73,,/infant-toddler-nutrition/foods-and-dr...
/covid/vaccines/stay-up-to-date.html,8526,cdc.gov,,,3281,89.74,,/covid/vaccines/stay-up-to-date.html
/apod/ap260130.html,8526,apod.nasa.gov,,,3282,89.74,,/apod/ap260130.html
/apod/ap260207.html,8526,apod.nasa.gov,,,3283,89.74,,/apod/ap260207.html
/apod/ap260226.html,8526,apod.nasa.gov,,,3284,89.75,,/apod/ap260226.html
/newsroom/publications/forms,8526,cbp.gov,,,3285,89.75,,/newsroom/publications/forms
/prepare/check-eligibility-for-benefits/questionnaire/childs-parents-death,8526,www.ssa.gov,,,3286,89.75,,/prepare/check-eligibility-for-benefit...
/our-listing/,8493,realestatesales.gov,,,3287,89.76,,/our-listing/
/milestones/1961-1968/cuban-missile-crisis,8493,history.state.gov,,,3288,89.76,,/milestones/1961-1968/cuban-missile-cr...
/zion/planyourvisit/zion-canyon-shuttle-system.htm,8493,nps.gov,,,3289,89.76,,/zion/planyourvisit/zion-canyon-shuttl...
/support/eligibleexpenses,8493,fsafeds.gov,,,3290,89.77,,/support/eligibleexpenses
/static/maintenance/smclinician_dxp_maint.html,8493,smclinician.myhealth.va.gov,,,3291,89.77,,/static/maintenance/smclinician_dxp_ma...
/h/understand-aid,8493,studentaid.gov,,,3292,89.77,,/h/understand-aid
/regulations_policies/handbooks_manuals/aviation/phak,8493,faa.gov,,,3293,89.78,,/regulations_policies/handbooks_manual...
/store/business-supplies,8493,store.usps.com,,,3294,89.78,,/store/business-supplies
/welcome.htm,8493,usps.com,,,3295,89.78,,/welcome.htm
/citizenship-resource-center/naturalization-test-and-study-resources/2025-civics-test,8493,uscis.gov,,,3296,89.79,,/citizenship-resource-center/naturaliz...
/applicant/profile/hiringpaths/,8493,usajobs.gov,,,3297,89.79,,/applicant/profile/hiringpaths/
/34515290/,8459,pubmed.ncbi.nlm.nih.gov,,,3298,89.79,,/34515290/
/surgeongeneral/reports-and-publications/youth-mental-health/social-media/index.html,8459,hhs.gov,,,3299,89.8,,/surgeongeneral/reports-and-publicatio...
/summer/sunbucks,8459,fns.usda.gov,,,3300,89.8,,/summer/sunbucks
/individuals/free-tax-return-preparation-for-qualifying-taxpayers,8459,irs.gov,,,3301,89.8,,/individuals/free-tax-return-preparati...
/contactus,8459,www.hud.gov,,,3302,89.81,,/contactus
/category/alert/,8459,ua.usembassy.gov,,,3303,89.81,,/category/alert/
/manage-dependents/,8459,va.gov,,,3304,89.81,,/manage-dependents/
/business/,8459,usps.com,,,3305,89.82,,/business/
/my-health/appointments/schedule/contact-information,8459,www.va.gov,,,3306,89.82,,/my-health/appointments/schedule/conta...
/care-compare/all-results,8459,www.medicare.gov,,,3307,89.82,,/care-compare/all-results
/my-health/appointments/schedule/review,8459,www.va.gov,,,3308,89.83,,/my-health/appointments/schedule/revie...
/apod/ap251213.html,8459,apod.nasa.gov,,,3309,89.83,,/apod/ap251213.html
/2026-news-releases/,8459,nasa.gov,,,3310,89.83,,/2026-news-releases/
/feature/our-artemis-crew/,8459,nasa.gov,,,3311,89.84,,/feature/our-artemis-crew/
/charts/employment-situation/civilian-unemployment-rate.htm,8459,bls.gov,,,3312,89.84,,/charts/employment-situation/civilian-...
/photojournal/nasas-curiosity-rover-frees-its-drill-from-a-rock/,8459,science.nasa.gov,,,3313,89.84,,/photojournal/nasas-curiosity-rover-fr...
/vaccines/hcp/imz-schedules/child-adolescent-notes.html,8459,cdc.gov,,,3314,89.84,,/vaccines/hcp/imz-schedules/child-adol...
/content/travel/en/news/visas-news/changes-to-2027-dv-program-entry-period.html,8426,travel.state.gov,,,3315,89.85,,/content/travel/en/news/visas-news/cha...
/earth/explore/earth-indicators/carbon-dioxide/,8426,science.nasa.gov,,,3316,89.85,,/earth/explore/earth-indicators/carbon...
/apod/ap260128.html,8426,apod.nasa.gov,,,3317,89.85,,/apod/ap260128.html
/i-912,8426,uscis.gov,,,3318,89.86,,/i-912
/programs,8426,tsaenrollmentbyidemia.tsa.dhs.gov,,,3319,89.86,,/programs
/apod/ap260106.html,8426,apod.nasa.gov,,,3320,89.86,,/apod/ap260106.html
/image-detail/amf-art002e021110/,8426,nasa.gov,,,3321,89.87,,/image-detail/amf-art002e021110/
/prepare/check-eligibility-for-benefits/questionnaire/parents-paycheck,8426,www.ssa.gov,,,3322,89.87,,/prepare/check-eligibility-for-benefit...
/portal/datasets/fmr/fmrs/fy2026_code/select_geography.odn,8392,huduser.gov,,,3323,89.87,,/portal/datasets/fmr/fmrs/fy2026_code/...
/housing-voucher-section-8,8392,usa.gov,,,3324,89.88,,/housing-voucher-section-8
/careers-employment/,8392,va.gov,,,3325,89.88,,/careers-employment/
/epstein/doj-disclosures/data-set-10-files,8392,justice.gov,,,3326,89.88,,/epstein/doj-disclosures/data-set-10-f...
/submit-filings,8392,sec.gov,,,3327,89.89,,/submit-filings
/marketplace/products/,8392,www.fedramp.gov,,,3328,89.89,,/marketplace/products/
/entreg/loginbcgaction_input,8359,reg.usps.com,,,3329,89.89,,/entreg/loginbcgaction_input
/content/travel/en/us-visas/immigrate/the-immigrant-visa-process/step-1-submit-a-petition/step-3-pay-fees.html,8359,travel.state.gov,,,3330,89.9,,/content/travel/en/us-visas/immigrate/...
/benefits/myrrb,8359,rrb.gov,,,3331,89.9,,/benefits/myrrb
/importation/dogs/index.html,8359,cdc.gov,,,3332,89.9,,/importation/dogs/index.html
/climate,8359,noaa.gov,,,3333,89.91,,/climate
/apod/ap251214.html,8359,apod.nasa.gov,,,3334,89.91,,/apod/ap251214.html
/apod/ap251223.html,8359,apod.nasa.gov,,,3335,89.91,,/apod/ap251223.html
/security-alert-u-s-mission-to-the-united-arab-emirates-may-4-2026/,8359,ae.usembassy.gov,,,3336,89.92,,/security-alert-u-s-mission-to-the-uni...
/es/web/spain/home/news,8359,globe.gov,,,3337,89.92,,/es/web/spain/home/news
/snap/eligible-food-items,8359,fns.usda.gov,,,3338,89.92,,/snap/eligible-food-items
/employers,8359,e-verify.gov,,,3339,89.93,,/employers
/glac/learn/photosmultimedia/webcams.htm,8359,nps.gov,,,3340,89.93,,/glac/learn/photosmultimedia/webcams.h...
/apod/ap260203.html,8359,apod.nasa.gov,,,3341,89.93,,/apod/ap260203.html
/es/fulbright-banco-atlantida/,8359,hn.usembassy.gov,,,3342,89.93,,/es/fulbright-banco-atlantida/
/lower-costs/,8359,healthcare.gov,,,3343,89.94,,/lower-costs/
/individuals/international-taxpayers/yearly-average-currency-exchange-rates,8359,irs.gov,,,3344,89.94,,/individuals/international-taxpayers/y...
/station/kewx/standard,8359,radar.weather.gov,,,3345,89.94,,/station/kewx/standard
/scheduler/error,8359,portal.usaccess.gsa.gov,,,3346,89.95,,/scheduler/error
/articles/pmc12040873/,8359,pmc.ncbi.nlm.nih.gov,,,3347,89.95,,/articles/pmc12040873/
/family-and-caregiver-benefits/health-and-disability/,8359,va.gov,,,3348,89.95,,/family-and-caregiver-benefits/health-...
/apod/ap251115.html,8325,apod.nasa.gov,,,3349,89.96,,/apod/ap251115.html
/citizenship/find-study-materials-and-resources/check-for-test-updates,8325,uscis.gov,,,3350,89.96,,/citizenship/find-study-materials-and-...
/travel/security-screening/whatcanibring/miscellaneous,8325,tsa.gov,,,3351,89.96,,/travel/security-screening/whatcanibri...
/vpv404/cgi-bin/popularnames.cgi/https://www.ssa.gov/oact/babynames/,8325,ssa.gov,,,3352,89.97,,/vpv404/cgi-bin/popularnames.cgi/https...
/medicare/lower-irmaa,8325,ssa.gov,,,3353,89.97,,/medicare/lower-irmaa
/housing-assistance/home-loans/request-coe-form-26-1880/introduction,8325,www.va.gov,,,3354,89.97,,/housing-assistance/home-loans/request...
/archives/press-releases-archive,8325,justice.gov,,,3355,89.98,,/archives/press-releases-archive
/derivative/quiz/story.html,8325,securityawareness.dcsa.mil,,,3356,89.98,,/derivative/quiz/story.html
/compliance/criminal-investigation/irs-criminal-investigation-annual-reports,8325,irs.gov,,,3357,89.98,,/compliance/criminal-investigation/irs...
/vehicle-safety/car-seats-and-booster-seats,8325,nhtsa.gov,,,3358,89.99,,/vehicle-safety/car-seats-and-booster-...
/advantage/pkce/callback,8325,gsaadvantage.gov,,,3359,89.99,,/advantage/pkce/callback
/working-in-government/unique-hiring-paths/students,8325,help.usajobs.gov,,,3360,89.99,,/working-in-government/unique-hiring-p...
/home/,8292,home.grantsolutions.gov,,,3361,90.0,,/home/
/agency-search.html,8292,foia.gov,,,3362,90.0,,/agency-search.html
/ssi/text-eligibility-ussi.htm,8292,ssa.gov,,,3363,90.0,,/ssi/text-eligibility-ussi.htm
/opsec/story.html,8292,securityawareness.dcsa.mil,,,3364,90.0,,/opsec/story.html
/payee/,8292,ssa.gov,,,3365,90.01,,/payee/
/content/travel/en/us-visas/employment/temporary-worker-visas.html,8292,travel.state.gov,,,3366,90.01,,/content/travel/en/us-visas/employment...
/health-care/about-va-health-benefits/dental-care/,8292,va.gov,,,3367,90.01,,/health-care/about-va-health-benefits/...
/g-28,8292,uscis.gov,,,3368,90.02,,/g-28
/workspace/profile/,8292,sam.gov,,,3369,90.02,,/workspace/profile/
/research/publications/search/,8292,sandia.gov,,,3370,90.02,,/research/publications/search/
/scripts/cder/ndc/dsp_searchresult.cfm,8292,accessdata.fda.gov,,,3371,90.03,,/scripts/cder/ndc/dsp_searchresult.cfm
/data-research/prepaid-accounts/,8292,consumerfinance.gov,,,3372,90.03,,/data-research/prepaid-accounts/
/state/,8292,airnow.gov,,,3373,90.03,,/state/
/mhv-portal-web/user-login,8292,myhealth.va.gov,,,3374,90.04,,/mhv-portal-web/user-login
/elibrary/filelist,8259,elibrary.ferc.gov,,,3375,90.04,,/elibrary/filelist
/ooh/arts-and-design/home.htm,8259,bls.gov,,,3376,90.04,,/ooh/arts-and-design/home.htm
/social-security-disability,8259,usa.gov,,,3377,90.05,,/social-security-disability
/articles/pmc9217627/,8259,pmc.ncbi.nlm.nih.gov,,,3378,90.05,,/articles/pmc9217627/
/meg/,8259,weather.gov,,,3379,90.05,,/meg/
/17632797/,8259,pubmed.ncbi.nlm.nih.gov,,,3380,90.06,,/17632797/
/loan-simulator/repayment/results/application-details/I3,8259,studentaid.gov,,,3381,90.06,,/loan-simulator/repayment/results/appl...
/catalog.html,8259,fdanj.nlm.nih.gov,,,3382,90.06,,/catalog.html
/apod/ap260102.html,8259,apod.nasa.gov,,,3383,90.06,,/apod/ap260102.html
/image-detail/amf-art002e021278/,8259,nasa.gov,,,3384,90.07,,/image-detail/amf-art002e021278/
/basics/get-started-with-medicare/sign-up/ready-to-sign-up-for-part-a-part-b,8259,medicare.gov,,,3385,90.07,,/basics/get-started-with-medicare/sign...
/portal/home.html,8225,huduser.gov,,,3386,90.07,,/portal/home.html
/military-basics/military-life-services/,8225,militaryonesource.mil,,,3387,90.08,,/military-basics/military-life-service...
/apx/,8225,weather.gov,,,3388,90.08,,/apx/
/sgx/,8225,weather.gov,,,3389,90.08,,/sgx/
/job/866509500,8225,usajobs.gov,,,3390,90.09,,/job/866509500
/job/867762900,8225,usajobs.gov,,,3391,90.09,,/job/867762900
/portal/registeruserform.aspx,8225,publicportal.eeoc.gov,,,3392,90.09,,/portal/registeruserform.aspx
/cidod/story.html,8225,securityawareness.dcsa.mil,,,3393,90.1,,/cidod/story.html
/region/alaska,8225,fisheries.noaa.gov,,,3394,90.1,,/region/alaska
/r03/coconino/recreation,8225,fs.usda.gov,,,3395,90.1,,/r03/coconino/recreation
/24450397/,8192,pubmed.ncbi.nlm.nih.gov,,,3396,90.11,,/24450397/
/news-events/press-announcements/fda-launches-one-day-inspectional-assessments-strengthen-and-expand-oversight,8192,fda.gov,,,3397,90.11,,/news-events/press-announcements/fda-l...
/gettingcare/virtualhealth/securepatientportal,8192,tricare.mil,,,3398,90.11,,/gettingcare/virtualhealth/securepatie...
/store/shipping-supplies/prepaid-priority-mail/_/n-1ved7wl,8192,store.usps.com,,,3399,90.12,,/store/shipping-supplies/prepaid-prior...
/apod/ap250214.html,8192,apod.nasa.gov,,,3400,90.12,,/apod/ap250214.html
/respiratory-viruses/data/index.html,8192,cdc.gov,,,3401,90.12,,/respiratory-viruses/data/index.html
/18083799/,8158,pubmed.ncbi.nlm.nih.gov,,,3402,90.12,,/18083799/
/apod/ap260212.html,8158,apod.nasa.gov,,,3403,90.13,,/apod/ap260212.html
/health-care/about-va-health-benefits/dental-care/dental-insurance/,8158,va.gov,,,3404,90.13,,/health-care/about-va-health-benefits/...
/apod/ap260123.html,8158,apod.nasa.gov,,,3405,90.13,,/apod/ap260123.html
/financial-hardship,8158,usa.gov,,,3406,90.14,,/financial-hardship
/moon/daily-moon-guide/,8158,science.nasa.gov,,,3407,90.14,,/moon/daily-moon-guide/
/opa/pr/attorney-general-pamela-bondi-releases-first-phase-declassified-epstein-files,8158,justice.gov,,,3408,90.14,,/opa/pr/attorney-general-pamela-bondi-...
/es/payments/pay-your-taxes-by-debit-or-credit-card,8158,irs.gov,,,3409,90.15,,/es/payments/pay-your-taxes-by-debit-o...
/apod/ap251108.html,8158,apod.nasa.gov,,,3410,90.15,,/apod/ap251108.html
/businesses/business-name-change,8125,irs.gov,,,3411,90.15,,/businesses/business-name-change
/productmaps/pubform/details_printer.aspx,8125,armypubs.army.mil,,,3412,90.16,,/productmaps/pubform/details_printer.a...
/programs/landslide-hazards/science/2025-tracy-arm-landslide-generated-tsunami,8125,usgs.gov,,,3413,90.16,,/programs/landslide-hazards/science/20...
/content/travel/en/us-visas/employment.html,8125,travel.state.gov,,,3414,90.16,,/content/travel/en/us-visas/employment...
/about-us/find-a-uscis-office,8125,uscis.gov,,,3415,90.17,,/about-us/find-a-uscis-office
/faqs/irs-procedures/refund-inquiries,8125,irs.gov,,,3416,90.17,,/faqs/irs-procedures/refund-inquiries
/faqs/en/questions/ka-01981.html,8125,ssa.gov,,,3417,90.17,,/faqs/en/questions/ka-01981.html
/green-card/green-card-processes-and-procedures/employment-authorization-document,8125,uscis.gov,,,3418,90.17,,/green-card/green-card-processes-and-p...
/apod/ap251220.html,8125,apod.nasa.gov,,,3419,90.18,,/apod/ap251220.html
/burials-memorials/,8091,va.gov,,,3420,90.18,,/burials-memorials/
/save/benefit-and-license-applicants/save-casecheck,8091,uscis.gov,,,3421,90.18,,/save/benefit-and-license-applicants/s...
/es/payments/direct-pay-with-bank-account,8091,irs.gov,,,3422,90.19,,/es/payments/direct-pay-with-bank-acco...
/credits-deductions/individuals/dependents,8091,irs.gov,,,3423,90.19,,/credits-deductions/individuals/depend...
/travel/travel-tips,8091,tsa.gov,,,3424,90.19,,/travel/travel-tips
/deers,8091,tricare.mil,,,3425,90.2,,/deers
/ssi/text-child-ussi.htm,8091,ssa.gov,,,3426,90.2,,/ssi/text-child-ussi.htm
/news/messages/maradmins.aspx,8091,marines.mil,,,3427,90.2,,/news/messages/maradmins.aspx
/marines/,8091,marines.mil,,,3428,90.21,,/marines/
/usao-sdny/pr/governor-sinaloa-and-nine-other-current-and-former-mexican-officials-charged-drug,8091,justice.gov,,,3429,90.21,,/usao-sdny/pr/governor-sinaloa-and-nin...
/manage-dependents/add-remove-form-21-686c-674/check-veteran-pension,8091,www.va.gov,,,3430,90.21,,/manage-dependents/add-remove-form-21-...
/sgf/,8091,weather.gov,,,3431,90.21,,/sgf/
/pkce/callback,8091,gsaadvantage.gov,,,3432,90.22,,/pkce/callback
/apps/dsn-now/dsn.html,8091,eyes.nasa.gov,,,3433,90.22,,/apps/dsn-now/dsn.html
/employees/mye-verify,8091,e-verify.gov,,,3434,90.22,,/employees/mye-verify
/travel/us-citizens/know-before-you-go/prohibited-and-restricted-items,8091,cbp.gov,,,3435,90.23,,/travel/us-citizens/know-before-you-go...
/apod/ap260111.html,8091,apod.nasa.gov,,,3436,90.23,,/apod/ap260111.html
/apod/ap251222.html,8091,apod.nasa.gov,,,3437,90.23,,/apod/ap251222.html
/education/verify-school-enrollment/enrollment-verifications/,8091,va.gov,,,3438,90.24,,/education/verify-school-enrollment/en...
/en/international-travel/travel-advisories/colombia.html,8058,travel.state.gov,,,3439,90.24,,/en/international-travel/travel-adviso...
/document/bis-2025-0022-0001,8058,regulations.gov,,,3440,90.24,,/document/bis-2025-0022-0001
/wamo/planyourvisit/fees.htm,8058,nps.gov,,,3441,90.25,,/wamo/planyourvisit/fees.htm
/press-releases/article/4477528/coast-guard-us-navy-interdicts-suspected-drug-vessel-off-haiti/,8058,news.uscg.mil,,,3442,90.25,,/press-releases/article/4477528/coast-...
/advanced-search,8058,catalog.archives.gov,,,3443,90.25,,/advanced-search
/find-a-housing-counselor/,8058,consumerfinance.gov,,,3444,90.25,,/find-a-housing-counselor/
/initial-application/owner-information,8058,trademarkcenter.uspto.gov,,,3445,90.26,,/initial-application/owner-information
/apod/ap251210.html,8058,apod.nasa.gov,,,3446,90.26,,/apod/ap251210.html
/apod/ap251208.html,8058,apod.nasa.gov,,,3447,90.26,,/apod/ap251208.html
/priorities/innovation/innovation-models/guide,8058,cms.gov,,,3448,90.27,,/priorities/innovation/innovation-mode...
/life-insurance/,8024,va.gov,,,3449,90.27,,/life-insurance/
/station/kokx/standard,8024,radar.weather.gov,,,3450,90.27,,/station/kokx/standard
/archives/opa/pr/justice-department-statements-jetblue-terminating-acquisition-spirit-airlines,8024,justice.gov,,,3451,90.28,,/archives/opa/pr/justice-department-st...
/web/africa/home/news,8024,globe.gov,,,3452,90.28,,/web/africa/home/news
/epstein/doj-disclosures/data-set-11-files,8024,justice.gov,,,3453,90.28,,/epstein/doj-disclosures/data-set-11-f...
/ever/index.htm,8024,nps.gov,,,3454,90.29,,/ever/index.htm
/calculator/postalcode,8024,postcalc.usps.com,,,3455,90.29,,/calculator/postalcode
/basics/costs/medicare-costs/avoid-penalties,8024,medicare.gov,,,3456,90.29,,/basics/costs/medicare-costs/avoid-pen...
/who/legal/privacy-policy/,8024,about.usps.com,,,3457,90.29,,/who/legal/privacy-policy/
/en/international-travel/travel-advisories/russia.html,8024,travel.state.gov,,,3458,90.3,,/en/international-travel/travel-adviso...
/mission/hubble/hubble-news/,8024,science.nasa.gov,,,3459,90.3,,/mission/hubble/hubble-news/
/disability/how-to-file-claim/evidence-needed/,8024,va.gov,,,3460,90.3,,/disability/how-to-file-claim/evidence...
/earth/earth-observatory/melting-snow-off-shivelyuch/,8024,science.nasa.gov,,,3461,90.31,,/earth/earth-observatory/melting-snow-...
/apod/ap251004.html,8024,apod.nasa.gov,,,3462,90.31,,/apod/ap251004.html
/vaccines/hcp/imz-schedules/adult-notes.html,8024,cdc.gov,,,3463,90.31,,/vaccines/hcp/imz-schedules/adult-note...
/zipcity.php,8024,forecast.weather.gov,,,3464,90.32,,/zipcity.php
/medical-devices/coronavirus-covid-19-and-medical-devices/home-otc-covid-19-diagnostic-tests,8024,fda.gov,,,3465,90.32,,/medical-devices/coronavirus-covid-19-...
/prepare/review-record-earnings,7991,ssa.gov,,,3466,90.32,,/prepare/review-record-earnings
/content/travel/en/us-visas/immigrate/the-immigrant-visa-process/step-1-submit-a-petition/affidavit-of-support.html,7991,travel.state.gov,,,3467,90.33,,/content/travel/en/us-visas/immigrate/...
/ship/insurance-extra-services.htm,7991,usps.com,,,3468,90.33,,/ship/insurance-extra-services.htm
/deep-seabed-mineral-resources/deep-seabed-mining/,7991,oceanservice.noaa.gov,,,3469,90.33,,/deep-seabed-mineral-resources/deep-se...
/moru/index.htm,7991,nps.gov,,,3470,90.33,,/moru/index.htm
/zion/planyourvisit/conditions.htm,7991,nps.gov,,,3471,90.34,,/zion/planyourvisit/conditions.htm
/laws-and-policy/education-policy/guidance-on-constitutionally-protected-prayer-and-religious-expression-in-public-elementary-and-secondary-schools,7991,ed.gov,,,3472,90.34,,/laws-and-policy/education-policy/guid...
/apod/ap251227.html,7991,apod.nasa.gov,,,3473,90.34,,/apod/ap251227.html
/disability/upload-supporting-evidence/,7991,va.gov,,,3474,90.35,,/disability/upload-supporting-evidence...
/disability/file-disability-claim-form-21-526ez/form-saved,7991,www.va.gov,,,3475,90.35,,/disability/file-disability-claim-form...
/visaapplicantui/home/appointment/mission,7991,www.usvisaappt.com,,,3476,90.35,,/visaapplicantui/home/appointment/miss...
/multimedia/photo-collections/week-in-photos/,7991,war.gov,,,3477,90.36,,/multimedia/photo-collections/week-in-...
/cbphome,7958,dhs.gov,,,3478,90.36,,/cbphome
/nosurprises,7958,cms.gov,,,3479,90.36,,/nosurprises
/id/305558929,7958,catalog.archives.gov,,,3480,90.37,,/id/305558929
/id/305558927,7958,catalog.archives.gov,,,3481,90.37,,/id/305558927
/apod/ap260211.html,7958,apod.nasa.gov,,,3482,90.37,,/apod/ap260211.html
/apod/ap260119.html,7958,apod.nasa.gov,,,3483,90.37,,/apod/ap260119.html
/en-et/niv,7958,ais.usvisa-info.com,,,3484,90.38,,/en-et/niv
/skinconditions.html,7958,medlineplus.gov,,,3485,90.38,,/skinconditions.html
/dashboard/manage-vehicle,7958,ttp.cbp.dhs.gov,,,3486,90.38,,/dashboard/manage-vehicle
/digital-id/participating-states,7958,tsa.gov,,,3487,90.39,,/digital-id/participating-states
/station/kenx/standard,7958,radar.weather.gov,,,3488,90.39,,/station/kenx/standard
/international/customs-forms.htm,7958,usps.com,,,3489,90.39,,/international/customs-forms.htm
/green-card/while-your-green-card-application-is-pending-with-uscis,7958,uscis.gov,,,3490,90.4,,/green-card/while-your-green-card-appl...
/manage-dependents/add-remove-form-21-686c-674,7958,va.gov,,,3491,90.4,,/manage-dependents/add-remove-form-21-...
/solar-system/planets/planet-sizes-and-locations-in-our-solar-system/,7958,science.nasa.gov,,,3492,90.4,,/solar-system/planets/planet-sizes-and...
/forms/ssa-561.html,7924,ssa.gov,,,3493,90.4,,/forms/ssa-561.html
/17215339/,7924,pubmed.ncbi.nlm.nih.gov,,,3494,90.41,,/17215339/
/sea-ice-today,7924,nsidc.org,,,3495,90.41,,/sea-ice-today
/yose/planyourvisit/lodging.htm,7924,nps.gov,,,3496,90.41,,/yose/planyourvisit/lodging.htm
/badl/index.htm,7924,nps.gov,,,3497,90.42,,/badl/index.htm
/aboutus/workwithus.htm,7924,nps.gov,,,3498,90.42,,/aboutus/workwithus.htm
/help/create-account/authentication-methods/authentication-application/,7924,login.gov,,,3499,90.42,,/help/create-account/authentication-me...
/register/complete/,7924,ers.cr.usgs.gov,,,3500,90.43,,/register/complete/
/apod/ap251224.html,7924,apod.nasa.gov,,,3501,90.43,,/apod/ap251224.html
/about-the-us,7924,usa.gov,,,3502,90.43,,/about-the-us
/gjt/,7924,weather.gov,,,3503,90.43,,/gjt/
/iln/,7924,weather.gov,,,3504,90.44,,/iln/
/store/product/figures-of-the-american-revolution-stamps-s_488304,7924,store.usps.com,,,3505,90.44,,/store/product/figures-of-the-american...
/ooh/highest-paying.htm,7891,bls.gov,,,3506,90.44,,/ooh/highest-paying.htm
/research/topics/uaps/rg-615,7891,archives.gov,,,3507,90.45,,/research/topics/uaps/rg-615
/apod/ap251206.html,7891,apod.nasa.gov,,,3508,90.45,,/apod/ap251206.html
/filing/amended-return-frequently-asked-questions,7891,irs.gov,,,3509,90.45,,/filing/amended-return-frequently-aske...
/entreg/secure/editprofilepersonalaction_update,7891,reg.usps.com,,,3510,90.46,,/entreg/secure/editprofilepersonalacti...
/fgf/,7891,weather.gov,,,3511,90.46,,/fgf/
/grr/,7891,weather.gov,,,3512,90.46,,/grr/
/s/global-search/trusted traveler,7891,help.cbp.gov,,,3513,90.47,,/s/global-search/trusted traveler
/medicaid-chip/,7891,healthcare.gov,,,3514,90.47,,/medicaid-chip/
/food/nutrition-facts-label/how-understand-and-use-nutrition-facts-label,7891,fda.gov,,,3515,90.47,,/food/nutrition-facts-label/how-unders...
/register/unconfirmed/,7891,ers.cr.usgs.gov,,,3516,90.47,,/register/unconfirmed/
/consumer-alerts/2026/05/new-trends-reports-imposter-scams,7891,consumer.ftc.gov,,,3517,90.48,,/consumer-alerts/2026/05/new-trends-re...
/oact/babynames/popularity_increase.html,7891,ssa.gov,,,3518,90.48,,/oact/babynames/popularity_increase.ht...
/funding-programs/disaster-assistance,7891,sba.gov,,,3519,90.48,,/funding-programs/disaster-assistance
/dsn-game/en/,7891,spaceplace.nasa.gov,,,3520,90.49,,/dsn-game/en/
/auctions/announcements-data-results/announcement-results-press-releases/auction-results/,7891,treasurydirect.gov,,,3521,90.49,,/auctions/announcements-data-results/a...
/family-and-caregiver-benefits/education-and-careers/apply-for-dea-fry-form-22-5490/,7891,va.gov,,,3522,90.49,,/family-and-caregiver-benefits/educati...
/es/busqueda,7891,uscis.gov,,,3523,90.5,,/es/busqueda
/apod/ap260114.html,7857,apod.nasa.gov,,,3524,90.5,,/apod/ap260114.html
/app/renew-tsa-precheck-ktn,7857,tsaprecheckbytelos.tsa.dhs.gov,,,3525,90.5,,/app/renew-tsa-precheck-ktn
/news/publications/,7857,war.gov,,,3526,90.5,,/news/publications/
/jotr/index.htm,7857,nps.gov,,,3527,90.51,,/jotr/index.htm
/contact/list,7857,mymarketnews.ams.usda.gov,,,3528,90.51,,/contact/list
/epstein/doj-disclosures/data-set-5-files,7857,justice.gov,,,3529,90.51,,/epstein/doj-disclosures/data-set-5-fi...
/medicare/regulations-guidance/physician-self-referral/list-cpt-hcpcs-codes,7857,cms.gov,,,3530,90.52,,/medicare/regulations-guidance/physici...
/IV/Docs/ManageDocument.aspx,7857,ceac.state.gov,,,3531,90.52,,/IV/Docs/ManageDocument.aspx
/milestone-documents/civil-rights-act,7857,archives.gov,,,3532,90.52,,/milestone-documents/civil-rights-act
/apod/ap260105.html,7857,apod.nasa.gov,,,3533,90.53,,/apod/ap260105.html
/news-events/news/2026/05/caisi-signs-agreements-regarding-frontier-ai-national-security-testing,7824,www.nist.gov,,,3534,90.53,,/news-events/news/2026/05/caisi-signs-...
/dmx/,7824,weather.gov,,,3535,90.53,,/dmx/
/hun/,7824,weather.gov,,,3536,90.53,,/hun/
/coveredservices/dental/tdp,7824,tricare.mil,,,3537,90.54,,/coveredservices/dental/tdp
/indiv/help/bc/savings-bond-calc-instructions/,7824,treasurydirect.gov,,,3538,90.54,,/indiv/help/bc/savings-bond-calc-instr...
/earth/explore/earth-indicators/global-temperature/,7824,science.nasa.gov,,,3539,90.54,,/earth/explore/earth-indicators/global...
/i-907,7824,uscis.gov,,,3540,90.55,,/i-907
/mora/learn/photosmultimedia/webcams.htm,7824,nps.gov,,,3541,90.55,,/mora/learn/photosmultimedia/webcams.h...
/deva/index.htm,7824,nps.gov,,,3542,90.55,,/deva/index.htm
/acad/planyourvisit/fees.htm,7824,nps.gov,,,3543,90.56,,/acad/planyourvisit/fees.htm
/flood-insurance,7824,fema.gov,,,3544,90.56,,/flood-insurance
/cbp-home-en-espanol,7824,dhs.gov,,,3545,90.56,,/cbp-home-en-espanol
/winterboard/,7824,aviationweather.gov,,,3546,90.56,,/winterboard/
/apod/ap251221.html,7824,apod.nasa.gov,,,3547,90.57,,/apod/ap251221.html
/asset-details/,7824,realestatesales.gov,,,3548,90.57,,/asset-details/
/apod/ap251215.html,7824,apod.nasa.gov,,,3549,90.57,,/apod/ap251215.html
/phil/details.aspx,7790,wwwn.cdc.gov,,,3550,90.58,,/phil/details.aspx
/pubs/,7790,ssa.gov,,,3551,90.58,,/pubs/
/feeds/notification,7790,sam.gov,,,3552,90.58,,/feeds/notification
/aboutus/nonresident-fees.htm,7790,nps.gov,,,3553,90.59,,/aboutus/nonresident-fees.htm
/data/receipts/,7790,fec.gov,,,3554,90.59,,/data/receipts/
/submit-power-of-attorney-and-tax-information-authorizations,7790,irs.gov,,,3555,90.59,,/submit-power-of-attorney-and-tax-info...
/digital-id,7790,tsa.gov,,,3556,90.59,,/digital-id
/earthquakes/eventpage/us7000si2z/executive,7790,earthquake.usgs.gov,,,3557,90.6,,/earthquakes/eventpage/us7000si2z/exec...
/about-us/the-bureau/,7790,consumerfinance.gov,,,3558,90.6,,/about-us/the-bureau/
/apod/ap260217.html,7790,apod.nasa.gov,,,3559,90.6,,/apod/ap260217.html
/globalapp/implicit/callback,7790,eqrs.cms.gov,,,3560,90.61,,/globalapp/implicit/callback
/apod/ap251218.html,7790,apod.nasa.gov,,,3561,90.61,,/apod/ap251218.html
/books/nbk234643/,7790,ncbi.nlm.nih.gov,,,3562,90.61,,/books/nbk234643/
/alzheimers-dementias/lewy-body-dementia,7757,alzheimers.gov,,,3563,90.61,,/alzheimers-dementias/lewy-body-dement...
/apod/ap260104.html,7757,apod.nasa.gov,,,3564,90.62,,/apod/ap260104.html
/archives/news-archives,7757,justice.gov,,,3565,90.62,,/archives/news-archives
/nssdc/,7757,nasa.gov,,,3566,90.62,,/nssdc/
/business-guide/launch-your-business/choose-business-structure,7757,sba.gov,,,3567,90.63,,/business-guide/launch-your-business/c...
/access-pass,7757,store.usgs.gov,,,3568,90.63,,/access-pass
/store/product/priority-mail-flat-rate-small-box-p_small_frb,7757,store.usps.com,,,3569,90.63,,/store/product/priority-mail-flat-rate...
/careerexplorer,7757,usajobs.gov,,,3570,90.64,,/careerexplorer
/job/866924800,7757,usajobs.gov,,,3571,90.64,,/job/866924800
/aly/,7757,weather.gov,,,3572,90.64,,/aly/
/research/military,7757,archives.gov,,,3573,90.64,,/research/military
/apod/ap260117.html,7724,apod.nasa.gov,,,3574,90.65,,/apod/ap260117.html
/esrs/hdev/,7724,eol.jsc.nasa.gov,,,3575,90.65,,/esrs/hdev/
/shingles/signs-symptoms/photos.html,7724,cdc.gov,,,3576,90.65,,/shingles/signs-symptoms/photos.html
/instructions/i1040gi,7724,irs.gov,,,3577,90.66,,/instructions/i1040gi
/providers-services/claims-appeals-complaints,7724,medicare.gov,,,3578,90.66,,/providers-services/claims-appeals-com...
/lab-tests/hemoglobin-a1c-hba1c-test/,7724,medlineplus.gov,,,3579,90.66,,/lab-tests/hemoglobin-a1c-hba1c-test/
/public-inspection/current,7724,federalregister.gov,,,3580,90.67,,/public-inspection/current
/funding-programs/grants,7724,sba.gov,,,3581,90.67,,/funding-programs/grants
/pvwatts.php,7724,pvwatts.nlr.gov,,,3582,90.67,,/pvwatts.php
/yose/planyourvisit/maps.htm,7724,nps.gov,,,3583,90.67,,/yose/planyourvisit/maps.htm
/state/ca/index.htm,7724,nps.gov,,,3584,90.68,,/state/ca/index.htm
/feedback-center/,7724,studentaid.gov,,,3585,90.68,,/feedback-center/
/health-information/informacion-de-la-salud/enfermedades-digestivas/aparato-digestivo-funcionamiento,7724,niddk.nih.gov,,,3586,90.68,,/health-information/informacion-de-la-...
/ess/customer-ui/navigation-error,7690,secure.ssa.gov,,,3587,90.69,,/ess/customer-ui/navigation-error
/initial-application/goods-services,7690,trademarkcenter.uspto.gov,,,3588,90.69,,/initial-application/goods-services
/slr/,7690,coast.noaa.gov,,,3589,90.69,,/slr/
/field-office,7690,eeoc.gov,,,3590,90.69,,/field-office
/how-file-charge-employment-discrimination,7690,eeoc.gov,,,3591,90.7,,/how-file-charge-employment-discrimina...
/americas-finance-guide/federal-spending/,7690,fiscaldata.treasury.gov,,,3592,90.7,,/americas-finance-guide/federal-spendi...
/24502039/,7690,pubmed.ncbi.nlm.nih.gov,,,3593,90.7,,/24502039/
/apod/ap250917.html,7690,apod.nasa.gov,,,3594,90.71,,/apod/ap250917.html
/pt/visas-pt/,7690,br.usembassy.gov,,,3595,90.71,,/pt/visas-pt/
/manage-benefits/make-an-appointment/appointment-questionnaire,7690,ssa.gov,,,3596,90.71,,/manage-benefits/make-an-appointment/a...
/initial-application/mark-selection,7690,trademarkcenter.uspto.gov,,,3597,90.72,,/initial-application/mark-selection
/maps,7690,blm.gov,,,3598,90.72,,/maps
/initial-application/declaration-and-signature,7657,trademarkcenter.uspto.gov,,,3599,90.72,,/initial-application/declaration-and-s...
/articles/pmc8299453/,7657,pmc.ncbi.nlm.nih.gov,,,3600,90.72,,/articles/pmc8299453/
/eoir,7657,justice.gov,,,3601,90.73,,/eoir
/hiv-basics/overview/about-hiv-and-aids/symptoms-of-hiv,7657,hiv.gov,,,3602,90.73,,/hiv-basics/overview/about-hiv-and-aid...
/games/coin-stamper,7657,kids.usmint.gov,,,3603,90.73,,/games/coin-stamper
/16728595/,7657,pubmed.ncbi.nlm.nih.gov,,,3604,90.74,,/16728595/
/registration/process-agents,7657,fmcsa.dot.gov,,,3605,90.74,,/registration/process-agents
/users/new,7657,cddis.nasa.gov,,,3606,90.74,,/users/new
/ticks/prevention/index.html,7657,cdc.gov,,,3607,90.74,,/ticks/prevention/index.html
/importation/dogs/high-risk-countries.html,7657,cdc.gov,,,3608,90.75,,/importation/dogs/high-risk-countries....
/dvn/,7657,weather.gov,,,3609,90.75,,/dvn/
/special-agents/application-and-evaluation-process,7623,fbijobs.gov,,,3610,90.75,,/special-agents/application-and-evalua...
/vessel-sanitation/cruise-ship-outbreaks/caribbean-princess-may-2026.html,7623,cdc.gov,,,3611,90.76,,/vessel-sanitation/cruise-ship-outbrea...
/globalapp/patient-registry,7623,eqrs.cms.gov,,,3612,90.76,,/globalapp/patient-registry
/sectors/sectorday.php,7623,graphical.weather.gov,,,3613,90.76,,/sectors/sectorday.php
/elibmain/home.do/contractorinfo.do,7623,gsaelibrary.gsa.gov,,,3614,90.76,,/elibmain/home.do/contractorinfo.do
/planyourvisit/index.htm,7623,nps.gov,,,3615,90.77,,/planyourvisit/index.htm
/missions/hubble/hubble-spots-a-starry-spiral/,7623,science.nasa.gov,,,3616,90.77,,/missions/hubble/hubble-spots-a-starry...
/es/jobs,7623,seasonaljobs.dol.gov,,,3617,90.77,,/es/jobs
/content/travel/en/news/visas-news/countries-subject-to-visa-bonds.html,7623,travel.state.gov,,,3618,90.78,,/content/travel/en/news/visas-news/cou...
/job/864718000,7623,usajobs.gov,,,3619,90.78,,/job/864718000
/forms/21-4138/,7623,va.gov,,,3620,90.78,,/forms/21-4138/
/apod/ap260110.html,7623,apod.nasa.gov,,,3621,90.79,,/apod/ap260110.html
/apod/ap250921.html,7590,apod.nasa.gov,,,3622,90.79,,/apod/ap250921.html
/careers/mental-health-jobs/,7590,vacareers.va.gov,,,3623,90.79,,/careers/mental-health-jobs/
/apod/ap251205.html,7590,apod.nasa.gov,,,3624,90.79,,/apod/ap251205.html
/workers/file-complaint,7590,osha.gov,,,3625,90.8,,/workers/file-complaint
/volcanoes/kilauea/summit-webcams,7590,usgs.gov,,,3626,90.8,,/volcanoes/kilauea/summit-webcams
/subjects/air/webcams.htm,7590,nps.gov,,,3627,90.8,,/subjects/air/webcams.htm
/verify/,7590,va.gov,,,3628,90.81,,/verify/
/grants-process/write-application/how-to-apply-application-guide,7590,grants.nih.gov,,,3629,90.81,,/grants-process/write-application/how-...
/elibmain/home.do,7590,gsaelibrary.gsa.gov,,,3630,90.81,,/elibmain/home.do
/vpv404/composer/plugin/projectmessage/readme.md/,7590,atmosphere-imager.gsfc.nasa.gov,,,3631,90.81,,/vpv404/composer/plugin/projectmessage...
/agencies/whd,7590,dol.gov,,,3632,90.82,,/agencies/whd
/bwp,7590,niddk.nih.gov,,,3633,90.82,,/bwp
/cave/index.htm,7590,nps.gov,,,3634,90.82,,/cave/index.htm
/reference/forms/request-pertaining-to-military-records,7556,gsa.gov,,,3635,90.83,,/reference/forms/request-pertaining-to...
/oii/cd/inspections.htm,7556,datadashboard.fda.gov,,,3636,90.83,,/oii/cd/inspections.htm
/faqs/irs-procedures/copies-transcripts/transcript-or-copy-of-form-w-2,7556,irs.gov,,,3637,90.83,,/faqs/irs-procedures/copies-transcript...
/basics/get-started-with-medicare/using-medicare/your-medicare-card,7556,medicare.gov,,,3638,90.83,,/basics/get-started-with-medicare/usin...
/ask-cfpb/what-should-i-do-when-a-debt-collector-contacts-me-en-1695/,7556,consumerfinance.gov,,,3639,90.84,,/ask-cfpb/what-should-i-do-when-a-debt...
/cyclones/,7556,nhc.noaa.gov,,,3640,90.84,,/cyclones/
/job/868025800,7556,usajobs.gov,,,3641,90.84,,/job/868025800
/go/ZipLookupAction_input,7556,tools.usps.com,,,3642,90.85,,/go/ZipLookupAction_input
/alca/planyourvisit/fees.htm,7556,nps.gov,,,3643,90.85,,/alca/planyourvisit/fees.htm
/manage-dependents/add-remove-form-21-686c-674/review-and-submit,7556,www.va.gov,,,3644,90.85,,/manage-dependents/add-remove-form-21-...
/apod/ap260219.html,7556,apod.nasa.gov,,,3645,90.85,,/apod/ap260219.html
/video-detail/art002m1200912237-saj-jettisonorig-3/,7556,nasa.gov,,,3646,90.86,,/video-detail/art002m1200912237-saj-je...
/resources/2024-03-08-web-rule/,7556,ada.gov,,,3647,90.86,,/resources/2024-03-08-web-rule/
/apod/ap251228.html,7556,apod.nasa.gov,,,3648,90.86,,/apod/ap251228.html
/apod/ap260109.html,7556,apod.nasa.gov,,,3649,90.87,,/apod/ap260109.html
/hbeweb/ehbs/annon/landing,7556,health-benefits.opm.gov,,,3650,90.87,,/hbeweb/ehbs/annon/landing
/image-detail/amf-art002e009282/,7523,nasa.gov,,,3651,90.87,,/image-detail/amf-art002e009282/
/yose/planyourvisit/index.htm,7523,nps.gov,,,3652,90.87,,/yose/planyourvisit/index.htm
/apod/ap251226.html,7523,apod.nasa.gov,,,3653,90.88,,/apod/ap251226.html
/hipaa/index.html,7523,hhs.gov,,,3654,90.88,,/hipaa/index.html
/exoplanets/search-for-life/,7523,science.nasa.gov,,,3655,90.88,,/exoplanets/search-for-life/
/initial-application/filing-basis-overview,7523,trademarkcenter.uspto.gov,,,3656,90.89,,/initial-application/filing-basis-over...
/indiv/help/bc/bc-savings-help/,7523,treasurydirect.gov,,,3657,90.89,,/indiv/help/bc/bc-savings-help/
/toolkit/skills/skills-matcher-results.aspx,7523,careeronestop.org,,,3658,90.89,,/toolkit/skills/skills-matcher-results...
/sew/,7523,weather.gov,,,3659,90.9,,/sew/
/job/864975100,7523,usajobs.gov,,,3660,90.9,,/job/864975100
/apod/ap260122.html,7489,apod.nasa.gov,,,3661,90.9,,/apod/ap260122.html
/initial-application/correspondence-information,7489,trademarkcenter.uspto.gov,,,3662,90.9,,/initial-application/correspondence-in...
/business-guide/10-steps-start-your-business,7489,sba.gov,,,3663,90.91,,/business-guide/10-steps-start-your-bu...
/programs-services/single-family-housing-programs/single-family-housing-direct-home-loans,7489,rd.usda.gov,,,3664,90.91,,/programs-services/single-family-housi...
/dynwidgets/index.html,7489,npin.cdc.gov,,,3665,90.91,,/dynwidgets/index.html
/usao-az/pr/leader-child-sexual-abuse-ring-sentenced-50-years-prison,7489,justice.gov,,,3666,90.92,,/usao-az/pr/leader-child-sexual-abuse-...
/globalapp/,7489,eqrs.cms.gov,,,3667,90.92,,/globalapp/
/gibill/,7489,benefits.va.gov,,,3668,90.92,,/gibill/
/apod/ap260129.html,7489,apod.nasa.gov,,,3669,90.92,,/apod/ap260129.html
/job/867721000,7489,usajobs.gov,,,3670,90.93,,/job/867721000
/job/847041700,7489,usajobs.gov,,,3671,90.93,,/job/847041700
/visaapplicantui/home/support/view,7489,www.usvisaappt.com,,,3672,90.93,,/visaapplicantui/home/support/view
/tr/tr/,7489,ustraveldocs.com,,,3673,90.94,,/tr/tr/
/travel-documents-children,7489,usa.gov,,,3674,90.94,,/travel-documents-children
/savings-bonds/ee-bonds/,7489,treasurydirect.gov,,,3675,90.94,,/savings-bonds/ee-bonds/
/amc-travel-site/,7456,amc.af.mil,,,3676,90.94,,/amc-travel-site/
/es-pe/niv,7456,ais.usvisa-info.com,,,3677,90.95,,/es-pe/niv
/animals,7456,wildhorsesonline.blm.gov,,,3678,90.95,,/animals
/education/verify-school-enrollment/mgib-enrollments/,7456,va.gov,,,3679,90.95,,/education/verify-school-enrollment/mg...
/benefits/retirement/social-security-fairness-act.html,7456,ssa.gov,,,3680,90.96,,/benefits/retirement/social-security-f...
/yell/planyourvisit/index.htm,7456,nps.gov,,,3681,90.96,,/yell/planyourvisit/index.htm
/media/photo/collection-item.htm,7456,nps.gov,,,3682,90.96,,/media/photo/collection-item.htm
/providers-services/original-medicare/part-a,7456,medicare.gov,,,3683,90.96,,/providers-services/original-medicare/...
/news-events/press-announcements/fda-permits-expanded-access-investigational-pancreatic-cancer-drug,7456,fda.gov,,,3684,90.97,,/news-events/press-announcements/fda-p...
/nmc/merchant_mariner_credential/,7456,dco.uscg.mil,,,3685,90.97,,/nmc/merchant_mariner_credential/
/funding-programs/loans/microloans,7423,sba.gov,,,3686,90.97,,/funding-programs/loans/microloans
/account/signout/,7423,ncbi.nlm.nih.gov,,,3687,90.98,,/account/signout/
/nalt/en/page/,7423,lod.nal.usda.gov,,,3688,90.98,,/nalt/en/page/
/businesses/small-businesses-self-employed/single-member-limited-liability-companies,7423,irs.gov,,,3689,90.98,,/businesses/small-businesses-self-empl...
/tobacco-products/market-and-distribute-tobacco-product/e-cigarettes-vapes-and-other-electronic-nicotine-delivery-systems-ends-authorized-fda,7423,fda.gov,,,3690,90.98,,/tobacco-products/market-and-distribut...
/sbelt/meetings,7423,doingbusiness.msfc.nasa.gov,,,3691,90.99,,/sbelt/meetings
/news-features/understanding-climate/climate-change-global-temperature,7423,climate.gov,,,3692,90.99,,/news-features/understanding-climate/c...
/en-ca/niv/information/niv_questions,7423,ais.usvisa-info.com,,,3693,90.99,,/en-ca/niv/information/niv_questions
/myaccount/lp/landing-page-i3368-submit-with-account.html,7423,ssa.gov,,,3694,90.99,,/myaccount/lp/landing-page-i3368-submi...
/grsm/planyourvisit/fees.htm,7389,nps.gov,,,3695,91.0,,/grsm/planyourvisit/fees.htm
/datasets/taxonomy/browser/,7389,ncbi.nlm.nih.gov,,,3696,91.0,,/datasets/taxonomy/browser/
/nlmcatalog/,7389,ncbi.nlm.nih.gov,,,3697,91.0,,/nlmcatalog/
/research/jfk/release-2022,7389,archives.gov,,,3698,91.01,,/research/jfk/release-2022
/apod/ap251111.html,7389,apod.nasa.gov,,,3699,91.01,,/apod/ap251111.html
/apod/ap251010.html,7389,apod.nasa.gov,,,3700,91.01,,/apod/ap251010.html
/help/manage-your-account/change-your-email-address/,7389,login.gov,,,3701,91.01,,/help/manage-your-account/change-your-...
/chemistry/name-ser/,7389,webbook.nist.gov,,,3702,91.02,,/chemistry/name-ser/
/news/releases/release/article/4477884/secretary-of-war-general-officer-announcements-for-may-5-2026/,7389,war.gov,,,3703,91.02,,/news/releases/release/article/4477884...
/careers-employment/vocational-rehabilitation/apply-vre-form-28-1900/introduction,7389,www.va.gov,,,3704,91.02,,/careers-employment/vocational-rehabil...
/quick-guide/one-page-guide-to-the-marketplace/,7389,www.healthcare.gov,,,3705,91.03,,/quick-guide/one-page-guide-to-the-mar...
/biometrics-technology/evaluating-facial-identification-technology,7389,tsa.gov,,,3706,91.03,,/biometrics-technology/evaluating-faci...
/products/goes-x-ray-flux,7389,swpc.noaa.gov,,,3707,91.03,,/products/goes-x-ray-flux
/apod/ap251025.html,7356,apod.nasa.gov,,,3708,91.03,,/apod/ap251025.html
/far/part-52,7356,acquisition.gov,,,3709,91.04,,/far/part-52
/support-services/culture-resilience/physical-readiness/,7356,mynavyhr.navy.mil,,,3710,91.04,,/support-services/culture-resilience/p...
/portal/datasets/il.html/tabs/year2026,7356,huduser.gov,,,3711,91.04,,/portal/datasets/il.html/tabs/year2026
/about/agencies/asa/psc/index.html,7356,hhs.gov,,,3712,91.05,,/about/agencies/asa/psc/index.html
/working-in-government/unique-hiring-paths/federal-employees,7356,help.usajobs.gov,,,3713,91.05,,/working-in-government/unique-hiring-p...
/hantavirus/php/surveillance/index.html,7356,cdc.gov,,,3714,91.05,,/hantavirus/php/surveillance/index.htm...
/document/guidance/cbp-modernizes-electronic-refund-enrollment-process,7356,cbp.gov,,,3715,91.05,,/document/guidance/cbp-modernizes-elec...
/graduation/,7356,bootcamp.navy.mil,,,3716,91.06,,/graduation/
/apod/ap251201.html,7356,apod.nasa.gov,,,3717,91.06,,/apod/ap251201.html
/yell/planyourvisit/basicinfo.htm,7356,nps.gov,,,3718,91.06,,/yell/planyourvisit/basicinfo.htm
/sanctions-list-service,7356,ofac.treasury.gov,,,3719,91.07,,/sanctions-list-service
/text/dmm300/507.htm,7356,pe.usps.com,,,3720,91.07,,/text/dmm300/507.htm
/12682128/,7356,pubmed.ncbi.nlm.nih.gov,,,3721,91.07,,/12682128/
/18712589/,7356,pubmed.ncbi.nlm.nih.gov,,,3722,91.07,,/18712589/
/feeds,7356,sam.gov,,,3723,91.08,,/feeds
/dwarf-planets/,7356,science.nasa.gov,,,3724,91.08,,/dwarf-planets/
/disability/professionals/bluebook/11.00-neurological-adult.htm,7356,ssa.gov,,,3725,91.08,,/disability/professionals/bluebook/11....
/job/854840400,7356,usajobs.gov,,,3726,91.09,,/job/854840400
/applicant/profile/workexperience/,7356,usajobs.gov,,,3727,91.09,,/applicant/profile/workexperience/
/indiv/help/treasurydirect-help/how-do-i/,7356,treasurydirect.gov,,,3728,91.09,,/indiv/help/treasurydirect-help/how-do...
/helping-americans/housing-choice-vouchers,7356,www.hud.gov,,,3729,91.09,,/helping-americans/housing-choice-vouc...
/initial-application/translation,7356,trademarkcenter.uspto.gov,,,3730,91.1,,/initial-application/translation
/apod/ap251229.html,7322,apod.nasa.gov,,,3731,91.1,,/apod/ap251229.html
/signin/profile/,7322,training.fema.gov,,,3732,91.1,,/signin/profile/
/i-129f,7322,uscis.gov,,,3733,91.1,,/i-129f
/individuals/tax-compliance-report,7322,irs.gov,,,3734,91.11,,/individuals/tax-compliance-report
/dmaf/form/f14039,7322,irs.gov,,,3735,91.11,,/dmaf/form/f14039
/medical-devices/medical-device-safety/medical-device-recalls-and-early-alerts,7322,fda.gov,,,3736,91.11,,/medical-devices/medical-device-safety...
/grants-and-programs/recognition-programs/presidents-education-awards-program/program-materials-presidents-education-awards-program,7322,ed.gov,,,3737,91.12,,/grants-and-programs/recognition-progr...
/nationwide-gravesite-locator/,7322,cem.va.gov,,,3738,91.12,,/nationwide-gravesite-locator/
/adhd/diagnosis/index.html,7322,cdc.gov,,,3739,91.12,,/adhd/diagnosis/index.html
/about/contact,7322,cbp.gov,,,3740,91.12,,/about/contact
/publications/dictionaries/cancer-terms/,7322,cancer.gov,,,3741,91.13,,/publications/dictionaries/cancer-term...
/osr/,7322,servicerefunds.usps.com,,,3742,91.13,,/osr/
/apod/ap251003.html,7322,apod.nasa.gov,,,3743,91.13,,/apod/ap251003.html
/signup/,7322,account.ncbi.nlm.nih.gov,,,3744,91.14,,/signup/
/store/product/priority-mail-large-box-p_o_box7,7322,store.usps.com,,,3745,91.14,,/store/product/priority-mail-large-box...
/stli/index.htm,7322,nps.gov,,,3746,91.14,,/stli/index.htm
/dwarf-planets/pluto/facts/,7322,science.nasa.gov,,,3747,91.14,,/dwarf-planets/pluto/facts/
/individuals/transcript-availability,7322,irs.gov,,,3748,91.15,,/individuals/transcript-availability
/archive,7289,acf.gov,,,3749,91.15,,/archive
/brca/index.htm,7289,nps.gov,,,3750,91.15,,/brca/index.htm
/epstein/doj-disclosures/first-phase-declassified-epstein-files,7289,justice.gov,,,3751,91.16,,/epstein/doj-disclosures/first-phase-d...
/eoir/volume-29,7289,justice.gov,,,3752,91.16,,/eoir/volume-29
/identity-theft-fraud-scams/if-you-received-an-ein-you-didnt-request,7289,irs.gov,,,3753,91.16,,/identity-theft-fraud-scams/if-you-rec...
/id/305558934,7289,catalog.archives.gov,,,3754,91.16,,/id/305558934
/localhelp/unemploymentbenefits/find-unemployment-benefits.aspx,7289,careeronestop.org,,,3755,91.17,,/localhelp/unemploymentbenefits/find-u...
/vocrehab/,7289,benefits.va.gov,,,3756,91.17,,/vocrehab/
/apod/ap260126.html,7289,apod.nasa.gov,,,3757,91.17,,/apod/ap260126.html
/my-health/appointments/pending,7289,www.va.gov,,,3758,91.17,,/my-health/appointments/pending
/disability/file-disability-claim-form-21-526ez/adaptive-benefits,7289,www.va.gov,,,3759,91.18,,/disability/file-disability-claim-form...
/jax/,7289,weather.gov,,,3760,91.18,,/jax/
/initial-application/review-and-edit,7289,trademarkcenter.uspto.gov,,,3761,91.18,,/initial-application/review-and-edit
/initial-application/name-consent,7289,trademarkcenter.uspto.gov,,,3762,91.19,,/initial-application/name-consent
/station/klot/standard,7289,radar.weather.gov,,,3763,91.19,,/station/klot/standard
/23280524/,7289,pubmed.ncbi.nlm.nih.gov,,,3764,91.19,,/23280524/
/opsparc/,7289,partnerships.gsfc.nasa.gov,,,3765,91.19,,/opsparc/
/hurricane-prep,7255,noaa.gov,,,3766,91.2,,/hurricane-prep
/lab-tests/fasting-for-a-blood-test/,7255,medlineplus.gov,,,3767,91.2,,/lab-tests/fasting-for-a-blood-test/
/usao-nh/pr/nashua-man-charged-threatening-president,7255,justice.gov,,,3768,91.2,,/usao-nh/pr/nashua-man-charged-threate...
/businesses/small-businesses-self-employed/when-to-get-a-new-ein,7255,irs.gov,,,3769,91.21,,/businesses/small-businesses-self-empl...
/media/press-releases/,7255,centcom.mil,,,3770,91.21,,/media/press-releases/
/covid/signs-symptoms/index.html,7255,cdc.gov,,,3771,91.21,,/covid/signs-symptoms/index.html
/apod/ap260125.html,7255,apod.nasa.gov,,,3772,91.21,,/apod/ap260125.html
/apod/ap250920.html,7255,apod.nasa.gov,,,3773,91.22,,/apod/ap250920.html
/buf/,7255,weather.gov,,,3774,91.22,,/buf/
/help/international-claims.htm,7255,usps.com,,,3775,91.22,,/help/international-claims.htm
/prisoner-records,7255,usa.gov,,,3776,91.22,,/prisoner-records
/dashboard/add-vehicle-confirmation,7255,ttp.cbp.dhs.gov,,,3777,91.23,,/dashboard/add-vehicle-confirmation
/plans,7255,tricare.mil,,,3778,91.23,,/plans
/content/travel/en/traveladvisories/traveladvisories/united-arab-emirates-travel-advisory.html,7255,travel.state.gov,,,3779,91.23,,/content/travel/en/traveladvisories/tr...
/myaccount/opt-out.html,7255,ssa.gov,,,3780,91.24,,/myaccount/opt-out.html
/articles/pmc10816294/,7255,pmc.ncbi.nlm.nih.gov,,,3781,91.24,,/articles/pmc10816294/
/shv/,7255,weather.gov,,,3782,91.24,,/shv/
/visaapplicantui/home/appointment/slot,7255,www.usvisaappt.com,,,3783,91.24,,/visaapplicantui/home/appointment/slot
/businesses/small-businesses-self-employed,7222,irs.gov,,,3784,91.25,,/businesses/small-businesses-self-empl...
/ency/article/003104.htm,7222,medlineplus.gov,,,3785,91.25,,/ency/article/003104.htm
/image-detail/amf-art002e021219/,7222,nasa.gov,,,3786,91.25,,/image-detail/amf-art002e021219/
/data/forecasts/fzus61.kcle.html,7222,ndbc.noaa.gov,,,3787,91.26,,/data/forecasts/fzus61.kcle.html
/web/sm-clinician/home,7222,smclinician.myhealth.va.gov,,,3788,91.26,,/web/sm-clinician/home
/content/travel/en/us-visas/immigrate/the-immigrant-visa-process/step-8-scan-collected-documents/step-9-upload-and-submit-scanned-documents.html,7222,travel.state.gov,,,3789,91.26,,/content/travel/en/us-visas/immigrate/...
/army/moc/index.html,7222,cool.osd.mil,,,3790,91.26,,/army/moc/index.html
/explore/hcfsa/expenses,7222,fsafeds.gov,,,3791,91.27,,/explore/hcfsa/expenses
/programs/national-geospatial-program/topographic-maps,7222,usgs.gov,,,3792,91.27,,/programs/national-geospatial-program/...
/pension/,7222,va.gov,,,3793,91.27,,/pension/
/my-va/welcome-va-setup/contact-information/edit-email-address,7222,www.va.gov,,,3794,91.27,,/my-va/welcome-va-setup/contact-inform...
/sore-throat/es/about/informacion-basica-sobre-el-dolor-de-garganta.html,7222,cdc.gov,,,3795,91.28,,/sore-throat/es/about/informacion-basi...
/suicide/facts/data.html,7222,cdc.gov,,,3796,91.28,,/suicide/facts/data.html
/address-book/contact,7222,cnsb.usps.com,,,3797,91.28,,/address-book/contact
/job/867659900,7222,usajobs.gov,,,3798,91.29,,/job/867659900
/save,7222,uscis.gov,,,3799,91.29,,/save
/apod/ap251011.html,7222,apod.nasa.gov,,,3800,91.29,,/apod/ap251011.html
/apod/ap260116.html,7222,apod.nasa.gov,,,3801,91.29,,/apod/ap260116.html
/toolkit/training/find-local-training-results.aspx,7222,careeronestop.org,,,3802,91.3,,/toolkit/training/find-local-training-...
/earth/data/,7189,science.nasa.gov,,,3803,91.3,,/earth/data/
/cn/zh/step-6,7189,ustraveldocs.com,,,3804,91.3,,/cn/zh/step-6
/manage-dependents/add-remove-form-21-686c-674/confirmation,7189,www.va.gov,,,3805,91.3,,/manage-dependents/add-remove-form-21-...
/real-estate/explore-historic-buildings/find-a-historic-federal-building/andrew-w-mellon-auditorium-washington-dc,7189,gsa.gov,,,3806,91.31,,/real-estate/explore-historic-building...
/general/near-point.php,7189,mrdata.usgs.gov,,,3807,91.31,,/general/near-point.php
/19713526/,7189,pubmed.ncbi.nlm.nih.gov,,,3808,91.31,,/19713526/
/station/kapx/standard,7189,radar.weather.gov,,,3809,91.32,,/station/kapx/standard
/entreg/secure/manageprofilesaction_input,7189,reg.usps.com,,,3810,91.32,,/entreg/secure/manageprofilesaction_in...
/compensation/dbq_publicdbqs.asp,7189,benefits.va.gov,,,3811,91.32,,/compensation/dbq_publicdbqs.asp
/how-we-can-help-you/more-fbi-services-and-information/identity-history-summary-checks/identity-history-summary-checks-faqs,7189,fbi.gov,,,3812,91.32,,/how-we-can-help-you/more-fbi-services...
/registration/fmcsa-portal-registration-user-guide-fmcsa-registered-entities-and-associates,7189,fmcsa.dot.gov,,,3813,91.33,,/registration/fmcsa-portal-registratio...
/initial-application/additional-information,7155,trademarkcenter.uspto.gov,,,3814,91.33,,/initial-application/additional-inform...
/content/travel/en/us-visas/visa-information-resources/visa-denials.html,7155,travel.state.gov,,,3815,91.33,,/content/travel/en/us-visas/visa-infor...
/dashboard/card-replacement-select-reason,7155,ttp.cbp.dhs.gov,,,3816,91.33,,/dashboard/card-replacement-select-rea...
/humanitarian/temporary-protected-status,7155,uscis.gov,,,3817,91.34,,/humanitarian/temporary-protected-stat...
/news/national-news-release/lithium-eastern-states-could-replace-imports-a-century-or-more,7155,usgs.gov,,,3818,91.34,,/news/national-news-release/lithium-ea...
/cn/zh/step-2,7155,ustraveldocs.com,,,3819,91.34,,/cn/zh/step-2
/manage-dependents,7155,va.gov,,,3820,91.35,,/manage-dependents
/profile/dependents-and-contacts/accredited-representative-or-vso,7155,va.gov,,,3821,91.35,,/profile/dependents-and-contacts/accre...
/my-health/medical-records/vitals,7155,www.va.gov,,,3822,91.35,,/my-health/medical-records/vitals
/apod/ap251121.html,7155,apod.nasa.gov,,,3823,91.35,,/apod/ap251121.html
/apod/ap251129.html,7155,apod.nasa.gov,,,3824,91.36,,/apod/ap251129.html
/apod/ap260108.html,7155,apod.nasa.gov,,,3825,91.36,,/apod/ap260108.html
/productmaps/pubform/daform2001_3000.aspx,7155,armypubs.army.mil,,,3826,91.36,,/productmaps/pubform/daform2001_3000.a...
/basics/forms-publications-mailings,7155,medicare.gov,,,3827,91.37,,/basics/forms-publications-mailings
/mesh/advanced,7155,ncbi.nlm.nih.gov,,,3828,91.37,,/mesh/advanced
/disability/professionals/bluebook/1.00-musculoskeletal-adult.htm,7155,ssa.gov,,,3829,91.37,,/disability/professionals/bluebook/1.0...
/apod/ap250919.html,7155,apod.nasa.gov,,,3830,91.37,,/apod/ap250919.html
/books/nbk1222/,7122,ncbi.nlm.nih.gov,,,3831,91.38,,/books/nbk1222/
/kids/earth/mission-biomes/,7122,science.nasa.gov,,,3832,91.38,,/kids/earth/mission-biomes/
/awarenessrefresher/story.html,7122,securityawareness.dcsa.mil,,,3833,91.38,,/awarenessrefresher/story.html
/how-many-moons/en/,7122,spaceplace.nasa.gov,,,3834,91.38,,/how-many-moons/en/
/loan-simulator/repayment/results/application-details/SF,7122,studentaid.gov,,,3835,91.39,,/loan-simulator/repayment/results/appl...
/child-passport,7122,usa.gov,,,3836,91.39,,/child-passport
/ship/label-broker.htm,7122,usps.com,,,3837,91.39,,/ship/label-broker.htm
/epstein/doj-disclosures/data-set-9-files,7122,justice.gov,,,3838,91.4,,/epstein/doj-disclosures/data-set-9-fi...
/scripts/cder/ndc/,7122,accessdata.fda.gov,,,3839,91.4,,/scripts/cder/ndc/
/apod/ap251130.html,7122,apod.nasa.gov,,,3840,91.4,,/apod/ap251130.html
/travel/preclearance,7122,cbp.gov,,,3841,91.4,,/travel/preclearance
/bmi/es/child-teen-calculator/index.html,7122,cdc.gov,,,3842,91.41,,/bmi/es/child-teen-calculator/index.ht...
/IVApp/IVApp/complete/complete_personal.aspx,7122,ceac.state.gov,,,3843,91.41,,/IVApp/IVApp/complete/complete_persona...
/agencies/whd/flsa,7122,dol.gov,,,3844,91.41,,/agencies/whd/flsa
/ngl/result,7122,gravelocator.cem.va.gov,,,3845,91.41,,/ngl/result
/prepare/check-eligibility-for-benefits/questionnaire/ex-spouse-work,7122,www.ssa.gov,,,3846,91.42,,/prepare/check-eligibility-for-benefit...
/care-compare/my-providers,7088,medicare.gov,,,3847,91.42,,/care-compare/my-providers
/region/conus-large/standard,7088,radar.weather.gov,,,3848,91.42,,/region/conus-large/standard
/awarenessrefresher/index.html,7088,securityawareness.dcsa.mil,,,3849,91.42,,/awarenessrefresher/index.html
/is/coursematerials.aspx,7088,training.fema.gov,,,3850,91.43,,/is/coursematerials.aspx
/en/international-travel/travel-advisories/japan.html,7088,travel.state.gov,,,3851,91.43,,/en/international-travel/travel-adviso...
/auctions/auction-query/,7088,treasurydirect.gov,,,3852,91.43,,/auctions/auction-query/
/benefit-finder/disability,7088,usa.gov,,,3853,91.44,,/benefit-finder/disability
/retirement-plans/hardships-early-withdrawals-and-loans,7088,irs.gov,,,3854,91.44,,/retirement-plans/hardships-early-with...
/apod/ap250914.html,7088,apod.nasa.gov,,,3855,91.44,,/apod/ap250914.html
/travel/trusted-traveler-programs/tsa-precheck,7088,cbp.gov,,,3856,91.44,,/travel/trusted-traveler-programs/tsa-...
/ict/,7088,weather.gov,,,3857,91.45,,/ict/
/portal/MailPieceItemDetail/6,7088,informeddelivery.usps.com,,,3858,91.45,,/portal/MailPieceItemDetail/6
/tools/plan-tier,7088,www.benefeds.gov,,,3859,91.45,,/tools/plan-tier
/life-insurance/options-eligibility/vgli/,7088,va.gov,,,3860,91.45,,/life-insurance/options-eligibility/vg...
/decision-reviews/supplemental-claim/file-supplemental-claim-form-20-0995/introduction,7088,www.va.gov,,,3861,91.46,,/decision-reviews/supplemental-claim/f...
/retiredmilitary/newsevents/news/survivor-sbp-newsletter/,7088,dfas.mil,,,3862,91.46,,/retiredmilitary/newsevents/news/survi...
/history/cases-and-criminals/osama-bin-laden,7088,fbi.gov,,,3863,91.46,,/history/cases-and-criminals/osama-bin...
/usfs/map/,7088,firms.modaps.eosdis.nasa.gov,,,3864,91.47,,/usfs/map/
/sinus-infection/about/index.html,7088,cdc.gov,,,3865,91.47,,/sinus-infection/about/index.html
/business-guidance/resources/complying-coppa-frequently-asked-questions,7088,ftc.gov,,,3866,91.47,,/business-guidance/resources/complying...
/disability/work,7055,ssa.gov,,,3867,91.47,,/disability/work
/ourproviders/searchresults,7055,accesstocare.va.gov,,,3868,91.48,,/ourproviders/searchresults
/working-in-the-united-states/permanent-workers/employment-based-immigration-second-preference-eb-2,7055,uscis.gov,,,3869,91.48,,/working-in-the-united-states/permanen...
/forms-pubs/more-information,7055,irs.gov,,,3870,91.48,,/forms-pubs/more-information
/mp/recruit/index.do,7055,my.americorps.gov,,,3871,91.48,,/mp/recruit/index.do
/education/resource-collections/ocean-coasts/ocean-acidification,7055,noaa.gov,,,3872,91.49,,/education/resource-collections/ocean-...
/articles/pmc10235646/,7055,pmc.ncbi.nlm.nih.gov,,,3873,91.49,,/articles/pmc10235646/
/spanish/ency/patientinstructions/000835.htm,7055,medlineplus.gov,,,3874,91.49,,/spanish/ency/patientinstructions/0008...
/credits-deductions/individuals/earned-income-tax-credit/use-the-eitc-assistant,7055,irs.gov,,,3875,91.5,,/credits-deductions/individuals/earned...
/laws-regs/regulations/standardnumber/1926,7055,osha.gov,,,3876,91.5,,/laws-regs/regulations/standardnumber/...
/station/kdgx/standard,7055,radar.weather.gov,,,3877,91.5,,/station/kdgx/standard
/apod/ap250924.html,7055,apod.nasa.gov,,,3878,91.5,,/apod/ap250924.html
/oax/,7055,weather.gov,,,3879,91.51,,/oax/
/cn/zh/step-1,7055,ustraveldocs.com,,,3880,91.51,,/cn/zh/step-1
/assistance/individual,7055,fema.gov,,,3881,91.51,,/assistance/individual
/programs-surveys/aies/information.html,7055,census.gov,,,3882,91.51,,/programs-surveys/aies/information.htm...
/credits-deductions/individuals/child-tax-credit,7055,irs.gov,,,3883,91.52,,/credits-deductions/individuals/child-...
/about/ed-offices/fsa/federal-student-aid,7055,ed.gov,,,3884,91.52,,/about/ed-offices/fsa/federal-student-...
/apod/ap260209.html,7055,apod.nasa.gov,,,3885,91.52,,/apod/ap260209.html
/apod/ap251114.html,7055,apod.nasa.gov,,,3886,91.52,,/apod/ap251114.html
/apod/ap260118.html,7055,apod.nasa.gov,,,3887,91.53,,/apod/ap260118.html
/apod/ap250926.html,7055,apod.nasa.gov,,,3888,91.53,,/apod/ap250926.html
/help/faq,7055,bea.gov,,,3889,91.53,,/help/faq
/holidays,7055,usa.gov,,,3890,91.54,,/holidays
/station/kind/standard,7021,radar.weather.gov,,,3891,91.54,,/station/kind/standard
/savings-bonds/buy-a-bond/,7021,treasurydirect.gov,,,3892,91.54,,/savings-bonds/buy-a-bond/
/retirement/reporting,7021,ssa.gov,,,3893,91.54,,/retirement/reporting
/epstein/doj-disclosures/data-set-6-files,7021,justice.gov,,,3894,91.55,,/epstein/doj-disclosures/data-set-6-fi...
/individuals/understanding-your-letter-12c,7021,irs.gov,,,3895,91.55,,/individuals/understanding-your-letter...
/nasa-brand-center/images-and-media/,7021,nasa.gov,,,3896,91.55,,/nasa-brand-center/images-and-media/
/briefing-room/trumps-transportation-secretary-sean-p-duffy-secures-relief-spirit-airlines-flyers,7021,transportation.gov,,,3897,91.55,,/briefing-room/trumps-transportation-s...
/green-card/how-to-apply-for-a-green-card,7021,uscis.gov,,,3898,91.56,,/green-card/how-to-apply-for-a-green-c...
/yose/planyourvisit/reservations.htm,7021,nps.gov,,,3899,91.56,,/yose/planyourvisit/reservations.htm
/apod/ap251109.html,7021,apod.nasa.gov,,,3900,91.56,,/apod/ap251109.html
/26379155/,7021,pubmed.ncbi.nlm.nih.gov,,,3901,91.57,,/26379155/
/triexplorer/transfer_fac,7021,enviro.epa.gov,,,3902,91.57,,/triexplorer/transfer_fac
/infection-control/hcp/isolation-precautions/appendix-a-type-duration.html,7021,cdc.gov,,,3903,91.57,,/infection-control/hcp/isolation-preca...
/hipaa/for-professionals/privacy/laws-regulations/index.html,7021,hhs.gov,,,3904,91.57,,/hipaa/for-professionals/privacy/laws-...
/elibmain/searchresults.do,7021,gsaelibrary.gsa.gov,,,3905,91.58,,/elibmain/searchresults.do
/help/contact-my-local-office-internationally,7021,irs.gov,,,3906,91.58,,/help/contact-my-local-office-internat...
/helping-americans/housing-choice-vouchers-emergency,7021,www.hud.gov,,,3907,91.58,,/helping-americans/housing-choice-vouc...
/hud-partners/single-family-handbook-4000-1,7021,www.hud.gov,,,3908,91.58,,/hud-partners/single-family-handbook-4...
/disability/file-disability-claim-form-21-526ez/aid-and-attendance,7021,www.va.gov,,,3909,91.59,,/disability/file-disability-claim-form...
/dwarf-planets/pluto/,6988,science.nasa.gov,,,3910,91.59,,/dwarf-planets/pluto/
/travel/tsa-cares/traveling-children,6988,tsa.gov,,,3911,91.59,,/travel/tsa-cares/traveling-children
/oact/stats/table4c6.html,6988,ssa.gov,,,3912,91.59,,/oact/stats/table4c6.html
/federal-credentialing-services/get-appointment-help/bring-required-documents,6988,gsa.gov,,,3913,91.6,,/federal-credentialing-services/get-ap...
/species-profiles-list,6988,invasivespeciesinfo.gov,,,3914,91.6,,/species-profiles-list
/account/v1/needhelp,6988,my.uscis.gov,,,3915,91.6,,/account/v1/needhelp
/station/kccx/standard,6988,radar.weather.gov,,,3916,91.61,,/station/kccx/standard
/es/i94-registro-entradas-salidas-estados-unidos,6988,usa.gov,,,3917,91.61,,/es/i94-registro-entradas-salidas-esta...
/visaapplicantui/home/appointment/state,6988,www.usvisaappt.com,,,3918,91.61,,/visaapplicantui/home/appointment/stat...
/tools/select-plan,6988,www.benefeds.gov,,,3919,91.61,,/tools/select-plan
/india/,6988,usembassy.gov,,,3920,91.62,,/india/
/apod/ap250902.html,6988,apod.nasa.gov,,,3921,91.62,,/apod/ap250902.html
/apod/ap251122.html,6988,apod.nasa.gov,,,3922,91.62,,/apod/ap251122.html
/s/article/usps-retail-customer-appointment-scheduler,6988,faq.usps.com,,,3923,91.62,,/s/article/usps-retail-customer-appoin...
/news-events/press-announcements/fda-announces-major-steps-implement-real-time-clinical-trials,6988,fda.gov,,,3924,91.63,,/news-events/press-announcements/fda-a...
/disability/file-disability-claim-form-21-526ez/supporting-evidence/va-medical-records,6988,www.va.gov,,,3925,91.63,,/disability/file-disability-claim-form...
/recycle/composting-home,6955,epa.gov,,,3926,91.63,,/recycle/composting-home
/apod/ap260224.html,6955,apod.nasa.gov,,,3927,91.63,,/apod/ap260224.html
/apod/ap260121.html,6955,apod.nasa.gov,,,3928,91.64,,/apod/ap260121.html
/menu/parents-and-educators/,6955,spaceplace.nasa.gov,,,3929,91.64,,/menu/parents-and-educators/
/about/secretary-of-war/,6955,war.gov,,,3930,91.64,,/about/secretary-of-war/
/n-565,6955,uscis.gov,,,3931,91.65,,/n-565
/burials-memorials/veterans-burial-allowance/,6955,va.gov,,,3932,91.65,,/burials-memorials/veterans-burial-all...
/help/create-account/authentication-methods/face-or-touch-unlock/,6955,login.gov,,,3933,91.65,,/help/create-account/authentication-me...
/arctic-zone/bering-sea-indicators/,6955,pmel.noaa.gov,,,3934,91.65,,/arctic-zone/bering-sea-indicators/
/data/forecasts/fzus52.kmlb.html,6955,ndbc.noaa.gov,,,3935,91.66,,/data/forecasts/fzus52.kmlb.html
/books/nbk593193/table/ch1survey.t.normal_heart_rate_by_age/,6955,ncbi.nlm.nih.gov,,,3936,91.66,,/books/nbk593193/table/ch1survey.t.nor...
/g-1145,6955,uscis.gov,,,3937,91.66,,/g-1145
/i-129-addresses,6955,uscis.gov,,,3938,91.66,,/i-129-addresses
/compassionateallowances/,6955,ssa.gov,,,3939,91.67,,/compassionateallowances/
/programs/hme,6955,tsaenrollmentbyidemia.tsa.dhs.gov,,,3940,91.67,,/programs/hme
/entreg/secure/informeddeliveryenrolledaction_input,6955,reg.usps.com,,,3941,91.67,,/entreg/secure/informeddeliveryenrolle...
/job/866567600,6955,usajobs.gov,,,3942,91.67,,/job/866567600
/apod/ap260113.html,6921,apod.nasa.gov,,,3943,91.68,,/apod/ap260113.html
/trade/automated,6921,cbp.gov,,,3944,91.68,,/trade/automated
/help/specific-agencies/trusted-traveler-programs/,6921,login.gov,,,3945,91.68,,/help/specific-agencies/trusted-travel...
/healthtopics.html,6921,medlineplus.gov,,,3946,91.69,,/healthtopics.html
/orffinder/,6921,ncbi.nlm.nih.gov,,,3947,91.69,,/orffinder/
/education/svrwx101/tornadoes/,6921,nssl.noaa.gov,,,3948,91.69,,/education/svrwx101/tornadoes/
/es/see-plans/,6921,cuidadodesalud.gov,,,3949,91.69,,/es/see-plans/
/forms-pubs/about-schedule-c-form-1040,6921,irs.gov,,,3950,91.7,,/forms-pubs/about-schedule-c-form-1040
/consumers/consumer-updates/where-and-how-dispose-unused-medicines,6921,fda.gov,,,3951,91.7,,/consumers/consumer-updates/where-and-...
/ghgemissions/overview-greenhouse-gases,6921,epa.gov,,,3952,91.7,,/ghgemissions/overview-greenhouse-gase...
/applicant/profile/education/,6921,usajobs.gov,,,3953,91.7,,/applicant/profile/education/
/en/international-travel/travel-advisories/egypt.html,6921,travel.state.gov,,,3954,91.71,,/en/international-travel/travel-adviso...
/news/en/cola/factsheets/2026.html,6921,ssa.gov,,,3955,91.71,,/news/en/cola/factsheets/2026.html
/diabetes/living-with/10-things-that-spike-blood-sugar.html,6921,cdc.gov,,,3956,91.71,,/diabetes/living-with/10-things-that-s...
/manage/mailboxes.htm,6921,usps.com,,,3957,91.71,,/manage/mailboxes.htm
/bgm/,6921,weather.gov,,,3958,91.72,,/bgm/
/visaapplicantui/home/notification/notification-listing,6921,www.usvisaappt.com,,,3959,91.72,,/visaapplicantui/home/notification/not...
/retirement-center/my-annuity-and-benefits/,6921,opm.gov,,,3960,91.72,,/retirement-center/my-annuity-and-bene...
/dena/learn/photosmultimedia/webcams.htm,6888,nps.gov,,,3961,91.72,,/dena/learn/photosmultimedia/webcams.h...
/hosp/index.htm,6888,nps.gov,,,3962,91.73,,/hosp/index.htm
/media/article-search.htm,6888,nps.gov,,,3963,91.73,,/media/article-search.htm
/tsaconfirm-id/confirmid-faqs,6888,tsa.gov,,,3964,91.73,,/tsaconfirm-id/confirmid-faqs
/articles/pmc6605066/,6888,pmc.ncbi.nlm.nih.gov,,,3965,91.74,,/articles/pmc6605066/
/wow,6888,dhs.gov,,,3966,91.74,,/wow
/emergency-housing,6888,usa.gov,,,3967,91.74,,/emergency-housing
/job/861282700,6888,usajobs.gov,,,3968,91.74,,/job/861282700
/ws/catalog/contractor_detail,6888,gsaadvantage.gov,,,3969,91.75,,/ws/catalog/contractor_detail
/upload_documents,6888,ecomp.dol.gov,,,3970,91.75,,/upload_documents
/crt/section-2-voting-rights-act,6888,justice.gov,,,3971,91.75,,/crt/section-2-voting-rights-act
/about-us/,6888,opm.gov,,,3972,91.75,,/about-us/
/bibe/index.htm,6888,nps.gov,,,3973,91.76,,/bibe/index.htm
/spanish/ency/article/003097.htm,6888,medlineplus.gov,,,3974,91.76,,/spanish/ency/article/003097.htm
/medicare-and-you,6888,medicare.gov,,,3975,91.76,,/medicare-and-you
/scripts/sda/sddetailnavigation.cfm,6888,accessdata.fda.gov,,,3976,91.76,,/scripts/sda/sddetailnavigation.cfm
/cyberbullying/what-is-it,6888,stopbullying.gov,,,3977,91.77,,/cyberbullying/what-is-it
/station/kbuf/standard,6888,radar.weather.gov,,,3978,91.77,,/station/kbuf/standard
/basics/costs/help,6888,medicare.gov,,,3979,91.77,,/basics/costs/help
/disability/file-disability-claim-form-21-526ez/disabilities/rated-disabilities,6854,www.va.gov,,,3980,91.77,,/disability/file-disability-claim-form...
/publication/fema-review-council-final-meeting-documentation,6854,dhs.gov,,,3981,91.78,,/publication/fema-review-council-final...
/disability/file-disability-claim-form-21-526ez/individual-unemployability,6854,www.va.gov,,,3982,91.78,,/disability/file-disability-claim-form...
/visaapplicantui/home/dashboard/support-tickets,6854,www.usvisaappt.com,,,3983,91.78,,/visaapplicantui/home/dashboard/suppor...
/id/481616458,6854,catalog.archives.gov,,,3984,91.79,,/id/481616458
/lab-tests/comprehensive-metabolic-panel-cmp/,6854,medlineplus.gov,,,3985,91.79,,/lab-tests/comprehensive-metabolic-pan...
/coronavirus-tax-relief-and-economic-impact-payments,6854,irs.gov,,,3986,91.79,,/coronavirus-tax-relief-and-economic-i...
/portal/datasets/mtsp.html,6854,huduser.gov,,,3987,91.79,,/portal/datasets/mtsp.html
/funding/explore-nih-opportunities,6854,grants.nih.gov,,,3988,91.8,,/funding/explore-nih-opportunities
/-/john-cannaday,6854,doingbusiness.msfc.nasa.gov,,,3989,91.8,,/-/john-cannaday
/food,6854,fda.gov,,,3990,91.8,,/food
/news-events/press-announcements/fda-approves-first-non-antipsychotic-drug-treat-agitation-associated-dementia,6854,fda.gov,,,3991,91.8,,/news-events/press-announcements/fda-a...
/documents/2026/05/01/2026-08556/reimagining-and-improving-student-education-federal-student-loan-program-final-regulations,6854,federalregister.gov,,,3992,91.81,,/documents/2026/05/01/2026-08556/reima...
/image-detail/amf-art002e012673/,6854,nasa.gov,,,3993,91.81,,/image-detail/amf-art002e012673/
/projects/sviewer/,6854,ncbi.nlm.nih.gov,,,3994,91.81,,/projects/sviewer/
/zion/planyourvisit/fees.htm,6854,nps.gov,,,3995,91.81,,/zion/planyourvisit/fees.htm
/articles/pmc10601933/,6854,pmc.ncbi.nlm.nih.gov,,,3996,91.82,,/articles/pmc10601933/
/staff-accomplishments,6854,pnnl.gov,,,3997,91.82,,/staff-accomplishments
/18434549/,6854,pubmed.ncbi.nlm.nih.gov,,,3998,91.82,,/18434549/
/24427303/,6854,pubmed.ncbi.nlm.nih.gov,,,3999,91.82,,/24427303/
/signin/response/,6854,training.fema.gov,,,4000,91.83,,/signin/response/
/medicare/forms-notices/beneficiary-notices-initiative/ffs-abn,6821,cms.gov,,,4001,91.83,,/medicare/forms-notices/beneficiary-no...
/hiv/about/index.html,6821,cdc.gov,,,4002,91.83,,/hiv/about/index.html
/bmi/adult-calculator/,6821,cdc.gov,,,4003,91.84,,/bmi/adult-calculator/
/apod/ap260124.html,6821,apod.nasa.gov,,,4004,91.84,,/apod/ap260124.html
/find-local-help/,6821,healthcare.gov,,,4005,91.84,,/find-local-help/
/snap/retailer-locator,6821,fns.usda.gov,,,4006,91.84,,/snap/retailer-locator
/ebrap/public/programfy.htm,6821,ebrap.org,,,4007,91.85,,/ebrap/public/programfy.htm
/family-and-caregiver-benefits/health-and-disability/champva/apply-form-10-10d/introduction,6821,www.va.gov,,,4008,91.85,,/family-and-caregiver-benefits/health-...
/medicare/quality/clinical-laboratory-improvement-amendments,6821,cms.gov,,,4009,91.85,,/medicare/quality/clinical-laboratory-...
/get-involved/,6821,nasa.gov,,,4010,91.85,,/get-involved/
/secretary,6821,state.gov,,,4011,91.86,,/secretary
/abq/,6821,weather.gov,,,4012,91.86,,/abq/
/eoir/immigration-court-operational-status,6821,justice.gov,,,4013,91.86,,/eoir/immigration-court-operational-st...
/apod/ap251102.html,6821,apod.nasa.gov,,,4014,91.86,,/apod/ap251102.html
/apod/ap251116.html,6787,apod.nasa.gov,,,4015,91.87,,/apod/ap251116.html
/disability/file-disability-claim-form-21-526ez/supporting-evidence/private-medical-records,6787,www.va.gov,,,4016,91.87,,/disability/file-disability-claim-form...
/vpv404/forum/datamodel/information/transfer.aspx,6787,nces.ed.gov,,,4017,91.87,,/vpv404/forum/datamodel/information/tr...
/drto/index.htm,6787,nps.gov,,,4018,91.87,,/drto/index.htm
/ferpa,6787,studentprivacy.ed.gov,,,4019,91.88,,/ferpa
/guidance,6787,usda.gov,,,4020,91.88,,/guidance
/oesprofile/,6787,data.bls.gov,,,4021,91.88,,/oesprofile/
/apod/ap260112.html,6787,apod.nasa.gov,,,4022,91.88,,/apod/ap260112.html
/apod/ap251018.html,6787,apod.nasa.gov,,,4023,91.89,,/apod/ap251018.html
/en-es/niv/users/sign_in,6787,ais.usvisa-info.com,,,4024,91.89,,/en-es/niv/users/sign_in
/businesses/small-businesses-self-employed/starting-a-business,6787,irs.gov,,,4025,91.89,,/businesses/small-businesses-self-empl...
/businesses/small-businesses-self-employed/report-of-foreign-bank-and-financial-accounts-fbar,6787,irs.gov,,,4026,91.9,,/businesses/small-businesses-self-empl...
/gyx/,6787,weather.gov,,,4027,91.9,,/gyx/
/lmk/,6754,weather.gov,,,4028,91.9,,/lmk/
/fha,6754,www.hud.gov,,,4029,91.9,,/fha
/harmonized_tariff_information/modifications_to_hts,6754,usitc.gov,,,4030,91.91,,/harmonized_tariff_information/modific...
/applicant/militaryservice/bestdescribesyou/,6754,usajobs.gov,,,4031,91.91,,/applicant/militaryservice/bestdescrib...
/archive/automatic-employment-authorization-document-ead-extension,6754,uscis.gov,,,4032,91.91,,/archive/automatic-employment-authoriz...
/5op,6754,go.dhs.gov,,,4033,91.91,,/5op
/information-operations/services/applications/webflis/,6754,dla.mil,,,4034,91.92,,/information-operations/services/appli...
/file-upload/define-data,6754,cnsb.usps.com,,,4035,91.92,,/file-upload/define-data
/study/nct05764122,6754,clinicaltrials.gov,,,4036,91.92,,/study/nct05764122
/programs/defense-travel-system/constructed-travel/,6754,travel.dod.mil,,,4037,91.92,,/programs/defense-travel-system/constr...
/education/presidential-inquiries/decision-drop-atomic-bomb,6754,trumanlibrary.gov,,,4038,91.93,,/education/presidential-inquiries/deci...
/apod/ap250927.html,6754,apod.nasa.gov,,,4039,91.93,,/apod/ap250927.html
/apod/ap250910.html,6754,apod.nasa.gov,,,4040,91.93,,/apod/ap250910.html
/articles/pmc7680383/,6754,pmc.ncbi.nlm.nih.gov,,,4041,91.93,,/articles/pmc7680383/
/16123677/,6754,pubmed.ncbi.nlm.nih.gov,,,4042,91.94,,/16123677/
/20668080/,6754,pubmed.ncbi.nlm.nih.gov,,,4043,91.94,,/20668080/
/34905837/,6754,pubmed.ncbi.nlm.nih.gov,,,4044,91.94,,/34905837/
/vaccines/hcp/current-vis/,6754,cdc.gov,,,4045,91.94,,/vaccines/hcp/current-vis/
/nchs/state-stats/deaths/covid19.html,6754,cdc.gov,,,4046,91.95,,/nchs/state-stats/deaths/covid19.html
/programs/nurse-corps/scholarship/apply,6754,bhw.hrsa.gov,,,4047,91.95,,/programs/nurse-corps/scholarship/appl...
/apod/ap251107.html,6754,apod.nasa.gov,,,4048,91.95,,/apod/ap251107.html
/calculators/high-3-calculator/,6754,militarypay.defense.gov,,,4049,91.95,,/calculators/high-3-calculator/
/e-file-providers/definition-of-adjusted-gross-income,6754,irs.gov,,,4050,91.96,,/e-file-providers/definition-of-adjust...
/login/authentication,6754,harp.cms.gov,,,4051,91.96,,/login/authentication
/grants/guide/pa-files/pa-25-301.html,6754,grants.nih.gov,,,4052,91.96,,/grants/guide/pa-files/pa-25-301.html
/job/867058000,6720,usajobs.gov,,,4053,91.96,,/job/867058000
/tfl,6720,tricare.mil,,,4054,91.97,,/tfl
/employer/,6720,ssa.gov,,,4055,91.97,,/employer/
/careers/search-judiciary-jobs,6720,uscourts.gov,,,4056,91.97,,/careers/search-judiciary-jobs
/yose/learn/photosmultimedia/webcams.htm,6720,nps.gov,,,4057,91.98,,/yose/learn/photosmultimedia/webcams.h...
/group/multiscale-modeling-materials-design/publications,6720,ornl.gov,,,4058,91.98,,/group/multiscale-modeling-materials-d...
/12388776/,6720,pubmed.ncbi.nlm.nih.gov,,,4059,91.98,,/12388776/
/apod/ap250913.html,6720,apod.nasa.gov,,,4060,91.98,,/apod/ap250913.html
/vetresources/,6720,news.va.gov,,,4061,91.99,,/vetresources/
/calculators/,6720,militarypay.defense.gov,,,4062,91.99,,/calculators/
/health-drug-plans/medigap/basics/costs,6720,medicare.gov,,,4063,91.99,,/health-drug-plans/medigap/basics/cost...
/dashboard/application/,6720,flag.dol.gov,,,4064,91.99,,/dashboard/application/
/electoral-college/allocation,6720,archives.gov,,,4065,92.0,,/electoral-college/allocation
/earthquakes/eventpage/us7000si2z,6720,earthquake.usgs.gov,,,4066,92.0,,/earthquakes/eventpage/us7000si2z
/harassment,6720,eeoc.gov,,,4067,92.0,,/harassment
/ossnap/public/usOriginalProperApplicant,6720,secure.ssa.gov,,,4068,92.0,,/ossnap/public/usOriginalProperApplica...
/licenses_certificates/airmen_certification,6720,faa.gov,,,4069,92.01,,/licenses_certificates/airmen_certific...
/gsp/,6687,weather.gov,,,4070,92.01,,/gsp/
/archives/edgar/data/1326380/000119312526202468/0001193[REDACTED_SSN],6687,sec.gov,,,4071,92.01,,/archives/edgar/data/1326380/000119312...
/job/866491500,6687,usajobs.gov,,,4072,92.01,,/job/866491500
/mobile/applications/sto/web-app.html,6687,cdc.gov,,,4073,92.02,,/mobile/applications/sto/web-app.html
/refuge/kofa,6687,fws.gov,,,4074,92.02,,/refuge/kofa
/help/specific-agencies/overview/,6687,login.gov,,,4075,92.02,,/help/specific-agencies/overview/
/policy-data-oversight/pay-leave/,6687,opm.gov,,,4076,92.02,,/policy-data-oversight/pay-leave/
/scripts/cder/ndc/index.cfm,6687,accessdata.fda.gov,,,4077,92.03,,/scripts/cder/ndc/index.cfm
/apod/ap251127.html,6687,apod.nasa.gov,,,4078,92.03,,/apod/ap251127.html
/apod/ap251202.html,6687,apod.nasa.gov,,,4079,92.03,,/apod/ap251202.html
/gibill/rudisill.asp,6687,benefits.va.gov,,,4080,92.03,,/gibill/rudisill.asp
/apod/ap251008.html,6654,apod.nasa.gov,,,4081,92.04,,/apod/ap251008.html
/es/web/qatar/home/news,6654,globe.gov,,,4082,92.04,,/es/web/qatar/home/news
/debt-management/treasury-offset-program-top,6654,fiscal.treasury.gov,,,4083,92.04,,/debt-management/treasury-offset-progr...
/directives/forms/dd2500_2999/,6654,esd.whs.mil,,,4084,92.04,,/directives/forms/dd2500_2999/
/missions/,6654,nasa.gov,,,4085,92.05,,/missions/
/ws/cart/addcart,6654,gsaadvantage.gov,,,4086,92.05,,/ws/cart/addcart
/forms-pubs/about-form-941,6654,irs.gov,,,4087,92.05,,/forms-pubs/about-form-941
/eligibilitypremiumcalc,6654,medicare.gov,,,4088,92.05,,/eligibilitypremiumcalc
/gallery/artemis-ii-launch/,6654,nasa.gov,,,4089,92.06,,/gallery/artemis-ii-launch/
/books/nbk556096/,6654,ncbi.nlm.nih.gov,,,4090,92.06,,/books/nbk556096/
/productmaps/pubform/pam.aspx,6654,armypubs.army.mil,,,4091,92.06,,/productmaps/pubform/pam.aspx
/productmaps/pubform/fm.aspx,6654,armypubs.army.mil,,,4092,92.06,,/productmaps/pubform/fm.aspx
/apod/ap251216.html,6654,apod.nasa.gov,,,4093,92.07,,/apod/ap251216.html
/militarymembers/payentitlements/2025acpayday/,6654,dfas.mil,,,4094,92.07,,/militarymembers/payentitlements/2025a...
/housing-assistance/disability-housing-grants/,6654,va.gov,,,4095,92.07,,/housing-assistance/disability-housing...
/resources/getting-care-through-champva/,6654,va.gov,,,4096,92.07,,/resources/getting-care-through-champv...
/disability/file-disability-claim-form-21-526ez/supporting-evidence/additional-evidence,6654,www.va.gov,,,4097,92.08,,/disability/file-disability-claim-form...
/in/en/step-1,6654,ustraveldocs.com,,,4098,92.08,,/in/en/step-1
/articles/pmc8700214/,6654,pmc.ncbi.nlm.nih.gov,,,4099,92.08,,/articles/pmc8700214/
/articles/pmc9634335/,6654,pmc.ncbi.nlm.nih.gov,,,4100,92.08,,/articles/pmc9634335/
/19442690/,6654,pubmed.ncbi.nlm.nih.gov,,,4101,92.09,,/19442690/
/station/kdtx/standard,6654,radar.weather.gov,,,4102,92.09,,/station/kdtx/standard
/oig/fraud/,6654,secure.ssa.gov,,,4103,92.09,,/oig/fraud/
/store/product/garden-delights-stamps-s_684704,6654,store.usps.com,,,4104,92.1,,/store/product/garden-delights-stamps-...
/ndemu/start/,6654,training.fema.gov,,,4105,92.1,,/ndemu/start/
/grasp/fluview/main_widget.html,6620,gis.cdc.gov,,,4106,92.1,,/grasp/fluview/main_widget.html
/consumers/consumer-updates/spilling-beans-how-much-caffeine-too-much,6620,fda.gov,,,4107,92.1,,/consumers/consumer-updates/spilling-b...
/s/article/click-n-ship-the-basics,6620,faq.usps.com,,,4108,92.11,,/s/article/click-n-ship-the-basics
/articles/pmc3018572/,6620,pmc.ncbi.nlm.nih.gov,,,4109,92.11,,/articles/pmc3018572/
/flow-type-inputs,6620,cfo.usps.com,,,4110,92.11,,/flow-type-inputs
/retirement-center/fers-information/computation/,6620,opm.gov,,,4111,92.11,,/retirement-center/fers-information/co...
/medline/medline_home.html,6620,nlm.nih.gov,,,4112,92.12,,/medline/medline_home.html
/vehicle-safety/driver-assistance-technologies,6620,nhtsa.gov,,,4113,92.12,,/vehicle-safety/driver-assistance-tech...
/scripts/ires/index.cfm,6620,accessdata.fda.gov,,,4114,92.12,,/scripts/ires/index.cfm
/apod/ap251120.html,6620,apod.nasa.gov,,,4115,92.12,,/apod/ap251120.html
/travel/international-visitors/know-before-you-visit/customs-duty-information,6620,cbp.gov,,,4116,92.13,,/travel/international-visitors/know-be...
/nchs/fastats/leading-causes-of-death.htm,6620,cdc.gov,,,4117,92.13,,/nchs/fastats/leading-causes-of-death....
/projects,6620,pnnl.gov,,,4118,92.13,,/projects
/store/results/shipping-supplies-boxes/_/n-u9qwm0,6620,store.usps.com,,,4119,92.13,,/store/results/shipping-supplies-boxes...
/training/elearning/,6620,travel.dod.mil,,,4120,92.14,,/training/elearning/
/important-notices,6620,tsaenrollmentbyidemia.tsa.dhs.gov,,,4121,92.14,,/important-notices
/tools/reports-and-studies/immigration-and-citizenship-data,6620,uscis.gov,,,4122,92.14,,/tools/reports-and-studies/immigration...
/trademarks/search/trademark-search-system-updates,6620,uspto.gov,,,4123,92.14,,/trademarks/search/trademark-search-sy...
/health-care/copay-rates/,6620,va.gov,,,4124,92.15,,/health-care/copay-rates/
/advantage/ws/cart/addCart,6620,www.gsaadvantage.gov,,,4125,92.15,,/advantage/ws/cart/addCart
/soft-locked,6620,myaccount.uscis.gov,,,4126,92.15,,/soft-locked
/clean-vehicle-tax-credits,6620,irs.gov,,,4127,92.15,,/clean-vehicle-tax-credits
/news/press-releases/sb0496,6620,home.treasury.gov,,,4128,92.16,,/news/press-releases/sb0496
/ohrp/regulations-and-policy/belmont-report/index.html,6620,hhs.gov,,,4129,92.16,,/ohrp/regulations-and-policy/belmont-r...
/arx/,6620,weather.gov,,,4130,92.16,,/arx/
/aces/about/index.html,6587,cdc.gov,,,4131,92.16,,/aces/about/index.html
/medicare/coding-billing/icd-10-codes,6587,cms.gov,,,4132,92.17,,/medicare/coding-billing/icd-10-codes
/laws-and-policy/laws-preschool-grade-12-education/preschool-grade-12-policy-documents/guidance-on-constitutionally-protected-prayer-and-religious-expression-in-public-elementary-and-secondary-schools,6587,ed.gov,,,4133,92.17,,/laws-and-policy/laws-preschool-grade-...
/cidod/quiz/story.html,6587,securityawareness.dcsa.mil,,,4134,92.17,,/cidod/quiz/story.html
/146497/va-loan-repayment-program-applications-now-open/,6587,news.va.gov,,,4135,92.17,,/146497/va-loan-repayment-program-appl...
/healthcare-insurance/healthcare/plan-information/compare-plans/fehb/plandetails,6587,opm.gov,,,4136,92.18,,/healthcare-insurance/healthcare/plan-...
/node/53343,6587,ornl.gov,,,4137,92.18,,/node/53343
/loan-simulator/repayment/results/application-details/IB,6587,studentaid.gov,,,4138,92.18,,/loan-simulator/repayment/results/appl...
/in/en/step-3,6587,ustraveldocs.com,,,4139,92.18,,/in/en/step-3
/multimedia/photos/igpage/2/,6587,war.gov,,,4140,92.19,,/multimedia/photos/igpage/2/
/institutions,6587,msiexchange.nasa.gov,,,4141,92.19,,/institutions
/recordkeeping/forms,6587,osha.gov,,,4142,92.19,,/recordkeeping/forms
/articles/pmc8778184/,6587,pmc.ncbi.nlm.nih.gov,,,4143,92.19,,/articles/pmc8778184/
/station/kffc/standard,6587,radar.weather.gov,,,4144,92.2,,/station/kffc/standard
/station/kgsp/standard,6587,radar.weather.gov,,,4145,92.2,,/station/kgsp/standard
/health-care/order-medical-supplies/,6587,va.gov,,,4146,92.2,,/health-care/order-medical-supplies/
/productmaps/pubform/daform1_1000.aspx,6587,armypubs.army.mil,,,4147,92.2,,/productmaps/pubform/daform1_1000.aspx
/apod/ap260127.html,6587,apod.nasa.gov,,,4148,92.21,,/apod/ap260127.html
/data/forecasts/fzus52.kmfl.html,6587,ndbc.noaa.gov,,,4149,92.21,,/data/forecasts/fzus52.kmfl.html
/web/nova77-stem-workshop-partner/home/news,6587,globe.gov,,,4150,92.21,,/web/nova77-stem-workshop-partner/home...
/international-space-station/desktop-and-mobile-wallpapers/,6587,nasa.gov,,,4151,92.21,,/international-space-station/desktop-a...
/login-gov-linked,6587,myaccount.uscis.gov,,,4152,92.22,,/login-gov-linked
/image-detail/amf-art002e012278/,6587,nasa.gov,,,4153,92.22,,/image-detail/amf-art002e012278/
/apod/ap251012.html,6587,apod.nasa.gov,,,4154,92.22,,/apod/ap251012.html
/personal-record/update-citizenship-or-immigration-status,6553,ssa.gov,,,4155,92.22,,/personal-record/update-citizenship-or...
/products/planetary-k-index,6553,swpc.noaa.gov,,,4156,92.23,,/products/planetary-k-index
/i-821d,6553,uscis.gov,,,4157,92.23,,/i-821d
/employer/ssnv.htm,6553,ssa.gov,,,4158,92.23,,/employer/ssnv.htm
/states,6553,www.hud.gov,,,4159,92.23,,/states
/visaapplicantui/signup,6553,www.usvisaappt.com,,,4160,92.24,,/visaapplicantui/signup
/disability/file-disability-claim-form-21-526ez/new-disabilities/follow-up/2,6553,www.va.gov,,,4161,92.24,,/disability/file-disability-claim-form...
/our-work,6553,justice.gov,,,4162,92.24,,/our-work
/instructions/iss4,6553,irs.gov,,,4163,92.24,,/instructions/iss4
/working-with-us/careers,6553,fs.usda.gov,,,4164,92.25,,/working-with-us/careers
/resources-tools/resources/careful-adoption-agentic-ai-services,6553,cisa.gov,,,4165,92.25,,/resources-tools/resources/careful-ado...
/education/transfer-post-9-11-gi-bill-benefits/,6553,va.gov,,,4166,92.25,,/education/transfer-post-9-11-gi-bill-...
/confirmorder.html,6553,poboxes.usps.com,,,4167,92.25,,/confirmorder.html
/station/kilx/standard,6553,radar.weather.gov,,,4168,92.26,,/station/kilx/standard
/climo/reports/yesterday.html,6553,spc.noaa.gov,,,4169,92.26,,/climo/reports/yesterday.html
/image-detail/amf-art002e010208/,6553,nasa.gov,,,4170,92.26,,/image-detail/amf-art002e010208/
/apod/ap251024.html,6553,apod.nasa.gov,,,4171,92.26,,/apod/ap251024.html
/apod/ap251017.html,6553,apod.nasa.gov,,,4172,92.27,,/apod/ap251017.html
/shingles/signs-symptoms/index.html,6553,cdc.gov,,,4173,92.27,,/shingles/signs-symptoms/index.html
/history/cases-and-criminals/oklahoma-city-bombing,6520,fbi.gov,,,4174,92.27,,/history/cases-and-criminals/oklahoma-...
/drugs/drug-approvals-and-databases/national-drug-code-directory,6520,fda.gov,,,4175,92.27,,/drugs/drug-approvals-and-databases/na...
/food-safety-charts/cold-food-storage-charts,6520,foodsafety.gov,,,4176,92.28,,/food-safety-charts/cold-food-storage-...
/web/test_partner/home/news,6520,globe.gov,,,4177,92.28,,/web/test_partner/home/news
/policy-data-oversight/,6520,opm.gov,,,4178,92.28,,/policy-data-oversight/
/retirement-center/calculators/federal-ball-park-estimator/,6520,opm.gov,,,4179,92.28,,/retirement-center/calculators/federal...
/about-sba/organization/contact-sba,6520,sba.gov,,,4180,92.29,,/about-sba/organization/contact-sba
/app/tsa-precheck-status,6520,tsaprecheckbytelos.tsa.dhs.gov,,,4181,92.29,,/app/tsa-precheck-status
/apod/ap260204.html,6520,apod.nasa.gov,,,4182,92.29,,/apod/ap260204.html
/apod/ap260120.html,6520,apod.nasa.gov,,,4183,92.29,,/apod/ap260120.html
/apod/ap251209.html,6520,apod.nasa.gov,,,4184,92.3,,/apod/ap251209.html
/apod/ap251026.html,6520,apod.nasa.gov,,,4185,92.3,,/apod/ap251026.html
/norovirus/outbreak-basics/index.html,6520,cdc.gov,,,4186,92.3,,/norovirus/outbreak-basics/index.html
/medicare/coding-billing/national-correct-coding-initiative-ncci-edits/medicare-ncci-medically-unlikely-edits-mues,6520,cms.gov,,,4187,92.3,,/medicare/coding-billing/national-corr...
/medicare/payment/fee-schedules/physician/pfs-relative-value-files,6520,cms.gov,,,4188,92.31,,/medicare/payment/fee-schedules/physic...
/systems-applications/national-background-investigation-services-nbis/multi-factor-authentication-assistance/,6520,dcsa.mil,,,4189,92.31,,/systems-applications/national-backgro...
/credit-freeze,6520,usa.gov,,,4190,92.31,,/credit-freeze
/communitycare/,6520,va.gov,,,4191,92.31,,/communitycare/
/list,6520,www.dataprivacyframework.gov,,,4192,92.32,,/list
/prepare/check-eligibility-for-benefits/questionnaire/child-condition-duration,6520,www.ssa.gov,,,4193,92.32,,/prepare/check-eligibility-for-benefit...
/muwo/index.htm,6520,nps.gov,,,4194,92.32,,/muwo/index.htm
/grsa/index.htm,6520,nps.gov,,,4195,92.32,,/grsa/index.htm
/learning-resources/search/,6520,nasa.gov,,,4196,92.33,,/learning-resources/search/
/s/logout,6520,mytravel.state.gov,,,4197,92.33,,/s/logout
/aqi/aqi-basics/,6486,airnow.gov,,,4198,92.33,,/aqi/aqi-basics/
/apod/ap250908.html,6486,apod.nasa.gov,,,4199,92.33,,/apod/ap250908.html
/apod/ap250916.html,6486,apod.nasa.gov,,,4200,92.34,,/apod/ap250916.html
/apod/ap251019.html,6486,apod.nasa.gov,,,4201,92.34,,/apod/ap251019.html
/tax-professionals/ptin-requirements-for-tax-return-preparers,6486,irs.gov,,,4202,92.34,,/tax-professionals/ptin-requirements-f...
/individuals/understanding-your-cp14-notice,6486,irs.gov,,,4203,92.34,,/individuals/understanding-your-cp14-n...
/forms-pubs/about-form-990,6486,irs.gov,,,4204,92.35,,/forms-pubs/about-form-990
/public/s/explore-opportunities,6486,stemgateway.nasa.gov,,,4205,92.35,,/public/s/explore-opportunities
/es/help/let-us-help-you,6486,irs.gov,,,4206,92.35,,/es/help/let-us-help-you
/forms/22-5490/,6486,va.gov,,,4207,92.35,,/forms/22-5490/
/pbz/,6486,weather.gov,,,4208,92.36,,/pbz/
/contactus/local,6486,www.hud.gov,,,4209,92.36,,/contactus/local
/exper/mesoanalysis/,6486,spc.noaa.gov,,,4210,92.36,,/exper/mesoanalysis/
/dena/index.htm,6486,nps.gov,,,4211,92.36,,/dena/index.htm
/datasets/,6486,ncbi.nlm.nih.gov,,,4212,92.37,,/datasets/
/basics/costs/pay-premiums/online-bill-pay,6486,medicare.gov,,,4213,92.37,,/basics/costs/pay-premiums/online-bill...
/apod/ap251203.html,6486,apod.nasa.gov,,,4214,92.37,,/apod/ap251203.html
/appraiser,6486,asc.gov,,,4215,92.37,,/appraiser
/litigation/briefs/xxxxxxxxxx-v-xxxxxxxxx-inc,6486,eeoc.gov,,,4216,92.38,,/litigation/briefs/xxxxxxxxxx-v-xxxxxx...
/dashboard/success,6486,flag.dol.gov,,,4217,92.38,,/dashboard/success
/my-health/secure-messages/contact-list/,6486,www.va.gov,,,4218,92.38,,/my-health/secure-messages/contact-lis...
/indu/index.htm,6453,nps.gov,,,4219,92.38,,/indu/index.htm
/education/resource-collections/ocean-coasts/ocean-pollution,6453,noaa.gov,,,4220,92.39,,/education/resource-collections/ocean-...
/payments/tax-withholding,6453,irs.gov,,,4221,92.39,,/payments/tax-withholding
/findreservesuccess.html,6453,poboxes.usps.com,,,4222,92.39,,/findreservesuccess.html
/ooh/business-and-financial/home.htm,6453,bls.gov,,,4223,92.39,,/ooh/business-and-financial/home.htm
/apod/ap260205.html,6453,apod.nasa.gov,,,4224,92.4,,/apod/ap260205.html
/id/25738,6453,catalog.archives.gov,,,4225,92.4,,/id/25738
/content/travel/en/news/passports/special-passport-acceptance-fairs.html,6453,travel.state.gov,,,4226,92.4,,/content/travel/en/news/passports/spec...
/what-we-do/fugitive-investigations/15-most-wanted-fugitive,6453,usmarshals.gov,,,4227,92.4,,/what-we-do/fugitive-investigations/15...
/job/867335800,6453,usajobs.gov,,,4228,92.41,,/job/867335800
/health-care/about-va-health-benefits/,6453,va.gov,,,4229,92.41,,/health-care/about-va-health-benefits/
/vacanteen/canteen_locations.asp,6453,vacanteen.va.gov,,,4230,92.41,,/vacanteen/canteen_locations.asp
/image-detail/amf-art002e015967/,6420,nasa.gov,,,4231,92.41,,/image-detail/amf-art002e015967/
/myncbi,6420,ncbi.nlm.nih.gov,,,4232,92.42,,/myncbi
/basics/get-started-with-medicare/get-more-coverage/your-coverage-options/compare-original-medicare-medicare-advantage,6420,medicare.gov,,,4233,92.42,,/basics/get-started-with-medicare/get-...
/news/releases/release/article/4475177/classified-networks-ai-agreements/,6420,war.gov,,,4234,92.42,,/news/releases/release/article/4475177...
/change-direct-deposit/,6420,va.gov,,,4235,92.42,,/change-direct-deposit/
/news/2026/gdp-advance-estimate-1st-quarter-2026,6420,bea.gov,,,4236,92.43,,/news/2026/gdp-advance-estimate-1st-qu...
/es/web/macedonia/home/news,6420,globe.gov,,,4237,92.43,,/es/web/macedonia/home/news
/fire-information/maps,6420,nifc.gov,,,4238,92.43,,/fire-information/maps
/plans/eligibility,6420,tricare.mil,,,4239,92.43,,/plans/eligibility
/job/867830400,6420,usajobs.gov,,,4240,92.43,,/job/867830400
/newsroom/alerts/dhs-announces-consequences-for-unpaid-annual-asylum-fees-unveils-new-hr-1-requirements,6420,uscis.gov,,,4241,92.44,,/newsroom/alerts/dhs-announces-consequ...
/apod/ap250905.html,6420,apod.nasa.gov,,,4242,92.44,,/apod/ap250905.html
/apod/ap250915.html,6420,apod.nasa.gov,,,4243,92.44,,/apod/ap250915.html
/purchase/acct/list,6386,dtops.cbp.dhs.gov,,,4244,92.44,,/purchase/acct/list
/office-locator/,6386,egov.uscis.gov,,,4245,92.45,,/office-locator/
/housing-assistance/home-loans/eligibility/,6386,va.gov,,,4246,92.45,,/housing-assistance/home-loans/eligibi...
/education/gi-bill-comparison-tool,6386,va.gov,,,4247,92.45,,/education/gi-bill-comparison-tool
/es/agencias/departamento-de-defensa,6386,usa.gov,,,4248,92.45,,/es/agencias/departamento-de-defensa
/akq/,6386,weather.gov,,,4249,92.46,,/akq/
/GenNIV/common/email.aspx,6386,ceac.state.gov,,,4250,92.46,,/GenNIV/common/email.aspx
/articles/credit-freezes-and-fraud-alerts,6386,consumer.ftc.gov,,,4251,92.46,,/articles/credit-freezes-and-fraud-ale...
/nhsn/,6386,cdc.gov,,,4252,92.46,,/nhsn/
/trade/automated/ace-deployments/ace-portal-modernization,6386,cbp.gov,,,4253,92.47,,/trade/automated/ace-deployments/ace-p...
/legal-library/browse/cases-proceedings,6386,ftc.gov,,,4254,92.47,,/legal-library/browse/cases-proceeding...
/retirement-plans/individual-retirement-arrangements-iras,6386,irs.gov,,,4255,92.47,,/retirement-plans/individual-retiremen...
/report-a-safety-problem,6386,nhtsa.gov,,,4256,92.47,,/report-a-safety-problem
/stea/planyourvisit/big-boy-reunion-at-steamtown-2026.htm,6386,nps.gov,,,4257,92.48,,/stea/planyourvisit/big-boy-reunion-at...
/vpv404/404.html,6353,orise.orau.gov,,,4258,92.48,,/vpv404/404.html
/policy-data-oversight/pay-leave/salaries-wages/salary-tables/26tables/html/rus.aspx,6353,opm.gov,,,4259,92.48,,/policy-data-oversight/pay-leave/salar...
/planyourvisit/maps.htm,6353,nps.gov,,,4260,92.48,,/planyourvisit/maps.htm
/mars2020/multimedia/raw-images/,6353,mars.nasa.gov,,,4261,92.49,,/mars2020/multimedia/raw-images/
/uas/recreational_flyers/knowledge_test_updates,6353,faa.gov,,,4262,92.49,,/uas/recreational_flyers/knowledge_tes...
/medicare/payment/part-b-drugs/asp-pricing-files,6353,cms.gov,,,4263,92.49,,/medicare/payment/part-b-drugs/asp-pri...
/GenNIV/Help/Help.aspx,6353,ceac.state.gov,,,4264,92.49,,/GenNIV/Help/Help.aspx
/vaccines/hcp/imz-schedules/child-adolescent-catch-up.html,6353,cdc.gov,,,4265,92.5,,/vaccines/hcp/imz-schedules/child-adol...
/users/confirm,6353,urs.earthdata.nasa.gov,,,4266,92.5,,/users/confirm
/travel/travel-tips/travel-checklist,6353,tsa.gov,,,4267,92.5,,/travel/travel-tips/travel-checklist
/store/checkout/shippingaddressedit.jsp,6353,store.usps.com,,,4268,92.5,,/store/checkout/shippingaddressedit.js...
/contact-us/submit-a-request-for-assistance/,6353,taxpayeradvocate.irs.gov,,,4269,92.51,,/contact-us/submit-a-request-for-assis...
/family-and-caregiver-benefits/survivor-compensation/survivors-pension/,6353,va.gov,,,4270,92.51,,/family-and-caregiver-benefits/survivo...
/mlb/,6353,weather.gov,,,4271,92.51,,/mlb/
/forms/filing-guidance/tips-for-filing-forms-by-mail,6353,uscis.gov,,,4272,92.51,,/forms/filing-guidance/tips-for-filing...
/profile/notifications,6353,www.va.gov,,,4273,92.52,,/profile/notifications
/vaccines/hcp/current-vis/pneumococcal-conjugate.html,6353,cdc.gov,,,4274,92.52,,/vaccines/hcp/current-vis/pneumococcal...
/epstein-barr/about/index.html,6353,cdc.gov,,,4275,92.52,,/epstein-barr/about/index.html
/research/military/air-force/ufos,6353,archives.gov,,,4276,92.52,,/research/military/air-force/ufos
/scripts/cdrh/cfdocs/cfclia/detail.cfm,6353,accessdata.fda.gov,,,4277,92.53,,/scripts/cdrh/cfdocs/cfclia/detail.cfm
/s/topic/0TOt00000004HFrGAM/moving-change-of-address-and-forwarding-mail,6353,faq.usps.com,,,4278,92.53,,/s/topic/0TOt00000004HFrGAM/moving-cha...
/s/topic/0TOt00000004HGGGA2/missing-late-mail,6353,faq.usps.com,,,4279,92.53,,/s/topic/0TOt00000004HGGGA2/missing-la...
/registration/fmcsa-registration-website-updates,6353,fmcsa.dot.gov,,,4280,92.53,,/registration/fmcsa-registration-websi...
/es/web/guinea/home/news,6353,globe.gov,,,4281,92.53,,/es/web/guinea/home/news
/apod/ap260531.html,6319,apod.nasa.gov,,,4282,92.54,,/apod/ap260531.html
/search/solr,6319,americanenglish.state.gov,,,4283,92.54,,/search/solr
/ohsepr/resource-library,6319,acf.gov,,,4284,92.54,,/ohsepr/resource-library
/public/collection/confirm/103/,6319,pay.gov,,,4285,92.54,,/public/collection/confirm/103/
/readycmet.php,6319,ready.noaa.gov,,,4286,92.55,,/readycmet.php
/entreg/secure/coafaqsaction_input,6319,reg.usps.com,,,4287,92.55,,/entreg/secure/coafaqsaction_input
/kids/earth/what-is-the-greenhouse-effect/,6319,science.nasa.gov,,,4288,92.55,,/kids/earth/what-is-the-greenhouse-eff...
/content/travel/en/passports/get-fast/passport-agencies/new-york.html,6319,travel.state.gov,,,4289,92.55,,/content/travel/en/passports/get-fast/...
/go/ZipLookupAction!input.action,6319,tools.usps.com,,,4290,92.56,,/go/ZipLookupAction!input.action
/help-center/answers/topic/glossary/articles,6319,studentaid.gov,,,4291,92.56,,/help-center/answers/topic/glossary/ar...
/planets/en/,6319,spaceplace.nasa.gov,,,4292,92.56,,/planets/en/
/apprenticeship-occupations/listings,6319,apprenticeship.gov,,,4293,92.56,,/apprenticeship-occupations/listings
/federal-court-finder/find,6319,uscourts.gov,,,4294,92.57,,/federal-court-finder/find
/lot/weatherstory,6319,weather.gov,,,4295,92.57,,/lot/weatherstory
/family-and-caregiver-benefits/education-and-careers/apply-for-dea-fry-form-22-5490/benefit-selection,6319,www.va.gov,,,4296,92.57,,/family-and-caregiver-benefits/educati...
/research/census/online-resources,6319,archives.gov,,,4297,92.57,,/research/census/online-resources
/types/cervical/screening/abnormal-hpv-pap-test-results,6319,cancer.gov,,,4298,92.58,,/types/cervical/screening/abnormal-hpv...
/pneumococcal/hcp/vaccine-recommendations/index.html,6319,cdc.gov,,,4299,92.58,,/pneumococcal/hcp/vaccine-recommendati...
/eauthns/external/account/signin,6319,grants.hrsa.gov,,,4300,92.58,,/eauthns/external/account/signin
/retirement-plans/plan-participant-employee/required-minimum-distribution-worksheets,6319,irs.gov,,,4301,92.58,,/retirement-plans/plan-participant-emp...
/civilwar/soldiers-and-sailors-database.htm,6319,nps.gov,,,4302,92.59,,/civilwar/soldiers-and-sailors-databas...
/cuva/index.htm,6319,nps.gov,,,4303,92.59,,/cuva/index.htm
/yell/planyourvisit/lodging.htm,6319,nps.gov,,,4304,92.59,,/yell/planyourvisit/lodging.htm
/green-card-lottery,6319,usa.gov,,,4305,92.59,,/green-card-lottery
/education/resource-collections/freshwater/water-cycle,6286,noaa.gov,,,4306,92.6,,/education/resource-collections/freshw...
/funding/opportunities,6286,nsf.gov,,,4307,92.6,,/funding/opportunities
/articles/pmc7217969/,6286,pmc.ncbi.nlm.nih.gov,,,4308,92.6,,/articles/pmc7217969/
/error,6286,myaccount.uscis.gov,,,4309,92.6,,/error
/tools/uscis-tools-and-resources,6286,uscis.gov,,,4310,92.6,,/tools/uscis-tools-and-resources
/job/865753000,6286,usajobs.gov,,,4311,92.61,,/job/865753000
/content/travel/en/us-visas/immigrate/family-immigration/nonimmigrant-visa-for-a-fiance-k-1.html,6286,travel.state.gov,,,4312,92.61,,/content/travel/en/us-visas/immigrate/...
/disaster/current,6286,fema.gov,,,4313,92.61,,/disaster/current
/s/topic/0TOt00000004HFnGAM/informed-delivery,6286,faq.usps.com,,,4314,92.61,,/s/topic/0TOt00000004HFnGAM/informed-d...
/acute-bronchitis/about/index.html,6286,cdc.gov,,,4315,92.62,,/acute-bronchitis/about/index.html
/apod/ap251021.html,6286,apod.nasa.gov,,,4316,92.62,,/apod/ap251021.html
/taxtopics/tc653,6286,irs.gov,,,4317,92.62,,/taxtopics/tc653
/filing/e-file-information-returns-with-iris,6286,irs.gov,,,4318,92.62,,/filing/e-file-information-returns-wit...
/faqs/irs-procedures/name-changes-social-security-number-matching-issues,6286,irs.gov,,,4319,92.63,,/faqs/irs-procedures/name-changes-soci...
/regulations,6286,fmcsa.dot.gov,,,4320,92.63,,/regulations
/china/,6286,usembassy.gov,,,4321,92.63,,/china/
/in/en/collection-locations/,6286,ustraveldocs.com,,,4322,92.63,,/in/en/collection-locations/
/ftpref/support/states/co/products/,6286,wcc.nrcs.usda.gov,,,4323,92.64,,/ftpref/support/states/co/products/
/court-programs/bankruptcy/bankruptcy-basics/chapter-7-bankruptcy-basics,6286,uscourts.gov,,,4324,92.64,,/court-programs/bankruptcy/bankruptcy-...
/mtr/,6286,weather.gov,,,4325,92.64,,/mtr/
/es-mx/niv/forgot,6252,ais.usvisa-info.com,,,4326,92.64,,/es-mx/niv/forgot
/productmaps/pubform/daform1001_2000.aspx,6252,armypubs.army.mil,,,4327,92.65,,/productmaps/pubform/daform1001_2000.a...
/apod/ap251005.html,6252,apod.nasa.gov,,,4328,92.65,,/apod/ap251005.html
/decision-reviews/supplemental-claim/file-supplemental-claim-form-20-0995/start,6252,www.va.gov,,,4329,92.65,,/decision-reviews/supplemental-claim/f...
/tools/sbdb_lookup.html,6252,ssd.jpl.nasa.gov,,,4330,92.65,,/tools/sbdb_lookup.html
/articles/pmc4795551/,6252,pmc.ncbi.nlm.nih.gov,,,4331,92.66,,/articles/pmc4795551/
/s/jobs,6252,careers.bop.gov,,,4332,92.66,,/s/jobs
/id/569,6252,catalog.archives.gov,,,4333,92.66,,/id/569
/vi/downloads/irs-pdf,6252,irs.gov,,,4334,92.66,,/vi/downloads/irs-pdf
/basics/get-started-with-medicare/sign-up,6252,medicare.gov,,,4335,92.66,,/basics/get-started-with-medicare/sign...
/news/tricare-news/article/4479980/graduating-in-2026-learn-how-to-stay-covered-with-tricare-young-adult,6252,newsroom.tricare.mil,,,4336,92.67,,/news/tricare-news/article/4479980/gra...
/healthcare-insurance/life-insurance/,6252,opm.gov,,,4337,92.67,,/healthcare-insurance/life-insurance/
/external-resources/,6219,discover.va.gov,,,4338,92.67,,/external-resources/
/elibmain/sindetails.do,6219,gsaelibrary.gsa.gov,,,4339,92.67,,/elibmain/sindetails.do
/purchase/acct/dashboard/shopping-catalog,6219,dtops.cbp.dhs.gov,,,4340,92.68,,/purchase/acct/dashboard/shopping-cata...
/apod/ap250906.html,6219,apod.nasa.gov,,,4341,92.68,,/apod/ap250906.html
/app/ticket,6219,ask.fmcsa.dot.gov,,,4342,92.68,,/app/ticket
/travel/us-citizens,6219,cbp.gov,,,4343,92.68,,/travel/us-citizens
/breastfeeding/breast-milk-preparation-and-storage/handling-breastmilk.html,6219,cdc.gov,,,4344,92.69,,/breastfeeding/breast-milk-preparation...
/medgen/535614,6219,ncbi.nlm.nih.gov,,,4345,92.69,,/medgen/535614
/acad/planyourvisit/vehicle_reservations.htm,6219,nps.gov,,,4346,92.69,,/acad/planyourvisit/vehicle_reservatio...
/disability/professionals/bluebook/listing-impairments.htm,6219,ssa.gov,,,4347,92.69,,/disability/professionals/bluebook/lis...
/help/tax-scams/recognize-tax-scams-and-fraud,6219,irs.gov,,,4348,92.7,,/help/tax-scams/recognize-tax-scams-an...
/xrays.html,6219,medlineplus.gov,,,4349,92.7,,/xrays.html
/lab-tests/complete-blood-count-cbc/,6219,medlineplus.gov,,,4350,92.7,,/lab-tests/complete-blood-count-cbc/
/explore,6219,jobcorps.gov,,,4351,92.7,,/explore
/identity-theft-fraud-scams/frequently-asked-questions-about-the-identity-protection-personal-identification-number-ip-pin,6219,irs.gov,,,4352,92.71,,/identity-theft-fraud-scams/frequently...
/mpn/parentplus/references,6219,studentaid.gov,,,4353,92.71,,/mpn/parentplus/references
/initial-application/standard-character,6219,trademarkcenter.uspto.gov,,,4354,92.71,,/initial-application/standard-characte...
/app/renew-tsa-precheck,6219,tsaprecheckbytelos.tsa.dhs.gov,,,4355,92.71,,/app/renew-tsa-precheck
/h/announcements-events,6219,studentaid.gov,,,4356,92.71,,/h/announcements-events
/bis/,6219,weather.gov,,,4357,92.72,,/bis/
/en-ke/niv/users/sign_in,6186,ais.usvisa-info.com,,,4358,92.72,,/en-ke/niv/users/sign_in
/apod/ap251119.html,6186,apod.nasa.gov,,,4359,92.72,,/apod/ap251119.html
/apod/ap250909.html,6186,apod.nasa.gov,,,4360,92.72,,/apod/ap250909.html
/helping-americans/public-housing,6186,www.hud.gov,,,4361,92.73,,/helping-americans/public-housing
/careers-employment/vocational-rehabilitation/apply-vre-form-28-1900/,6186,va.gov,,,4362,92.73,,/careers-employment/vocational-rehabil...
/disability/compensation-rates/special-monthly-compensation-rates/,6186,va.gov,,,4363,92.73,,/disability/compensation-rates/special...
/apod/ap251230.html,6186,apod.nasa.gov,,,4364,92.73,,/apod/ap251230.html
/ooh/life-physical-and-social-science/psychologists.htm,6186,bls.gov,,,4365,92.74,,/ooh/life-physical-and-social-science/...
/consular-services/,6186,ca.usembassy.gov,,,4366,92.74,,/consular-services/
/about/in-memoriam,6186,cbp.gov,,,4367,92.74,,/about/in-memoriam
/about/contact-us/state-contacts,6186,ed.gov,,,4368,92.74,,/about/contact-us/state-contacts
/blogs/spacestation/,6186,nasa.gov,,,4369,92.75,,/blogs/spacestation/
/spanish/howtolowercholesterolwithdiet.html,6186,medlineplus.gov,,,4370,92.75,,/spanish/howtolowercholesterolwithdiet...
/hatecrimes/hate-crime-statistics,6186,justice.gov,,,4371,92.75,,/hatecrimes/hate-crime-statistics
/meve/index.htm,6186,nps.gov,,,4372,92.75,,/meve/index.htm
/grants-process/submit/submission-policies/standard-due-dates,6186,grants.nih.gov,,,4373,92.75,,/grants-process/submit/submission-poli...
/yose/planyourvisit/camping.htm,6186,nps.gov,,,4374,92.76,,/yose/planyourvisit/camping.htm
/earth/earth-observatory/record-setting-retreat-of-hektoria-glacier/,6186,science.nasa.gov,,,4375,92.76,,/earth/earth-observatory/record-settin...
/en/international-travel/travel-advisories/greece.html,6186,travel.state.gov,,,4376,92.76,,/en/international-travel/travel-adviso...
/government-grants-and-loans,6186,usa.gov,,,4377,92.76,,/government-grants-and-loans
/lch/,6186,weather.gov,,,4378,92.77,,/lch/
/content/travel/en/news/visas-news/interview-waiver-update-sept-18-2025.html,6152,travel.state.gov,,,4379,92.77,,/content/travel/en/news/visas-news/int...
/green-card/green-card-processes-and-procedures,6152,uscis.gov,,,4380,92.77,,/green-card/green-card-processes-and-p...
/pah/,6152,weather.gov,,,4381,92.77,,/pah/
/en-za/niv/users/sign_in,6152,ais.usvisa-info.com,,,4382,92.78,,/en-za/niv/users/sign_in
/scripts/sda/sdnavigation.cfm,6152,accessdata.fda.gov,,,4383,92.78,,/scripts/sda/sdnavigation.cfm
/apod/ap251211.html,6152,apod.nasa.gov,,,4384,92.78,,/apod/ap251211.html
/dd/,6152,esd.whs.mil,,,4385,92.78,,/dd/
/news/press-releases/sb0492,6152,home.treasury.gov,,,4386,92.79,,/news/press-releases/sb0492
/food-safety-charts/safe-minimum-internal-temperatures,6152,foodsafety.gov,,,4387,92.79,,/food-safety-charts/safe-minimum-inter...
/news-events/press-announcements/fda-expands-ai-capabilities-and-completes-data-platform-consolidation,6152,fda.gov,,,4388,92.79,,/news-events/press-announcements/fda-e...
/general/topic/health-plans/cobra,6152,dol.gov,,,4389,92.79,,/general/topic/health-plans/cobra
/data/dyfi/,6152,earthquake.usgs.gov,,,4390,92.79,,/data/dyfi/
/news-features/understanding-climate/climate-change-atmospheric-carbon-dioxide,6152,climate.gov,,,4391,92.8,,/news-features/understanding-climate/c...
/vpv404/gene,6152,ncbi.nlm.nih.gov,,,4392,92.8,,/vpv404/gene
/havo/planyourvisit/eruption-viewing.htm,6152,nps.gov,,,4393,92.8,,/havo/planyourvisit/eruption-viewing.h...
/understand-aid/types/grants/teach,6152,studentaid.gov,,,4394,92.8,,/understand-aid/types/grants/teach
/features/ard/webcams/webcam1.html,6152,nps.gov,,,4395,92.81,,/features/ard/webcams/webcam1.html
/hscode/,6152,tools.usps.com,,,4396,92.81,,/hscode/
/station/kbgm/standard,6119,radar.weather.gov,,,4397,92.81,,/station/kbgm/standard
/text/pub28/28apc_002.htm,6119,pe.usps.com,,,4398,92.81,,/text/pub28/28apc_002.htm
/workers-retirees/mypba,6119,pbgc.gov,,,4399,92.82,,/workers-retirees/mypba
/es-co/niv/information/niv_questions,6119,ais.usvisa-info.com,,,4400,92.82,,/es-co/niv/information/niv_questions
/militarymembers/,6119,dfas.mil,,,4401,92.82,,/militarymembers/
/hiv/causes/index.html,6119,cdc.gov,,,4402,92.82,,/hiv/causes/index.html
/flu/signs-symptoms/index.html,6119,cdc.gov,,,4403,92.83,,/flu/signs-symptoms/index.html
/institution-search/list,6119,www.occ.gov,,,4404,92.83,,/institution-search/list
/401,6119,sam.gov,,,4405,92.83,,/401
/pubs/calendar.htm,6119,ssa.gov,,,4406,92.83,,/pubs/calendar.htm
/citizenship/learn-about-citizenship/citizenship-and-naturalization/i-am-a-lawful-permanent-resident-of-5-years,6119,uscis.gov,,,4407,92.83,,/citizenship/learn-about-citizenship/c...
/forms/all-forms/how-do-i-request-premium-processing,6119,uscis.gov,,,4408,92.84,,/forms/all-forms/how-do-i-request-prem...
/rah/,6119,weather.gov,,,4409,92.84,,/rah/
/vpv404/cgi/cbook.cgi,6119,webbook.nist.gov,,,4410,92.84,,/vpv404/cgi/cbook.cgi
/trademarks/application-timeline,6119,uspto.gov,,,4411,92.84,,/trademarks/application-timeline
/humans-in-space/why-go-to-space/,6119,nasa.gov,,,4412,92.85,,/humans-in-space/why-go-to-space/
/a-to-z-of-nasa-missions/,6119,nasa.gov,,,4413,92.85,,/a-to-z-of-nasa-missions/
/opa/pr/federal-grand-jury-indicts-former-fbi-director-james-comey-threats-harm-president-trump,6119,justice.gov,,,4414,92.85,,/opa/pr/federal-grand-jury-indicts-for...
/ag,6119,justice.gov,,,4415,92.85,,/ag
/vi/written-determinations,6119,irs.gov,,,4416,92.86,,/vi/written-determinations
/family-and-caregiver-benefits/education-and-careers/apply-for-dea-fry-form-22-5490/review-personal-information,6119,www.va.gov,,,4417,92.86,,/family-and-caregiver-benefits/educati...
/apod/ap251014.html,6119,apod.nasa.gov,,,4418,92.86,,/apod/ap251014.html
/apod/ap250101.html,6119,apod.nasa.gov,,,4419,92.86,,/apod/ap250101.html
/about/contact/ports,6119,cbp.gov,,,4420,92.87,,/about/contact/ports
/toolkit/wages/highest-paying-careers.aspx,6119,careeronestop.org,,,4421,92.87,,/toolkit/wages/highest-paying-careers....
/es-mx/niv/information/asc,6119,ais.usvisa-info.com,,,4422,92.87,,/es-mx/niv/information/asc
/articles/pmc3291207/,6085,pmc.ncbi.nlm.nih.gov,,,4423,92.87,,/articles/pmc3291207/
/lab-tests/ana-antinuclear-antibody-test/,6085,medlineplus.gov,,,4424,92.87,,/lab-tests/ana-antinuclear-antibody-te...
/health-drug-plans/part-d/basics,6085,medicare.gov,,,4425,92.88,,/health-drug-plans/part-d/basics
/data-products/chart-gallery/chart-detail,6085,ers.usda.gov,,,4426,92.88,,/data-products/chart-gallery/chart-det...
/faq.html,6085,donotcall.gov,,,4427,92.88,,/faq.html
/tools/medicare-revalidation-list,6085,data.cms.gov,,,4428,92.88,,/tools/medicare-revalidation-list
/ko/downloads/irs-pdf,6085,irs.gov,,,4429,92.89,,/ko/downloads/irs-pdf
/individuals/income-verification-express-service,6085,irs.gov,,,4430,92.89,,/individuals/income-verification-expre...
/gridpoint.php,6085,forecast.weather.gov,,,4431,92.89,,/gridpoint.php
/wanted/wanted_terrorists,6085,fbi.gov,,,4432,92.89,,/wanted/wanted_terrorists
/visaapplicantui/verify,6085,usvisaappt.com,,,4433,92.9,,/visaapplicantui/verify
/tools/pay-frequency,6085,www.benefeds.gov,,,4434,92.9,,/tools/pay-frequency
/working-in-the-united-states/students-and-exchange-visitors/optional-practical-training-opt-for-f-1-students,6085,uscis.gov,,,4435,92.9,,/working-in-the-united-states/students...
/articles/pmc3702489/,6085,pmc.ncbi.nlm.nih.gov,,,4436,92.9,,/articles/pmc3702489/
/job/866848700,6085,usajobs.gov,,,4437,92.9,,/job/866848700
/realid/are-you-realid-ready,6085,tsa.gov,,,4438,92.91,,/realid/are-you-realid-ready
/initial-application/submit-overview,6085,trademarkcenter.uspto.gov,,,4439,92.91,,/initial-application/submit-overview
/pm/sharing,6085,portfoliomanager.energystar.gov,,,4440,92.91,,/pm/sharing
/fourth_graders.htm,6085,everykidoutdoors.gov,,,4441,92.91,,/fourth_graders.htm
/installations/nas-lemoore/operations-and-management/program-links/natec/,6085,cnrsw.cnic.navy.mil,,,4442,92.92,,/installations/nas-lemoore/operations-...
/bmi/es/adult-calculator/index.html,6085,cdc.gov,,,4443,92.92,,/bmi/es/adult-calculator/index.html
/sore-throat/about/index.html,6085,cdc.gov,,,4444,92.92,,/sore-throat/about/index.html
/apod/ap250601.html,6085,apod.nasa.gov,,,4445,92.92,,/apod/ap250601.html
/fha/s/,6085,answers.hud.gov,,,4446,92.93,,/fha/s/
/es-es/niv/users/sign_in,6085,ais.usvisa-info.com,,,4447,92.93,,/es-es/niv/users/sign_in
/resources/service-animals-2010-requirements/,6085,ada.gov,,,4448,92.93,,/resources/service-animals-2010-requir...
/number-card/report-stolen-number,6052,ssa.gov,,,4449,92.93,,/number-card/report-stolen-number
/moon/facts/,6052,science.nasa.gov,,,4450,92.94,,/moon/facts/
/station/ksgf/standard,6052,radar.weather.gov,,,4451,92.94,,/station/ksgf/standard
/public/form/start/1274042472/,6052,pay.gov,,,4452,92.94,,/public/form/start/1274042472/
/airconsumer/airline-cancellation-delay-dashboard,6052,transportation.gov,,,4453,92.94,,/airconsumer/airline-cancellation-dela...
/documents/current,6052,federalregister.gov,,,4454,92.94,,/documents/current
/milestone-documents/14th-amendment,6052,archives.gov,,,4455,92.95,,/milestone-documents/14th-amendment
/document/guidance/automated-ace-portal-account-application-importers,6052,cbp.gov,,,4456,92.95,,/document/guidance/automated-ace-porta...
/prepare/check-eligibility-for-benefits/questionnaire/live-with-parent,6052,www.ssa.gov,,,4457,92.95,,/prepare/check-eligibility-for-benefit...
/unemployment-benefits,6052,usa.gov,,,4458,92.95,,/unemployment-benefits
/spotlights/covid-19-reinstatement/,6052,war.gov,,,4459,92.96,,/spotlights/covid-19-reinstatement/
/forecastpoints,6052,weather.gov,,,4460,92.96,,/forecastpoints
/helping-americans/assistance-animals,6052,www.hud.gov,,,4461,92.96,,/helping-americans/assistance-animals
/coverage/search,6052,medicare.gov,,,4462,92.96,,/coverage/search
/publications/p502,6052,irs.gov,,,4463,92.97,,/publications/p502
/e-file-providers/e-file-for-charities-and-nonprofits,6052,irs.gov,,,4464,92.97,,/e-file-providers/e-file-for-charities...
/details/patent/default.aspx,6052,glorecords.blm.gov,,,4465,92.97,,/details/patent/default.aspx
/whsa/index.htm,6052,nps.gov,,,4466,92.97,,/whsa/index.htm
/blast/treeview/treeview.cgi,6052,ncbi.nlm.nih.gov,,,4467,92.97,,/blast/treeview/treeview.cgi
/blogs/quesst/2026/04/30/x-59-update-043026/,6052,nasa.gov,,,4468,92.98,,/blogs/quesst/2026/04/30/x-59-update-0...
/howtolowercholesterolwithdiet.html,6052,medlineplus.gov,,,4469,92.98,,/howtolowercholesterolwithdiet.html
/prohibitions,6052,cfo.usps.com,,,4470,92.98,,/prohibitions
/vpv404/apology_objects/excessive-requests-apology.html,6052,accessdata.fda.gov,,,4471,92.98,,/vpv404/apology_objects/excessive-requ...
/vpv404/cgi-bin/babyname.cgi/https://www.ssa.gov/cgi-bin/babyname.cgi,6052,ssa.gov,,,4472,92.99,,/vpv404/cgi-bin/babyname.cgi/https://w...
/mpn/parentplus/agreements,6052,studentaid.gov,,,4473,92.99,,/mpn/parentplus/agreements
/oact/cola/rteffect.html,6052,ssa.gov,,,4474,92.99,,/oact/cola/rteffect.html
/forms-pubs/about-form-709,6018,irs.gov,,,4475,92.99,,/forms-pubs/about-form-709
/apod/ap251124.html,6018,apod.nasa.gov,,,4476,93.0,,/apod/ap251124.html
/help/specific-agencies/irs/,6018,login.gov,,,4477,93.0,,/help/specific-agencies/irs/
/uap-cases/uap-case-resolution-reports/,6018,aaro.mil,,,4478,93.0,,/uap-cases/uap-case-resolution-reports...
/apod/ap251123.html,6018,apod.nasa.gov,,,4479,93.0,,/apod/ap251123.html
/our-organization/deputy-for-operations-policy-and-capabilities-dco-d/national-vessel-documentation-center/,6018,dco.uscg.mil,,,4480,93.0,,/our-organization/deputy-for-operation...
/general/forms,6018,dol.gov,,,4481,93.01,,/general/forms
/package-info,6018,cfo.usps.com,,,4482,93.01,,/package-info
/vaccine-safety/vaccines/covid-19.html,6018,cdc.gov,,,4483,93.01,,/vaccine-safety/vaccines/covid-19.html
/newsroom/recovery-rebate-credit,6018,irs.gov,,,4484,93.01,,/newsroom/recovery-rebate-credit
/goddard/esc/near-space-network/,6018,nasa.gov,,,4485,93.02,,/goddard/esc/near-space-network/
/mpn/parentplus/agreements/5,6018,studentaid.gov,,,4486,93.02,,/mpn/parentplus/agreements/5
/store/product/north-american-soccer-stamps-s_488904,6018,store.usps.com,,,4487,93.02,,/store/product/north-american-soccer-s...
/2026-resident-annual-pass,6018,store.usgs.gov,,,4488,93.02,,/2026-resident-annual-pass
/opp/workspace,6018,sam.gov,,,4489,93.03,,/opp/workspace
/understand-aid/types/grants/fseog,6018,studentaid.gov,,,4490,93.03,,/understand-aid/types/grants/fseog
/registration/resources-hub,6018,fmcsa.dot.gov,,,4491,93.03,,/registration/resources-hub
/emergency-managers/national-preparedness/training,6018,fema.gov,,,4492,93.03,,/emergency-managers/national-preparedn...
/directives/issuances/dodi/,6018,esd.whs.mil,,,4493,93.03,,/directives/issuances/dodi/
/iwx/,6018,weather.gov,,,4494,93.04,,/iwx/
/grants-and-programs/recognition-programs/presidents-education-awards-program,6018,ed.gov,,,4495,93.04,,/grants-and-programs/recognition-progr...
/tools/medicare-physician-other-practitioner-look-up-tool,6018,data.cms.gov,,,4496,93.04,,/tools/medicare-physician-other-practi...
/norovirus/index.html,6018,cdc.gov,,,4497,93.04,,/norovirus/index.html
/sitemap/,6018,nasa.gov,,,4498,93.05,,/sitemap/
/institution-search/,6018,occ.gov,,,4499,93.05,,/institution-search/
/planyourvisit/veterans-and-gold-star-families-free-access.htm,6018,nps.gov,,,4500,93.05,,/planyourvisit/veterans-and-gold-star-...
/password,6018,ers.cr.usgs.gov,,,4501,93.05,,/password
/humans-in-space/astronauts/,6018,nasa.gov,,,4502,93.05,,/humans-in-space/astronauts/
/mfl/,6018,weather.gov,,,4503,93.06,,/mfl/
/wrh/textproduct,6018,weather.gov,,,4504,93.06,,/wrh/textproduct
/content/travel/en/news/visas-news/diversity-visa-issuance-updated-guidance.html,6018,travel.state.gov,,,4505,93.06,,/content/travel/en/news/visas-news/div...
/healthcare-insurance/guide-me/federal-employees/,5985,opm.gov,,,4506,93.06,,/healthcare-insurance/guide-me/federal...
/help/specific-agencies/medicare/,5985,login.gov,,,4507,93.07,,/help/specific-agencies/medicare/
/payments/underpayment-of-estimated-tax-by-individuals-penalty,5985,irs.gov,,,4508,93.07,,/payments/underpayment-of-estimated-ta...
/careers,5985,ice.gov,,,4509,93.07,,/careers
/mpn/parentplus/agreements/3,5985,studentaid.gov,,,4510,93.07,,/mpn/parentplus/agreements/3
/mpn/parentplus/agreements/2,5985,studentaid.gov,,,4511,93.08,,/mpn/parentplus/agreements/2
/mpn/parentplus/agreements/4,5985,studentaid.gov,,,4512,93.08,,/mpn/parentplus/agreements/4
/nat/displaylogin.action,5985,wwwapp.nimh.nih.gov,,,4513,93.08,,/nat/displaylogin.action
/disability/file-disability-claim-form-21-526ez/toxic-exposure/gulf-war-1990,5985,www.va.gov,,,4514,93.08,,/disability/file-disability-claim-form...
/prepare/check-eligibility-for-benefits/questionnaire/disabled-children,5985,www.ssa.gov,,,4515,93.08,,/prepare/check-eligibility-for-benefit...
/fwd,5985,weather.gov,,,4516,93.09,,/fwd
/pension/eligibility/,5985,va.gov,,,4517,93.09,,/pension/eligibility/
/programs-surveys/surveyhelp/verify-a-survey.html,5985,census.gov,,,4518,93.09,,/programs-surveys/surveyhelp/verify-a-...
/identity-theft-and-online-security/identity-theft,5985,consumer.ftc.gov,,,4519,93.09,,/identity-theft-and-online-security/id...
/shingles/about/index.html,5985,cdc.gov,,,4520,93.1,,/shingles/about/index.html
/articles/pmc6073405/,5985,pmc.ncbi.nlm.nih.gov,,,4521,93.1,,/articles/pmc6073405/
/app/chat/chat_launch,5985,ask.fmcsa.dot.gov,,,4522,93.1,,/app/chat/chat_launch
/myportal/rolerequest,5985,portal.cms.gov,,,4523,93.1,,/myportal/rolerequest
/myportal/wps/myportal/cmsportal/pecosaiaws/verticalRedirect/application,5985,portal.cms.cmsnet,,,4524,93.11,,/myportal/wps/myportal/cmsportal/pecos...
/articles/pmc8804099/,5985,pmc.ncbi.nlm.nih.gov,,,4525,93.11,,/articles/pmc8804099/
/store/myaccount/mysubscriptions.jsp,5985,store.usps.com,,,4526,93.11,,/store/myaccount/mysubscriptions.jsp
/retirement/full-retirement-age,5985,ssa.gov,,,4527,93.11,,/retirement/full-retirement-age
/seasons/en/,5985,spaceplace.nasa.gov,,,4528,93.11,,/seasons/en/
/forms/ssa-632.html,5985,ssa.gov,,,4529,93.12,,/forms/ssa-632.html
/25430652/,5985,pubmed.ncbi.nlm.nih.gov,,,4530,93.12,,/25430652/
/apod/ap250922.html,5985,apod.nasa.gov,,,4531,93.12,,/apod/ap250922.html
/apod/ap250801.html,5985,apod.nasa.gov,,,4532,93.12,,/apod/ap250801.html
/research/genealogy,5985,archives.gov,,,4533,93.13,,/research/genealogy
/press-room/va-announces-major-improvements-in-benefits-processing-and-delivery/,5951,news.va.gov,,,4534,93.13,,/press-room/va-announces-major-improve...
/image-detail/amf-art002e009302/,5951,nasa.gov,,,4535,93.13,,/image-detail/amf-art002e009302/
/s/step/step-guest-services,5951,mytravel.state.gov,,,4536,93.13,,/s/step/step-guest-services
/prescription-payment-plan,5951,medicare.gov,,,4537,93.14,,/prescription-payment-plan
/bou,5951,weather.gov,,,4538,93.14,,/bou
/communitycare/providers/info-champva.asp,5951,va.gov,,,4539,93.14,,/communitycare/providers/info-champva....
/realid/about-realid,5951,tsa.gov,,,4540,93.14,,/realid/about-realid
/precheck/families,5951,tsa.gov,,,4541,93.14,,/precheck/families
/mpn/parentplus/review,5951,studentaid.gov,,,4542,93.15,,/mpn/parentplus/review
/loan-simulator/repayment/wizard/repayment-goals/target-goal,5951,studentaid.gov,,,4543,93.15,,/loan-simulator/repayment/wizard/repay...
/apply-for-aid/fafsa/filling-out/dependency,5951,studentaid.gov,,,4544,93.15,,/apply-for-aid/fafsa/filling-out/depen...
/store/product/250-years-of-delivering-stamps-s_487104,5951,store.usps.com,,,4545,93.15,,/store/product/250-years-of-delivering...
/help/verify-your-identity/verify-your-identity-in-person/find-a-participating-post-office/,5951,login.gov,,,4546,93.16,,/help/verify-your-identity/verify-your...
/epstein/doj-disclosures/data-set-7-files,5951,justice.gov,,,4547,93.16,,/epstein/doj-disclosures/data-set-7-fi...
/grants-process/write-application/forms-directory/biosketch,5951,grants.nih.gov,,,4548,93.16,,/grants-process/write-application/form...
/higher-education/manage-your-loans,5951,ed.gov,,,4549,93.16,,/higher-education/manage-your-loans
/research/ctep-trials/trial-development,5951,dctd.cancer.gov,,,4550,93.16,,/research/ctep-trials/trial-developmen...
/yellow-book/index.html,5951,cdc.gov,,,4551,93.17,,/yellow-book/index.html
/gfa/help/,5951,aviationweather.gov,,,4552,93.17,,/gfa/help/
/pt-br/niv/information/announcements,5951,ais.usvisa-info.com,,,4553,93.17,,/pt-br/niv/information/announcements
/my-va/welcome-va-setup/contact-information/edit-mailing-address,5951,www.va.gov,,,4554,93.17,,/my-va/welcome-va-setup/contact-inform...
/station/kmlb/standard,5951,radar.weather.gov,,,4555,93.18,,/station/kmlb/standard
/myportal/myaccess,5951,portal.cms.gov,,,4556,93.18,,/myportal/myaccess
/articles/pmc10353947/,5951,pmc.ncbi.nlm.nih.gov,,,4557,93.18,,/articles/pmc10353947/
/ossnap/public/termsofservice,5951,secure.ssa.gov,,,4558,93.18,,/ossnap/public/termsofservice
/resultsform.aspx,5918,iafdb.travel.state.gov,,,4559,93.19,,/resultsform.aspx
/articles/pmc5694834/,5918,pmc.ncbi.nlm.nih.gov,,,4560,93.19,,/articles/pmc5694834/
/charities-non-profits/required-filing-form-990-series,5918,irs.gov,,,4561,93.19,,/charities-non-profits/required-filing...
/dena/planyourvisit/conditions.htm,5918,nps.gov,,,4562,93.19,,/dena/planyourvisit/conditions.htm
/content/travel/en/replace-certify-docs.html,5918,travel.state.gov,,,4563,93.19,,/content/travel/en/replace-certify-doc...
/station/kgrk/standard,5918,radar.weather.gov,,,4564,93.2,,/station/kgrk/standard
/ems/01_intro/,5918,science.nasa.gov,,,4565,93.2,,/ems/01_intro/
/regulations_policies/airworthiness_directives,5918,faa.gov,,,4566,93.2,,/regulations_policies/airworthiness_di...
/mental-health/living-with/index.html,5918,cdc.gov,,,4567,93.2,,/mental-health/living-with/index.html
/Multimedia/Photo-Collections/,5918,www.war.gov,,,4568,93.21,,/Multimedia/Photo-Collections/
/about/careers/tso,5918,tsa.gov,,,4569,93.21,,/about/careers/tso
/health-care/apply-for-health-care-form-10-10ez/check-your-personal-information,5918,www.va.gov,,,4570,93.21,,/health-care/apply-for-health-care-for...
/cgi/fluid.cgi,5918,webbook.nist.gov,,,4571,93.21,,/cgi/fluid.cgi
/housing-assistance/home-loans/how-to-request-coe/,5918,va.gov,,,4572,93.21,,/housing-assistance/home-loans/how-to-...
/disability/add-remove-dependent/,5918,va.gov,,,4573,93.22,,/disability/add-remove-dependent/
/in/en/business-visa,5918,ustraveldocs.com,,,4574,93.22,,/in/en/business-visa
/working-in-the-united-states/students-and-exchange-visitors/optional-practical-training-extension-for-stem-students-stem-opt,5918,uscis.gov,,,4575,93.22,,/working-in-the-united-states/students...
/working-in-the-united-states/h-1b-specialty-occupations,5918,uscis.gov,,,4576,93.22,,/working-in-the-united-states/h-1b-spe...
/investigate/terrorism,5918,fbi.gov,,,4577,93.23,,/investigate/terrorism
/apod/ap251117.html,5918,apod.nasa.gov,,,4578,93.23,,/apod/ap251117.html
/pt-br/niv/signup,5918,ais.usvisa-info.com,,,4579,93.23,,/pt-br/niv/signup
/apod/ap250809.html,5918,apod.nasa.gov,,,4580,93.23,,/apod/ap250809.html
/apod/ap250928.html,5918,apod.nasa.gov,,,4581,93.23,,/apod/ap250928.html
/wanted/topten/trung-duc-lu,5918,fbi.gov,,,4582,93.24,,/wanted/topten/trung-duc-lu
/store/product/us-flags-2024-stamps-s_684904,5885,store.usps.com,,,4583,93.24,,/store/product/us-flags-2024-stamps-s_...
/vpv404/instit/annceresult/press/preanre/2026/r_20260428_5.pdf,5885,treasurydirect.gov,,,4584,93.24,,/vpv404/instit/annceresult/press/prean...
/en/international-travel/travel-advisories/dominican-republic.html,5885,travel.state.gov,,,4585,93.24,,/en/international-travel/travel-adviso...
/yose/planyourvisit/basicinfo.htm,5885,nps.gov,,,4586,93.25,,/yose/planyourvisit/basicinfo.htm
/alca/index.htm,5885,nps.gov,,,4587,93.25,,/alca/index.htm
/businesses/small-businesses-self-employed/sole-proprietorships,5885,irs.gov,,,4588,93.25,,/businesses/small-businesses-self-empl...
/risky-driving/drunk-driving,5885,nhtsa.gov,,,4589,93.25,,/risky-driving/drunk-driving
/4139265/,5885,pubmed.ncbi.nlm.nih.gov,,,4590,93.26,,/4139265/
/23912296/,5885,pubmed.ncbi.nlm.nih.gov,,,4591,93.26,,/23912296/
/public/search,5885,pay.gov,,,4592,93.26,,/public/search
/tools/zip,5885,www.benefeds.gov,,,4593,93.26,,/tools/zip
/withdrawals-in-retirement/,5885,tsp.gov,,,4594,93.26,,/withdrawals-in-retirement/
/toppicks,5885,data.bls.gov,,,4595,93.27,,/toppicks
/ooh/architecture-and-engineering/mechanical-engineers.htm,5885,bls.gov,,,4596,93.27,,/ooh/architecture-and-engineering/mech...
/working-in-government/unique-hiring-paths/veterans,5885,help.usajobs.gov,,,4597,93.27,,/working-in-government/unique-hiring-p...
/employers/enrolling-in-e-verify,5885,e-verify.gov,,,4598,93.27,,/employers/enrolling-in-e-verify
/entreg/secure/coaeditaddressaction_input,5851,reg.usps.com,,,4599,93.28,,/entreg/secure/coaeditaddressaction_in...
/station/kmkx/standard,5851,radar.weather.gov,,,4600,93.28,,/station/kmkx/standard
/12209645/,5851,pubmed.ncbi.nlm.nih.gov,,,4601,93.28,,/12209645/
/can-tas-help-me-with-my-tax-issue/,5851,taxpayeradvocate.irs.gov,,,4602,93.28,,/can-tas-help-me-with-my-tax-issue/
/medicare/payment/fee-schedules/physician/federal-regulation-notices/cms-1832-f,5851,cms.gov,,,4603,93.28,,/medicare/payment/fee-schedules/physic...
/bmi/es/adult-calculator/widget.html,5851,cdc.gov,,,4604,93.29,,/bmi/es/adult-calculator/widget.html
/data/gdp/gdp-state,5851,bea.gov,,,4605,93.29,,/data/gdp/gdp-state
/oalj_dms_search.html,5851,oalj.dol.gov,,,4606,93.29,,/oalj_dms_search.html
/blri/planyourvisit/roadclosures.htm,5851,nps.gov,,,4607,93.29,,/blri/planyourvisit/roadclosures.htm
/help/verify-your-identity/accepted-id-type/,5851,login.gov,,,4608,93.3,,/help/verify-your-identity/accepted-id...
/publications/p17,5851,irs.gov,,,4609,93.3,,/publications/p17
/disability/file-disability-claim-form-21-526ez/toxic-exposure/gulf-war-2001,5851,www.va.gov,,,4610,93.3,,/disability/file-disability-claim-form...
/disability/file-disability-claim-form-21-526ez/toxic-exposure/additional-exposures,5851,www.va.gov,,,4611,93.3,,/disability/file-disability-claim-form...
/grb/,5851,weather.gov,,,4612,93.3,,/grb/
/fsd/,5851,weather.gov,,,4613,93.31,,/fsd/
/farming-and-ranching/financial-resources-farmers-and-ranchers/grants-and-loans,5851,usda.gov,,,4614,93.31,,/farming-and-ranching/financial-resour...
/for-industry/hazmat-endorsement,5851,tsa.gov,,,4615,93.31,,/for-industry/hazmat-endorsement
/plans/healthplans/prime,5851,tricare.mil,,,4616,93.31,,/plans/healthplans/prime
/ndemu/curriculum/,5851,training.fema.gov,,,4617,93.32,,/ndemu/curriculum/
/ws/cart/shopping_cart,5851,gsaadvantage.gov,,,4618,93.32,,/ws/cart/shopping_cart
/sectors/conus.php,5851,graphical.weather.gov,,,4619,93.32,,/sectors/conus.php
/file-your-taxes-for-free,5851,irs.gov,,,4620,93.32,,/file-your-taxes-for-free
/disability/file-disability-claim-form-21-526ez/toxic-exposure/herbicide,5851,www.va.gov,,,4621,93.32,,/disability/file-disability-claim-form...
/medicare/payment/fee-schedules/clinical-laboratory-fee-schedule-clfs/files,5851,cms.gov,,,4622,93.33,,/medicare/payment/fee-schedules/clinic...
/cn/zh/business-visa,5818,ustraveldocs.com,,,4623,93.33,,/cn/zh/business-visa
/prepare/check-eligibility-for-benefits/questionnaire/parents-essentials,5818,www.ssa.gov,,,4624,93.33,,/prepare/check-eligibility-for-benefit...
/resources/va-accredited-representative-faqs/,5818,va.gov,,,4625,93.33,,/resources/va-accredited-representativ...
/content/travel/en/contact-us/us-visas.html,5818,travel.state.gov,,,4626,93.34,,/content/travel/en/contact-us/us-visas...
/content/travel/en/traveladvisories/traveladvisories/turkey-travel-advisory.html,5818,travel.state.gov,,,4627,93.34,,/content/travel/en/traveladvisories/tr...
/content/travel/en/us-visas/immigrate/national-visa-center.html,5818,travel.state.gov,,,4628,93.34,,/content/travel/en/us-visas/immigrate/...
/content/travel/en/us-visas/immigrate/the-immigrant-visa-process/step-10-prepare-for-the-interview/step-12-after-the-interview.html,5818,travel.state.gov,,,4629,93.34,,/content/travel/en/us-visas/immigrate/...
/s/article/USPS-Hold-Mail-The-Basics,5818,faq.usps.com,,,4630,93.34,,/s/article/USPS-Hold-Mail-The-Basics
/respiratory-viruses/prevention/precautions-when-sick.html,5818,cdc.gov,,,4631,93.35,,/respiratory-viruses/prevention/precau...
/508/,5818,dowcio.war.gov,,,4632,93.35,,/508/
/ghgemissions/sources-greenhouse-gas-emissions,5818,epa.gov,,,4633,93.35,,/ghgemissions/sources-greenhouse-gas-e...
/productmaps/pubform/atp.aspx,5818,armypubs.army.mil,,,4634,93.35,,/productmaps/pubform/atp.aspx
/apod/ap251105.html,5818,apod.nasa.gov,,,4635,93.36,,/apod/ap251105.html
/careers/how-to-apply/welcome.htm,5818,about.usps.com,,,4636,93.36,,/careers/how-to-apply/welcome.htm
/health-care/order-hearing-aid-or-CPAP-supplies-form/address,5818,www.va.gov,,,4637,93.36,,/health-care/order-hearing-aid-or-CPAP...
/initial-application/payment-receipt,5818,trademarkcenter.uspto.gov,,,4638,93.36,,/initial-application/payment-receipt
/mpn/parentplus/submit,5818,studentaid.gov,,,4639,93.36,,/mpn/parentplus/submit
/careers/ivol/,5818,ssa.gov,,,4640,93.37,,/careers/ivol/
/12213929/,5818,pubmed.ncbi.nlm.nih.gov,,,4641,93.37,,/12213929/
/stories/pink-salmon-invasion-in-great-lakes-has-lessons-for-north-atlantic-arctic-communities,5818,noaa.gov,,,4642,93.37,,/stories/pink-salmon-invasion-in-great...
/image-detail/amf-art002e016198/,5818,nasa.gov,,,4643,93.37,,/image-detail/amf-art002e016198/
/publications/p501,5818,irs.gov,,,4644,93.38,,/publications/p501
/forms-pubs/about-form-1099-misc,5818,irs.gov,,,4645,93.38,,/forms-pubs/about-form-1099-misc
/faqs/irs-procedures/address-changes/address-changes,5818,irs.gov,,,4646,93.38,,/faqs/irs-procedures/address-changes/a...
/credits-deductions/alternative-fuel-vehicle-refueling-property-credit,5818,irs.gov,,,4647,93.38,,/credits-deductions/alternative-fuel-v...
/charities-non-profits/charitable-organizations/exemption-requirements-501c3-organizations,5818,irs.gov,,,4648,93.38,,/charities-non-profits/charitable-orga...
/documents/2025/08/28/2025-16554/establishing-a-fixed-time-period-of-admission-and-an-extension-of-stay-procedure-for-nonimmigrant,5818,federalregister.gov,,,4649,93.39,,/documents/2025/08/28/2025-16554/estab...
/milestone-documents/list,5784,archives.gov,,,4650,93.39,,/milestone-documents/list
/cwodatasite,5784,test-cwo.cwigng.com,,,4651,93.39,,/cwodatasite
//go/trackconfirmaction,5784,tools.usps.com,,,4652,93.39,,//go/trackconfirmaction
/taking-money-from-your-account/,5784,tsp.gov,,,4653,93.4,,/taking-money-from-your-account/
/grsm/planyourvisit/cadescove.htm,5784,nps.gov,,,4654,93.4,,/grsm/planyourvisit/cadescove.htm
/yell/planyourvisit/campgrounds.htm,5784,nps.gov,,,4655,93.4,,/yell/planyourvisit/campgrounds.htm
/about/disclaimer/,5784,pmc.ncbi.nlm.nih.gov,,,4656,93.4,,/about/disclaimer/
/workspace/em/entities/entity-ticket-review,5784,sam.gov,,,4657,93.4,,/workspace/em/entities/entity-ticket-r...
/manage-benefits/resolve-overpayment/repay-overpaid-benefits,5784,ssa.gov,,,4658,93.41,,/manage-benefits/resolve-overpayment/r...
/image-article/hubble-spots-a-starry-spiral/,5784,nasa.gov,,,4659,93.41,,/image-article/hubble-spots-a-starry-s...
/coverage/home-health-services,5784,medicare.gov,,,4660,93.41,,/coverage/home-health-services
/cn/zh/step-3,5784,ustraveldocs.com,,,4661,93.41,,/cn/zh/step-3
/s/article/usps-tracking-the-basics,5784,faq.usps.com,,,4662,93.42,,/s/article/usps-tracking-the-basics
/travel/international-visitors,5784,cbp.gov,,,4663,93.42,,/travel/international-visitors
/s/article/Informed-Delivery-The-Basics,5784,faq.usps.com,,,4664,93.42,,/s/article/Informed-Delivery-The-Basic...
/wanted/topten/omar-alexander-cardenas,5784,fbi.gov,,,4665,93.42,,/wanted/topten/omar-alexander-cardenas
/agencies/u-s-postal-service,5784,usa.gov,,,4666,93.42,,/agencies/u-s-postal-service
/apod/ap251204.html,5784,apod.nasa.gov,,,4667,93.43,,/apod/ap251204.html
/apod/ap251118.html,5784,apod.nasa.gov,,,4668,93.43,,/apod/ap251118.html
/apod/ap250831.html,5784,apod.nasa.gov,,,4669,93.43,,/apod/ap250831.html
/r08/northcarolina/recreation,5784,fs.usda.gov,,,4670,93.43,,/r08/northcarolina/recreation
/oact/cola/benefits.html,5751,ssa.gov,,,4671,93.44,,/oact/cola/benefits.html
/citmatch/,5751,pubmed.ncbi.nlm.nih.gov,,,4672,93.44,,/citmatch/
/kids/earth/mission-biomes/biorainforest/,5751,science.nasa.gov,,,4673,93.44,,/kids/earth/mission-biomes/biorainfore...
/store/product/spongebob-squarepants-stamps-s_487204,5751,store.usps.com,,,4674,93.44,,/store/product/spongebob-squarepants-s...
/mpn/parentplus/confirmation,5751,studentaid.gov,,,4675,93.44,,/mpn/parentplus/confirmation
/understand-aid/types/loans/plus,5751,studentaid.gov,,,4676,93.45,,/understand-aid/types/loans/plus
/health-care/order-hearing-aid-or-CPAP-supplies-form/supplies,5751,www.va.gov,,,4677,93.45,,/health-care/order-hearing-aid-or-CPAP...
/ccaf/,5751,airuniversity.af.edu,,,4678,93.45,,/ccaf/
/newsroom/,5751,about.usps.com,,,4679,93.45,,/newsroom/
/es/media/oembed,5751,alzheimers.gov,,,4680,93.46,,/es/media/oembed
/tr/en/,5751,ustraveldocs.com,,,4681,93.46,,/tr/en/
/apod/ap250813.html,5751,apod.nasa.gov,,,4682,93.46,,/apod/ap250813.html
/apod/ap251126.html,5751,apod.nasa.gov,,,4683,93.46,,/apod/ap251126.html
/articles/how-recognize-avoid-phishing-scams,5751,consumer.ftc.gov,,,4684,93.46,,/articles/how-recognize-avoid-phishing...
/army/index.html,5751,cool.osd.mil,,,4685,93.47,,/army/index.html
/ne/articles/advantages-and-challenges-nuclear-energy,5751,energy.gov,,,4686,93.47,,/ne/articles/advantages-and-challenges...
/globalapp/dashboard/overview,5751,eqrs.cms.gov,,,4687,93.47,,/globalapp/dashboard/overview
/state-overviews/stateprofile.html,5751,medicaid.gov,,,4688,93.47,,/state-overviews/stateprofile.html
/articles/pmc3770309/,5751,pmc.ncbi.nlm.nih.gov,,,4689,93.48,,/articles/pmc3770309/
/portal/datasets/il.html/tabs/documents_2026,5751,huduser.gov,,,4690,93.48,,/portal/datasets/il.html/tabs/document...
/sti/about/about-genital-hpv-infection.html,5717,cdc.gov,,,4691,93.48,,/sti/about/about-genital-hpv-infection...
/si/si_public_record_report.cfm,5717,cfpub.epa.gov,,,4692,93.48,,/si/si_public_record_report.cfm
/shingles/vaccines/index.html,5717,cdc.gov,,,4693,93.48,,/shingles/vaccines/index.html
/taxtopics/tc151,5717,irs.gov,,,4694,93.49,,/taxtopics/tc151
/individuals/understanding-your-cp2000-series-notice,5717,irs.gov,,,4695,93.49,,/individuals/understanding-your-cp2000...
/forms-pubs/about-form-w-8-ben-e,5717,irs.gov,,,4696,93.49,,/forms-pubs/about-form-w-8-ben-e
/forms-pubs/about-form-w-4-p,5717,irs.gov,,,4697,93.49,,/forms-pubs/about-form-w-4-p
/service-member-benefits/,5717,va.gov,,,4698,93.49,,/service-member-benefits/
/the-national-map-data-delivery/topographic-map-access-points,5717,usgs.gov,,,4699,93.5,,/the-national-map-data-delivery/topogr...
/job/853993800,5717,usajobs.gov,,,4700,93.5,,/job/853993800
/opa/pr/scam-center-strike-force-takes-major-actions-against-southeast-asian-scam-centers-targeting,5717,justice.gov,,,4701,93.5,,/opa/pr/scam-center-strike-force-takes...
/kids/disaster-facts,5717,ready.gov,,,4702,93.5,,/kids/disaster-facts
/retirement-center/apply/fegli-calculator/fegli-iframe/,5717,opm.gov,,,4703,93.51,,/retirement-center/apply/fegli-calcula...
/external/solicitations/summary.do,5717,nspires.nasaprs.com,,,4704,93.51,,/external/solicitations/summary.do
/forms-pubs/about-form-1065,5717,irs.gov,,,4705,93.51,,/forms-pubs/about-form-1065
/mypayinfo/,5717,dfas.mil,,,4706,93.51,,/mypayinfo/
/superfund/search-superfund-sites-where-you-live,5717,epa.gov,,,4707,93.51,,/superfund/search-superfund-sites-wher...
/components/sequence/hiv/search/d_search.comp,5717,hiv.lanl.gov,,,4708,93.52,,/components/sequence/hiv/search/d_sear...
/vpv404/instit/annceresult/press/preanre/2026/r_20260428_4.pdf,5717,treasurydirect.gov,,,4709,93.52,,/vpv404/instit/annceresult/press/prean...
/store/product/tulip-blossoms-stamps-s_684204,5717,store.usps.com,,,4710,93.52,,/store/product/tulip-blossoms-stamps-s...
/fraud/,5717,ssa.gov,,,4711,93.52,,/fraud/
/local-assistance/find,5717,sba.gov,,,4712,93.53,,/local-assistance/find
/entities/entity-ticket-review,5717,sam.gov,,,4713,93.53,,/entities/entity-ticket-review
/apod/ap260115.html,5684,apod.nasa.gov,,,4714,93.53,,/apod/ap260115.html
/apod/ap250925.html,5684,apod.nasa.gov,,,4715,93.53,,/apod/ap250925.html
/apod/ap250824.html,5684,apod.nasa.gov,,,4716,93.53,,/apod/ap250824.html
/apod/ap250912.html,5684,apod.nasa.gov,,,4717,93.54,,/apod/ap250912.html
/exhibits/featured-documents/emancipation-proclamation,5684,archives.gov,,,4718,93.54,,/exhibits/featured-documents/emancipat...
/contact-us/ask-va/about-someone-else-relationship-veteran-or-family-member-education-1,5684,www.va.gov,,,4719,93.54,,/contact-us/ask-va/about-someone-else-...
/job/868069200,5684,usajobs.gov,,,4720,93.54,,/job/868069200
/programs/recreation/camping,5684,blm.gov,,,4721,93.54,,/programs/recreation/camping
/act-early/milestones/6-months.html,5684,cdc.gov,,,4722,93.55,,/act-early/milestones/6-months.html
/trade/automated/training-and-reference-guides,5684,cbp.gov,,,4723,93.55,,/trade/automated/training-and-referenc...
/inport/hierarchy,5684,fisheries.noaa.gov,,,4724,93.55,,/inport/hierarchy
/currency-exchange-rates-converter/,5684,fiscaldata.treasury.gov,,,4725,93.55,,/currency-exchange-rates-converter/
/triexplorer/quantity_fac,5684,enviro.epa.gov,,,4726,93.56,,/triexplorer/quantity_fac
/news-features/understanding-climate/climate-change-global-sea-level,5684,climate.gov,,,4727,93.56,,/news-features/understanding-climate/c...
/service-options,5684,cfo.usps.com,,,4728,93.56,,/service-options
/vpv404/app/dmlydhvhbc,5684,mobile.va.gov,,,4729,93.56,,/vpv404/app/dmlydhvhbc
/business-guidance/blog/2019/11/youtube-channel-owners-your-content-directed-children,5684,ftc.gov,,,4730,93.56,,/business-guidance/blog/2019/11/youtub...
/app/va-health-and-benefits,5684,mobile.va.gov,,,4731,93.57,,/app/va-health-and-benefits
/help-with-energy-bills,5684,usa.gov,,,4732,93.57,,/help-with-energy-bills
/manage-loans/lower-payments/get-temporary-relief/deferment,5684,studentaid.gov,,,4733,93.57,,/manage-loans/lower-payments/get-tempo...
/oact/babynames/top5names.html,5684,ssa.gov,,,4734,93.57,,/oact/babynames/top5names.html
/policy-data-oversight/pay-leave/salaries-wages/salary-tables/26tables/html/dcb.aspx,5684,opm.gov,,,4735,93.58,,/policy-data-oversight/pay-leave/salar...
/dlh/,5684,weather.gov,,,4736,93.58,,/dlh/
/contact_details/your-shipping-advantage/,5684,uspsdelivers.com,,,4737,93.58,,/contact_details/your-shipping-advanta...
/careers-employment/vocational-rehabilitation/apply-vre-form-28-1900/personal-information,5684,www.va.gov,,,4738,93.58,,/careers-employment/vocational-rehabil...
/articles/pmc8311249/,5684,pmc.ncbi.nlm.nih.gov,,,4739,93.58,,/articles/pmc8311249/
/bankfind-suite,5684,banks.data.fdic.gov,,,4740,93.59,,/bankfind-suite
/articles/pmc6315298/,5684,pmc.ncbi.nlm.nih.gov,,,4741,93.59,,/articles/pmc6315298/
/articles/pmc8082289/,5684,pmc.ncbi.nlm.nih.gov,,,4742,93.59,,/articles/pmc8082289/
/faqs/en/questions/ka-01897.html,5684,ssa.gov,,,4743,93.59,,/faqs/en/questions/ka-01897.html
/founding-docs,5684,archives.gov,,,4744,93.59,,/founding-docs
/article/290235/seam_modern_gear_management_personalized_for_you,5684,army.mil,,,4745,93.6,,/article/290235/seam_modern_gear_manag...
/purchase/acct/dashboard/order/details,5651,dtops.cbp.dhs.gov,,,4746,93.6,,/purchase/acct/dashboard/order/details
/ceslite/,5651,cesdata.bls.gov,,,4747,93.6,,/ceslite/
/toolkit/training/find-certifications.aspx,5651,careeronestop.org,,,4748,93.6,,/toolkit/training/find-certifications....
/ooh/computer-and-information-technology/software-developers.htm,5651,bls.gov,,,4749,93.61,,/ooh/computer-and-information-technolo...
/apod/ap250923.html,5651,apod.nasa.gov,,,4750,93.61,,/apod/ap250923.html
/productmaps/pubform/daform4001_5000.aspx,5651,armypubs.army.mil,,,4751,93.61,,/productmaps/pubform/daform4001_5000.a...
/mtf,5651,tricare.mil,,,4752,93.61,,/mtf
/spanish/ency/article/000521.htm,5651,medlineplus.gov,,,4753,93.61,,/spanish/ency/article/000521.htm
/instructions/i4547,5651,irs.gov,,,4754,93.62,,/instructions/i4547
/retirement-plans/ira-deduction-limits,5651,irs.gov,,,4755,93.62,,/retirement-plans/ira-deduction-limits
/authentication/login,5651,idcf.bls.gov,,,4756,93.62,,/authentication/login
/eadmin/action/alerts,5651,gateway.usps.com,,,4757,93.62,,/eadmin/action/alerts
/students-and-graduates,5651,fbijobs.gov,,,4758,93.63,,/students-and-graduates
/assistance,5651,fema.gov,,,4759,93.63,,/assistance
/apod/ap250612.html,5651,apod.nasa.gov,,,4760,93.63,,/apod/ap250612.html
/apod/ap250504.html,5651,apod.nasa.gov,,,4761,93.63,,/apod/ap250504.html
/apod/ap250716.html,5651,apod.nasa.gov,,,4762,93.63,,/apod/ap250716.html
/es-mx/niv/information/niv,5651,ais.usvisa-info.com,,,4763,93.64,,/es-mx/niv/information/niv
/loan-simulator/repayment/results/application-details/IC,5651,studentaid.gov,,,4764,93.64,,/loan-simulator/repayment/results/appl...
/compassionateallowances/conditions.htm,5651,ssa.gov,,,4765,93.64,,/compassionateallowances/conditions.ht...
/rooms,5651,shadesofgreen.org,,,4766,93.64,,/rooms
/form/osha7,5651,osha.gov,,,4767,93.64,,/form/osha7
/riw/,5651,weather.gov,,,4768,93.65,,/riw/
/east,5651,tricare.mil,,,4769,93.65,,/east
/advantage/ws/cart/shopping_cart,5651,www.gsaadvantage.gov,,,4770,93.65,,/advantage/ws/cart/shopping_cart
/dmssearch2/searchresults.jsp,5651,oalj.dol.gov,,,4771,93.65,,/dmssearch2/searchresults.jsp
/explorecareers/assessments/interests.aspx,5651,careeronestop.org,,,4772,93.66,,/explorecareers/assessments/interests....
/glac/planyourvisit/maps.htm,5651,nps.gov,,,4773,93.66,,/glac/planyourvisit/maps.htm
/zion/planyourvisit/index.htm,5651,nps.gov,,,4774,93.66,,/zion/planyourvisit/index.htm
/retirement-center/fers-information/eligibility/,5651,opm.gov,,,4775,93.66,,/retirement-center/fers-information/el...
/hantavirus/hcp/clinical-overview/hfrs.html,5651,cdc.gov,,,4776,93.66,,/hantavirus/hcp/clinical-overview/hfrs...
/glac/planyourvisit/fees.htm,5651,nps.gov,,,4777,93.67,,/glac/planyourvisit/fees.htm
/featured-careers,5617,fbijobs.gov,,,4778,93.67,,/featured-careers
/s/topic/0TOt00000004HFqGAM/missing-late-or-damaged-mail-packages,5617,faq.usps.com,,,4779,93.67,,/s/topic/0TOt00000004HFqGAM/missing-la...
/about/news/press-release/fact-sheet-trump-administration-making-college-more-affordable,5617,ed.gov,,,4780,93.67,,/about/news/press-release/fact-sheet-t...
/vaccines/imz-schedules/adult-easyread.html,5617,cdc.gov,,,4781,93.67,,/vaccines/imz-schedules/adult-easyread...
/apod/ap251030.html,5617,apod.nasa.gov,,,4782,93.68,,/apod/ap251030.html
/ooh/construction-and-extraction/electricians.htm,5617,bls.gov,,,4783,93.68,,/ooh/construction-and-extraction/elect...
/current/title-21,5617,www.ecfr.gov,,,4784,93.68,,/current/title-21
/what-did-hubble-see-on-your-birthday/en/,5617,spaceplace.nasa.gov,,,4785,93.68,,/what-did-hubble-see-on-your-birthday/...
/articles/pmc7459820/,5617,pmc.ncbi.nlm.nih.gov,,,4786,93.69,,/articles/pmc7459820/
/ossnap/authn/,5617,secure.ssa.gov,,,4787,93.69,,/ossnap/authn/
/articles/pmc7040264/,5617,pmc.ncbi.nlm.nih.gov,,,4788,93.69,,/articles/pmc7040264/
/lavo/index.htm,5617,nps.gov,,,4789,93.69,,/lavo/index.htm
/data/browse-data/,5617,fec.gov,,,4790,93.69,,/data/browse-data/
/spanish/sexuallytransmittedinfections.html,5617,medlineplus.gov,,,4791,93.7,,/spanish/sexuallytransmittedinfections...
/apod/ap250911.html,5617,apod.nasa.gov,,,4792,93.7,,/apod/ap250911.html
/apod/ap250829.html,5617,apod.nasa.gov,,,4793,93.7,,/apod/ap250829.html
/apod/ap251028.html,5617,apod.nasa.gov,,,4794,93.7,,/apod/ap251028.html
/apod/ap250606.html,5617,apod.nasa.gov,,,4795,93.7,,/apod/ap250606.html
/iv/login.aspx,5617,ceac.state.gov,,,4796,93.71,,/iv/login.aspx
/bro/,5617,weather.gov,,,4797,93.71,,/bro/
/travel/transporting-firearms-and-ammunition,5617,tsa.gov,,,4798,93.71,,/travel/transporting-firearms-and-ammu...
/requirements-for-presidential-candidates,5617,usa.gov,,,4799,93.71,,/requirements-for-presidential-candida...
/tide_predictions.html,5617,tidesandcurrents.noaa.gov,,,4800,93.72,,/tide_predictions.html
/cola/,5617,ssa.gov,,,4801,93.72,,/cola/
/management/directives-guidance-and-delegations,5617,energy.gov,,,4802,93.72,,/management/directives-guidance-and-de...
/careers-employment/vocational-rehabilitation/apply-vre-form-28-1900/phone-and-email,5584,www.va.gov,,,4803,93.72,,/careers-employment/vocational-rehabil...
/content/travel/en/international-travel/international-travel-country-information-pages/vietnam.html,5584,travel.state.gov,,,4804,93.72,,/content/travel/en/international-trave...
/ssi/text-income-ussi.htm,5584,ssa.gov,,,4805,93.73,,/ssi/text-income-ussi.htm
/vpv404/instit/annceresult/press/preanre/2026/r_20260427_6.pdf,5584,treasurydirect.gov,,,4806,93.73,,/vpv404/instit/annceresult/press/prean...
/backoffice/,5584,lending.sba.gov,,,4807,93.73,,/backoffice/
/check-in,5584,ice.gov,,,4808,93.73,,/check-in
/health-drug-plans/medigap/basics/compare-plan-benefits,5584,medicare.gov,,,4809,93.73,,/health-drug-plans/medigap/basics/comp...
/careers-employment/vocational-rehabilitation/apply-vre-form-28-1900/review-and-submit,5584,www.va.gov,,,4810,93.74,,/careers-employment/vocational-rehabil...
/benefit-finder/disability/about-you,5584,www.usa.gov,,,4811,93.74,,/benefit-finder/disability/about-you
/de/en/,5584,ustraveldocs.com,,,4812,93.74,,/de/en/
/nationalforecastchart/map.php,5584,wpc.ncep.noaa.gov,,,4813,93.74,,/nationalforecastchart/map.php
/uspstf/topic_search_results,5584,uspreventiveservicestaskforce.org,,,4814,93.75,,/uspstf/topic_search_results
/prepare/check-eligibility-for-benefits/questionnaire/resources-value-married,5584,www.ssa.gov,,,4815,93.75,,/prepare/check-eligibility-for-benefit...
/press-room/wtas-hhs-launches-maha-action-plan-curb-psychiatric-overprescribing.html,5584,hhs.gov,,,4816,93.75,,/press-room/wtas-hhs-launches-maha-act...
/vpv404/citizenship/findcitizenshiphelp/https://my.uscis.gov/,5584,uscis.gov,,,4817,93.75,,/vpv404/citizenship/findcitizenshiphel...
/statutes/title-vii-civil-rights-act-1964,5584,eeoc.gov,,,4818,93.75,,/statutes/title-vii-civil-rights-act-1...
/national-do-not-call-registry-faqs,5584,consumer.ftc.gov,,,4819,93.76,,/national-do-not-call-registry-faqs
/news-events/alerts/2026/05/01/cisa-adds-one-known-exploited-vulnerability-catalog,5584,cisa.gov,,,4820,93.76,,/news-events/alerts/2026/05/01/cisa-ad...
/dfars,5584,acquisition.gov,,,4821,93.76,,/dfars
/milestones/1866-1898/yellow-journalism,5584,history.state.gov,,,4822,93.76,,/milestones/1866-1898/yellow-journalis...
/manage-benefits/resolve-overpayment,5584,ssa.gov,,,4823,93.76,,/manage-benefits/resolve-overpayment
/fr,5584,secure.login.gov,,,4824,93.77,,/fr
/what-is-gravity/en/,5550,spaceplace.nasa.gov,,,4825,93.77,,/what-is-gravity/en/
/relay-laser-communications-game/en/,5550,spaceplace.nasa.gov,,,4826,93.77,,/relay-laser-communications-game/en/
/experiences,5550,shadesofgreen.org,,,4827,93.77,,/experiences
/resources/your-intent-to-file-a-va-claim/,5550,va.gov,,,4828,93.78,,/resources/your-intent-to-file-a-va-cl...
/news/feature-stories/,5550,war.gov,,,4829,93.78,,/news/feature-stories/
/news/news-stories/article/article/4418161/this-week-in-dow-honoring-heroes-patrolling-oceans-uncovering-truth-out-there/,5550,war.gov,,,4830,93.78,,/news/news-stories/article/article/441...
/careers-employment/vocational-rehabilitation/apply-vre-form-28-1900/education,5550,www.va.gov,,,4831,93.78,,/careers-employment/vocational-rehabil...
/health-care/order-hearing-aid-or-CPAP-supplies-form/veteran-information,5550,www.va.gov,,,4832,93.78,,/health-care/order-hearing-aid-or-CPAP...
/nchs/nhanes/search/datapage.aspx,5550,wwwn.cdc.gov,,,4833,93.79,,/nchs/nhanes/search/datapage.aspx
/hpv/hcp/vaccination-considerations/index.html,5550,cdc.gov,,,4834,93.79,,/hpv/hcp/vaccination-considerations/in...
/sleep/about/index.html,5550,cdc.gov,,,4835,93.79,,/sleep/about/index.html
/drugs/special-features/high-blood-pressure-understanding-silent-killer,5550,fda.gov,,,4836,93.79,,/drugs/special-features/high-blood-pre...
/about-irs,5550,irs.gov,,,4837,93.79,,/about-irs
/articles/pmc7594557/,5550,pmc.ncbi.nlm.nih.gov,,,4838,93.8,,/articles/pmc7594557/
/trademarks/apply/index-all-teas-forms,5550,uspto.gov,,,4839,93.8,,/trademarks/apply/index-all-teas-forms
/store/product/priority-mail-flat-rate-envelope-p_ep_14_f,5550,store.usps.com,,,4840,93.8,,/store/product/priority-mail-flat-rate...
/manage-loans/default,5550,studentaid.gov,,,4841,93.8,,/manage-loans/default
/job/868055100,5550,usajobs.gov,,,4842,93.81,,/job/868055100
/scripts/ires/,5550,accessdata.fda.gov,,,4843,93.81,,/scripts/ires/
/ooh/business-and-financial/accountants-and-auditors.htm,5550,bls.gov,,,4844,93.81,,/ooh/business-and-financial/accountant...
/apod/ap251113.html,5550,apod.nasa.gov,,,4845,93.81,,/apod/ap251113.html
/apod/ap250817.html,5550,apod.nasa.gov,,,4846,93.81,,/apod/ap250817.html
/document/guidance/ace-portal-cape-declarations-and-error-definitions,5550,cbp.gov,,,4847,93.82,,/document/guidance/ace-portal-cape-dec...
/olym/planyourvisit/camping.htm,5550,nps.gov,,,4848,93.82,,/olym/planyourvisit/camping.htm
/crla/planyourvisit/conditions.htm,5550,nps.gov,,,4849,93.82,,/crla/planyourvisit/conditions.htm
/news-events/news-releases/nih-funded-study-suggests-testosterone-suppresses-brain-tumor-growth-males,5550,nih.gov,,,4850,93.82,,/news-events/news-releases/nih-funded-...
/perl/index.htm,5550,nps.gov,,,4851,93.82,,/perl/index.htm
/access/monitoring/tornadoes/deadliest,5550,ncei.noaa.gov,,,4852,93.83,,/access/monitoring/tornadoes/deadliest
/portal/consent-to-monitor,5550,myseco.militaryonesource.mil,,,4853,93.83,,/portal/consent-to-monitor
/eoir/eoir-forms,5550,justice.gov,,,4854,93.83,,/eoir/eoir-forms
/public/iexplore/scripts/v15/getmissionpage.php,5550,mobile.arc.nasa.gov,,,4855,93.83,,/public/iexplore/scripts/v15/getmissio...
/action-center/locate-prison-inmate-or-sex-offender,5550,justice.gov,,,4856,93.83,,/action-center/locate-prison-inmate-or...
/businesses/small-businesses-self-employed/temporarily-delay-the-collection-process,5550,irs.gov,,,4857,93.84,,/businesses/small-businesses-self-empl...
/businesses/small-businesses-self-employed/independent-contractor-self-employed-or-employee,5550,irs.gov,,,4858,93.84,,/businesses/small-businesses-self-empl...
/appeals,5550,irs.gov,,,4859,93.84,,/appeals
/sites/myncbi/recentactivity,5517,ncbi.nlm.nih.gov,,,4860,93.84,,/sites/myncbi/recentactivity
/usao-edny/pr/pornhub-parent-company-admits-receiving-proceeds-sex-trafficking-and-agrees-three-year,5517,justice.gov,,,4861,93.85,,/usao-edny/pr/pornhub-parent-company-a...
/payments/interest,5517,irs.gov,,,4862,93.85,,/payments/interest
/es/sobre-ice/ero,5517,ice.gov,,,4863,93.85,,/es/sobre-ice/ero
/facilities/enforcement-case-search,5517,echo.epa.gov,,,4864,93.85,,/facilities/enforcement-case-search
/apod/ap250712.html,5517,apod.nasa.gov,,,4865,93.85,,/apod/ap250712.html
/apod/ap250822.html,5517,apod.nasa.gov,,,4866,93.86,,/apod/ap250822.html
/health-drug-plans/coordination/who-pays-first,5517,medicare.gov,,,4867,93.86,,/health-drug-plans/coordination/who-pa...
/scan-forms/new,5517,cnsb.usps.com,,,4868,93.86,,/scan-forms/new
/purchase/acct/dashboard/payment/confirmation,5517,dtops.cbp.dhs.gov,,,4869,93.86,,/purchase/acct/dashboard/payment/confi...
/helping-americans/buying-a-home,5517,www.hud.gov,,,4870,93.86,,/helping-americans/buying-a-home
/retirement-center/apply/fegli-calculator/,5517,opm.gov,,,4871,93.87,,/retirement-center/apply/fegli-calcula...
/policy-data-oversight/assessment-and-selection/other-assessment-methods/situational-judgment-tests/,5517,opm.gov,,,4872,93.87,,/policy-data-oversight/assessment-and-...
/glac/planyourvisit/shuttle-service-2026.htm,5517,nps.gov,,,4873,93.87,,/glac/planyourvisit/shuttle-service-20...
/topoview/,5517,ngmdb.usgs.gov,,,4874,93.87,,/topoview/
/ords/pesticides/f,5517,ordspub.epa.gov,,,4875,93.87,,/ords/pesticides/f
/12768017/,5517,pubmed.ncbi.nlm.nih.gov,,,4876,93.88,,/12768017/
/loan-simulator/repayment/results/compare/side-by-side,5517,studentaid.gov,,,4877,93.88,,/loan-simulator/repayment/results/comp...
/who-can-vote,5517,usa.gov,,,4878,93.88,,/who-can-vote
/apod/ap251001.html,5517,apod.nasa.gov,,,4879,93.88,,/apod/ap251001.html
/ooh/entertainment-and-sports/home.htm,5517,bls.gov,,,4880,93.89,,/ooh/entertainment-and-sports/home.htm
/types,5517,cancer.gov,,,4881,93.89,,/types
/lyme/signs-symptoms/lyme-disease-rashes.html,5517,cdc.gov,,,4882,93.89,,/lyme/signs-symptoms/lyme-disease-rash...
/es/residencia-permanente-tarjeta-verde,5517,uscis.gov,,,4883,93.89,,/es/residencia-permanente-tarjeta-verd...
/brazil/,5517,usembassy.gov,,,4884,93.89,,/brazil/
/family-and-caregiver-benefits/health-and-disability/champva/apply-form-10-10d/,5517,va.gov,,,4885,93.9,,/family-and-caregiver-benefits/health-...
/stli/planyourvisit/visit-the-crown.htm,5483,nps.gov,,,4886,93.9,,/stli/planyourvisit/visit-the-crown.ht...
/ringworm/treatment/index.html,5483,cdc.gov,,,4887,93.9,,/ringworm/treatment/index.html
/tobacco/e-cigarettes/youth.html,5483,cdc.gov,,,4888,93.9,,/tobacco/e-cigarettes/youth.html
/iv/,5483,ceac.state.gov,,,4889,93.9,,/iv/
/searchUnpaid,5483,esta.cbp.dhs.gov,,,4890,93.91,,/searchUnpaid
/growthcharts/who-growth-charts.htm,5483,cdc.gov,,,4891,93.91,,/growthcharts/who-growth-charts.htm
/apod/ap251106.html,5483,apod.nasa.gov,,,4892,93.91,,/apod/ap251106.html
/apod/ap250704.html,5483,apod.nasa.gov,,,4893,93.91,,/apod/ap250704.html
/es-mx/niv/reset,5483,ais.usvisa-info.com,,,4894,93.91,,/es-mx/niv/reset
/forms-pubs/about-form-2553,5483,irs.gov,,,4895,93.92,,/forms-pubs/about-form-2553
/newsroom/529-plans-questions-and-answers,5483,irs.gov,,,4896,93.92,,/newsroom/529-plans-questions-and-answ...
/zh-hans/prior-year-forms-and-instructions,5483,irs.gov,,,4897,93.92,,/zh-hans/prior-year-forms-and-instruct...
/havo/learn/photosmultimedia/webcams.htm,5483,nps.gov,,,4898,93.92,,/havo/learn/photosmultimedia/webcams.h...
/content/travel/en/replace-certify-docs/authenticate-your-document/apostille-requirements.html,5483,travel.state.gov,,,4899,93.93,,/content/travel/en/replace-certify-doc...
/vpv404/specials/your-name-in-,5483,science.nasa.gov,,,4900,93.93,,/vpv404/specials/your-name-in-
/articles/pmc4268074/,5483,pmc.ncbi.nlm.nih.gov,,,4901,93.93,,/articles/pmc4268074/
/tools/tool-selection,5483,www.benefeds.gov,,,4902,93.93,,/tools/tool-selection
/es/site-index-search,5483,irs.gov,,,4903,93.93,,/es/site-index-search
/businesses/small-businesses-self-employed/s-corporations,5483,irs.gov,,,4904,93.94,,/businesses/small-businesses-self-empl...
/dashboard/application,5483,flag.dol.gov,,,4905,93.94,,/dashboard/application
/history/cases-and-criminals,5483,fbi.gov,,,4906,93.94,,/history/cases-and-criminals
/green-card/green-card-eligibility/green-card-for-immediate-relatives-of-us-citizen,5483,uscis.gov,,,4907,93.94,,/green-card/green-card-eligibility/gre...
/tbw/,5483,weather.gov,,,4908,93.94,,/tbw/
/citizenship/learn-about-citizenship/the-naturalization-interview-and-test,5483,uscis.gov,,,4909,93.95,,/citizenship/learn-about-citizenship/t...
/careers-employment/vocational-rehabilitation/apply-vre-form-28-1900/moving-yes-no,5483,www.va.gov,,,4910,93.95,,/careers-employment/vocational-rehabil...
/disability/file-disability-claim-form-21-526ez/supporting-evidence/private-medical-records-upload,5483,www.va.gov,,,4911,93.95,,/disability/file-disability-claim-form...
/contact-us/ask-va/about-someone-else-relationship-veteran-or-family-member-education-3,5483,www.va.gov,,,4912,93.95,,/contact-us/ask-va/about-someone-else-...
/careers-employment/vocational-rehabilitation/apply-vre-form-28-1900/veteran-address,5483,www.va.gov,,,4913,93.95,,/careers-employment/vocational-rehabil...
/ccgg/trends/,5450,gml.noaa.gov,,,4914,93.96,,/ccgg/trends/
/maps-data/dataset/past-weather-zip-code-data-table,5450,climate.gov,,,4915,93.96,,/maps-data/dataset/past-weather-zip-co...
/act-early/milestones/4-months.html,5450,cdc.gov,,,4916,93.96,,/act-early/milestones/4-months.html
/act-early/milestones/2-months.html,5450,cdc.gov,,,4917,93.96,,/act-early/milestones/2-months.html
/s/career-paths/usbp/bpa,5450,careers.cbp.gov,,,4918,93.97,,/s/career-paths/usbp/bpa
/en-ca/niv/information/announcements,5450,ais.usvisa-info.com,,,4919,93.97,,/en-ca/niv/information/announcements
/purchase/acct/dashboard/order/checkout,5450,dtops.cbp.dhs.gov,,,4920,93.97,,/purchase/acct/dashboard/order/checkou...
/remote-vdi/,5450,dla.mil,,,4921,93.97,,/remote-vdi/
/consumer-alerts/2022/10/how-recognize-fake-geek-squad-renewal-scam,5450,consumer.ftc.gov,,,4922,93.97,,/consumer-alerts/2022/10/how-recognize...
/16439664/,5450,pubmed.ncbi.nlm.nih.gov,,,4923,93.98,,/16439664/
/24619442/,5450,pubmed.ncbi.nlm.nih.gov,,,4924,93.98,,/24619442/
/blog/en/,5450,ssa.gov,,,4925,93.98,,/blog/en/
/forms-rules/forms/bankruptcy-forms,5450,uscourts.gov,,,4926,93.98,,/forms-rules/forms/bankruptcy-forms
/policy-data-oversight/pay-leave/salaries-wages/2024/general-schedule,5450,opm.gov,,,4927,93.98,,/policy-data-oversight/pay-leave/salar...
/articles/pmc2883963/,5450,pmc.ncbi.nlm.nih.gov,,,4928,93.99,,/articles/pmc2883963/
/articles/pmc33342/,5450,pmc.ncbi.nlm.nih.gov,,,4929,93.99,,/articles/pmc33342/
/articles/pmc7785056/,5450,pmc.ncbi.nlm.nih.gov,,,4930,93.99,,/articles/pmc7785056/
/healthcare-insurance/healthcare/plan-information/plans/,5450,opm.gov,,,4931,93.99,,/healthcare-insurance/healthcare/plan-...
/chis/index.htm,5450,nps.gov,,,4932,93.99,,/chis/index.htm
/health/topics/caring-for-your-mental-health,5450,nimh.nih.gov,,,4933,94.0,,/health/topics/caring-for-your-mental-...
/spanish/ency/article/000686.htm,5450,medlineplus.gov,,,4934,94.0,,/spanish/ency/article/000686.htm
/apod/ap251023.html,5450,apod.nasa.gov,,,4935,94.0,,/apod/ap251023.html
/apod/ap250907.html,5450,apod.nasa.gov,,,4936,94.0,,/apod/ap250907.html
/enterprise,5450,army.mil,,,4937,94.0,,/enterprise
/my-health/medical-records/vaccines,5450,www.va.gov,,,4938,94.01,,/my-health/medical-records/vaccines
/decision-reviews/supplemental-claim/file-supplemental-claim-form-20-0995/,5450,va.gov,,,4939,94.01,,/decision-reviews/supplemental-claim/f...
/life-insurance/options-eligibility/sgli/,5450,va.gov,,,4940,94.01,,/life-insurance/options-eligibility/sg...
/ama/,5450,weather.gov,,,4941,94.01,,/ama/
/faqs/irs-procedures/refund-inquiries/refund-inquiries-0,5450,irs.gov,,,4942,94.02,,/faqs/irs-procedures/refund-inquiries/...
/forms-pubs/about-form-3911,5450,irs.gov,,,4943,94.02,,/forms-pubs/about-form-3911
/forms-pubs/about-form-1023-ez,5450,irs.gov,,,4944,94.02,,/forms-pubs/about-form-1023-ez
/forms-pubs/about-form-1023,5450,irs.gov,,,4945,94.02,,/forms-pubs/about-form-1023
/ctp/,5450,weather.gov,,,4946,94.02,,/ctp/
/ooh/protective-service/police-and-detectives.htm,5417,bls.gov,,,4947,94.03,,/ooh/protective-service/police-and-det...
/apod/ap250808.html,5417,apod.nasa.gov,,,4948,94.03,,/apod/ap250808.html
/es-hn/niv/users/sign_in,5417,ais.usvisa-info.com,,,4949,94.03,,/es-hn/niv/users/sign_in
/medicare/coding-billing/place-of-service-codes/code-sets,5417,cms.gov,,,4950,94.03,,/medicare/coding-billing/place-of-serv...
/localhelp/local-help.aspx,5417,careeronestop.org,,,4951,94.03,,/localhelp/local-help.aspx
/programs-surveys/aies.html,5417,census.gov,,,4952,94.04,,/programs-surveys/aies.html
/data-research/cms-information-technology/hipaa-eligibility-transaction-system,5417,cms.gov,,,4953,94.04,,/data-research/cms-information-technol...
/job/866568300,5417,usajobs.gov,,,4954,94.04,,/job/866568300
/articles/pmc8559459/,5417,pmc.ncbi.nlm.nih.gov,,,4955,94.04,,/articles/pmc8559459/
/preguntele-a-carla/presion-arterial-alta-que-significa-y-que-hacer-al-respecto,5417,salud.nih.gov,,,4956,94.04,,/preguntele-a-carla/presion-arterial-a...
/content/exclusions,5417,sam.gov,,,4957,94.05,,/content/exclusions
/mission/voyager/voyager-1/,5417,science.nasa.gov,,,4958,94.05,,/mission/voyager/voyager-1/
/recent-actions/20260501,5417,ofac.treasury.gov,,,4959,94.05,,/recent-actions/20260501
/retirement-center/apply/retirement-processing-times/,5417,opm.gov,,,4960,94.05,,/retirement-center/apply/retirement-pr...
/laws-regs/regulations/standardnumber/1910/1910.1030,5417,osha.gov,,,4961,94.05,,/laws-regs/regulations/standardnumber/...
/articles/pmc1304162/,5417,pmc.ncbi.nlm.nih.gov,,,4962,94.06,,/articles/pmc1304162/
/yose/planyourvisit/campgrounds.htm,5417,nps.gov,,,4963,94.06,,/yose/planyourvisit/campgrounds.htm
/civilwar/search-battle-units-detail.htm,5417,nps.gov,,,4964,94.06,,/civilwar/search-battle-units-detail.h...
/health/menieres-disease,5417,nidcd.nih.gov,,,4965,94.06,,/health/menieres-disease
/research-topics/cannabis-marijuana,5417,nida.nih.gov,,,4966,94.06,,/research-topics/cannabis-marijuana
/es/payments/online-payment-agreement-application,5417,irs.gov,,,4967,94.07,,/es/payments/online-payment-agreement-...
/grants-process/write-application/forms-directory/biographical-sketch-common-form,5417,grants.nih.gov,,,4968,94.07,,/grants-process/write-application/form...
/print/manageapplications,5417,esta.cbp.dhs.gov,,,4969,94.07,,/print/manageapplications
/chart,5417,data.census.gov,,,4970,94.07,,/chart
/state-election-office,5417,usa.gov,,,4971,94.08,,/state-election-office
/housing-assistance/home-loans/check-coe-status/your-coe/,5417,va.gov,,,4972,94.08,,/housing-assistance/home-loans/check-c...
/gld/,5417,weather.gov,,,4973,94.08,,/gld/
/reporthousingdiscrimination,5417,www.hud.gov,,,4974,94.08,,/reporthousingdiscrimination
/newsroom/one-big-beautiful-bill-act-tax-deductions-for-working-americans-and-seniors,5417,irs.gov,,,4975,94.08,,/newsroom/one-big-beautiful-bill-act-t...
/health-drug-plans/part-d/basics/costs,5417,medicare.gov,,,4976,94.09,,/health-drug-plans/part-d/basics/costs
/datasets/gene/,5417,ncbi.nlm.nih.gov,,,4977,94.09,,/datasets/gene/
/campaign/safercargov,5417,nhtsa.gov,,,4978,94.09,,/campaign/safercargov
/harmonized-system-hs-codes,5417,trade.gov,,,4979,94.09,,/harmonized-system-hs-codes
/tsa-precheck-locations,5417,tsaprecheckbytelos.tsa.dhs.gov,,,4980,94.09,,/tsa-precheck-locations
/bullying/effects,5417,stopbullying.gov,,,4981,94.1,,/bullying/effects
/apod/ap250820.html,5383,apod.nasa.gov,,,4982,94.1,,/apod/ap250820.html
/prepare/check-eligibility-for-benefits/questionnaire/kidney-failure,5383,www.ssa.gov,,,4983,94.1,,/prepare/check-eligibility-for-benefit...
/screener/sep/next-steps/loss-of-coverage/,5383,www.healthcare.gov,,,4984,94.1,,/screener/sep/next-steps/loss-of-cover...
/about-usda/news/press-releases,5383,usda.gov,,,4985,94.1,,/about-usda/news/press-releases
/forms/forms-updates,5383,uscis.gov,,,4986,94.11,,/forms/forms-updates
/measles/vaccines/index.html,5383,cdc.gov,,,4987,94.11,,/measles/vaccines/index.html
/apod/ap251104.html,5383,apod.nasa.gov,,,4988,94.11,,/apod/ap251104.html
/apod/ap251125.html,5383,apod.nasa.gov,,,4989,94.11,,/apod/ap251125.html
/ooh/education-training-and-library/high-school-teachers.htm,5383,bls.gov,,,4990,94.11,,/ooh/education-training-and-library/hi...
/planyourvisit/senior-pass-changes.htm,5383,nps.gov,,,4991,94.12,,/planyourvisit/senior-pass-changes.htm
/4125211/,5383,pubmed.ncbi.nlm.nih.gov,,,4992,94.12,,/4125211/
/about-rd/offices/state-offices,5383,rd.usda.gov,,,4993,94.12,,/about-rd/offices/state-offices
/entreg/secure/informeddeliveryregistrationsuccessaction_input,5383,reg.usps.com,,,4994,94.12,,/entreg/secure/informeddeliveryregistr...
/state-motor-vehicle-services,5383,usa.gov,,,4995,94.12,,/state-motor-vehicle-services
/funds-individual/,5383,tsp.gov,,,4996,94.13,,/funds-individual/
/gringlobal/taxon/taxonomygenus,5383,training.ars-grin.gov,,,4997,94.13,,/gringlobal/taxon/taxonomygenus
/loan-simulator/borrow-more/wizard/enrollment-info/current-or-future,5383,studentaid.gov,,,4998,94.13,,/loan-simulator/borrow-more/wizard/enr...
/apod/ap250803.html,5383,apod.nasa.gov,,,4999,94.13,,/apod/ap250803.html
/en-jm/niv/users/sign_in,5383,ais.usvisa-info.com,,,5000,94.14,,/en-jm/niv/users/sign_in
/resources/service-animals-faqs/,5383,ada.gov,,,5001,94.14,,/resources/service-animals-faqs/
/scripts/opdlisting/oopd/detailedindex.cfm,5383,accessdata.fda.gov,,,5002,94.14,,/scripts/opdlisting/oopd/detailedindex...
/cdx/loggedout,5383,cdx.epa.gov,,,5003,94.14,,/cdx/loggedout
/vaccines/index.html,5383,cdc.gov,,,5004,94.14,,/vaccines/index.html
/spanish/hiv.html,5383,medlineplus.gov,,,5005,94.15,,/spanish/hiv.html
/jupiter/jupiter-moons/,5350,science.nasa.gov,,,5006,94.15,,/jupiter/jupiter-moons/
/about-usda/news/press-releases/2026/05/07/usda-requires-snap-authorized-retailers-carry-more-real-food,5350,usda.gov,,,5007,94.15,,/about-usda/news/press-releases/2026/0...
/pqr/,5350,weather.gov,,,5008,94.15,,/pqr/
/careers-employment/vocational-rehabilitation/apply-vre-form-28-1900/confirmation,5350,www.va.gov,,,5009,94.15,,/careers-employment/vocational-rehabil...
/health-care/apply-for-health-care-form-10-10ez/veteran-information/birth-information,5350,www.va.gov,,,5010,94.16,,/health-care/apply-for-health-care-for...
/refugee-admissions-program-for-south-africans/,5350,za.usembassy.gov,,,5011,94.16,,/refugee-admissions-program-for-south-...
/document/bulletins/six-month-validity-update,5350,cbp.gov,,,5012,94.16,,/document/bulletins/six-month-validity...
/blastalign.cgi,5350,blast.ncbi.nlm.nih.gov,,,5013,94.16,,/blastalign.cgi
/apod/ap250713.html,5350,apod.nasa.gov,,,5014,94.16,,/apod/ap250713.html
/sender-info,5350,cfo.usps.com,,,5015,94.17,,/sender-info
/about/,5350,pubmed.ncbi.nlm.nih.gov,,,5016,94.17,,/about/
/34814375/,5350,pubmed.ncbi.nlm.nih.gov,,,5017,94.17,,/34814375/
/entreg/secure/editprofilepersonalaction_back,5350,reg.usps.com,,,5018,94.17,,/entreg/secure/editprofilepersonalacti...
/earth/explore/earth-indicators/ice-sheets/,5350,science.nasa.gov,,,5019,94.17,,/earth/explore/earth-indicators/ice-sh...
/__webgl/5/moon_lunar/,5350,solarsystem.nasa.gov,,,5020,94.18,,/__webgl/5/moon_lunar/
/disability/reporting,5350,ssa.gov,,,5021,94.18,,/disability/reporting
/content/travel/en/us-visas/immigrate/the-immigrant-visa-process/step-5-collect-financial-evidence-and-other-supporting-documents.html,5350,travel.state.gov,,,5022,94.18,,/content/travel/en/us-visas/immigrate/...
/articles/how-block-unwanted-calls,5350,consumer.ftc.gov,,,5023,94.18,,/articles/how-block-unwanted-calls
/transition-programs/transition-assistance-program/,5350,discover.va.gov,,,5024,94.18,,/transition-programs/transition-assist...
/payment/success,5350,dtops.cbp.dhs.gov,,,5025,94.19,,/payment/success
/image-detail/hubble-ngc3137-potm2604a/,5350,nasa.gov,,,5026,94.19,,/image-detail/hubble-ngc3137-potm2604a...
/seki/planyourvisit/conditions.htm,5350,nps.gov,,,5027,94.19,,/seki/planyourvisit/conditions.htm
/media/photo/view.htm,5350,nps.gov,,,5028,94.19,,/media/photo/view.htm
/health/publications/borderline-personality-disorder,5350,nimh.nih.gov,,,5029,94.19,,/health/publications/borderline-person...
/nlmcatalog/journals/,5350,ncbi.nlm.nih.gov,,,5030,94.2,,/nlmcatalog/journals/
/25545022/,5350,pubmed.ncbi.nlm.nih.gov,,,5031,94.2,,/25545022/
/articles/pmc7998865/,5350,pmc.ncbi.nlm.nih.gov,,,5032,94.2,,/articles/pmc7998865/
/factsheets/omega3fattyacids-healthprofessional/,5350,ods.od.nih.gov,,,5033,94.2,,/factsheets/omega3fattyacids-healthpro...
/yell/planyourvisit/operating-dates.htm,5350,nps.gov,,,5034,94.2,,/yell/planyourvisit/operating-dates.ht...
/join-the-fight/,5316,war.gov,,,5035,94.21,,/join-the-fight/
/charts/consumer-price-index/consumer-price-index-by-category-line-chart.htm,5316,bls.gov,,,5036,94.21,,/charts/consumer-price-index/consumer-...
/disability/file-disability-claim-form-21-526ez/new-disabilities/follow-up/3,5316,www.va.gov,,,5037,94.21,,/disability/file-disability-claim-form...
/apod/ap251112.html,5316,apod.nasa.gov,,,5038,94.21,,/apod/ap251112.html
/prepare/check-eligibility-for-benefits/questionnaire/parents-essentials-benefits,5316,www.ssa.gov,,,5039,94.21,,/prepare/check-eligibility-for-benefit...
/pract/selfquerybasics.jsp,5316,www.npdb.hrsa.gov,,,5040,94.22,,/pract/selfquerybasics.jsp
/hfo/srf,5316,weather.gov,,,5041,94.22,,/hfo/srf
/decision-reviews/supplemental-claim/file-supplemental-claim-form-20-0995/contestable-issues,5316,www.va.gov,,,5042,94.22,,/decision-reviews/supplemental-claim/f...
/articles/pmc9003637/,5316,pmc.ncbi.nlm.nih.gov,,,5043,94.22,,/articles/pmc9003637/
/communitycare/providers/care-coordination.asp,5316,va.gov,,,5044,94.22,,/communitycare/providers/care-coordina...
/articles/pmc3714885/,5316,pmc.ncbi.nlm.nih.gov,,,5045,94.23,,/articles/pmc3714885/
/kids/earth/what-is-climate-change/,5316,science.nasa.gov,,,5046,94.23,,/kids/earth/what-is-climate-change/
/endorser-addendum/,5316,studentaid.gov,,,5047,94.23,,/endorser-addendum/
/tsp/mmg/mmgdetails.aspx,5316,wwwn.cdc.gov,,,5048,94.23,,/tsp/mmg/mmgdetails.aspx
/money,5316,usa.gov,,,5049,94.24,,/money
/careers-employment/vocational-rehabilitation/how-to-apply/,5316,va.gov,,,5050,94.24,,/careers-employment/vocational-rehabil...
/apod/ap250903.html,5316,apod.nasa.gov,,,5051,94.24,,/apod/ap250903.html
/en-kz/niv,5316,ais.usvisa-info.com,,,5052,94.24,,/en-kz/niv
/apod/ap250904.html,5316,apod.nasa.gov,,,5053,94.24,,/apod/ap250904.html
/ceslite/displaydataentry,5316,cesdata.bls.gov,,,5054,94.25,,/ceslite/displaydataentry
/wic/eligibility-tool,5316,fns.usda.gov,,,5055,94.25,,/wic/eligibility-tool
/data-research/cms-information-technology/hipaa-eligibility-transaction-system/how-to-get-connected,5316,cms.gov,,,5056,94.25,,/data-research/cms-information-technol...
/facilities/facility-search/results,5316,echo.epa.gov,,,5057,94.25,,/facilities/facility-search/results
/data/eeo-data-collections,5316,eeoc.gov,,,5058,94.25,,/data/eeo-data-collections
/tin/itin/how-to-apply-for-an-itin,5316,irs.gov,,,5059,94.26,,/tin/itin/how-to-apply-for-an-itin
/ds/error/http_error,5316,gsaadvantage.gov,,,5060,94.26,,/ds/error/http_error
/enforcement/refunds,5316,ftc.gov,,,5061,94.26,,/enforcement/refunds
/eoir/list-of-currently-disciplined-practitioners,5316,justice.gov,,,5062,94.26,,/eoir/list-of-currently-disciplined-pr...
/disability/professionals/bluebook/13.00-neoplasticdiseases-malignant-adult.htm,5316,ssa.gov,,,5063,94.26,,/disability/professionals/bluebook/13....
/hantavirus/hcp/training/index.html,5316,cdc.gov,,,5064,94.27,,/hantavirus/hcp/training/index.html
/resources/prepare-for-college/checklists,5316,studentaid.gov,,,5065,94.27,,/resources/prepare-for-college/checkli...
/tsp-loans/,5316,tsp.gov,,,5066,94.27,,/tsp-loans/
/health-information/disorders/functional-neurologic-disorder,5316,ninds.nih.gov,,,5067,94.27,,/health-information/disorders/function...
/es/recalls,5316,nhtsa.gov,,,5068,94.27,,/es/recalls
/genetics/,5316,medlineplus.gov,,,5069,94.28,,/genetics/
/training/,5316,cdse.edu,,,5070,94.28,,/training/
/pass.htm,5283,everykidoutdoors.gov,,,5071,94.28,,/pass.htm
/earthquakes/eventpage/ci41459312/executive,5283,earthquake.usgs.gov,,,5072,94.28,,/earthquakes/eventpage/ci41459312/exec...
/dfas/askdfas/,5283,dfas.mil,,,5073,94.28,,/dfas/askdfas/
/s/job,5283,careers.bop.gov,,,5074,94.29,,/s/job
/gdv/browser/genome/,5283,ncbi.nlm.nih.gov,,,5075,94.29,,/gdv/browser/genome/
/portal/availabilitysearch,5283,msc.fema.gov,,,5076,94.29,,/portal/availabilitysearch
/basics/get-started-with-medicare/get-more-coverage/joining-a-plan/special-enrollment-periods,5283,medicare.gov,,,5077,94.29,,/basics/get-started-with-medicare/get-...
/forms-library,5283,gsa.gov,,,5078,94.29,,/forms-library
/retirement-center/my-annuity-and-benefits/services-online/,5283,opm.gov,,,5079,94.3,,/retirement-center/my-annuity-and-bene...
/policy-data-oversight/classification-qualifications/classifying-general-schedule-positions/,5283,opm.gov,,,5080,94.3,,/policy-data-oversight/classification-...
/factsheets/ashwagandha-datosenespanol/,5283,ods.od.nih.gov,,,5081,94.3,,/factsheets/ashwagandha-datosenespanol...
/search-nimh,5283,nimh.nih.gov,,,5082,94.3,,/search-nimh
/en-es/niv,5283,ais.usvisa-info.com,,,5083,94.3,,/en-es/niv
/family-and-caregiver-benefits/education-and-careers/apply-for-dea-fry-form-22-5490/contact-information,5283,www.va.gov,,,5084,94.31,,/family-and-caregiver-benefits/educati...
/decision-reviews/supplemental-claim/file-supplemental-claim-form-20-0995/veteran-information,5283,www.va.gov,,,5085,94.31,,/decision-reviews/supplemental-claim/f...
/resources/verifying-your-identity-on-vagov/,5283,va.gov,,,5086,94.31,,/resources/verifying-your-identity-on-...
/de/en/nonimmigrant-visa,5283,ustraveldocs.com,,,5087,94.31,,/de/en/nonimmigrant-visa
/health/,5283,va.gov,,,5088,94.31,,/health/
/vpv404/root/global/server_responses/error_404.htm,5283,usps.com,,,5089,94.32,,/vpv404/root/global/server_responses/e...
/international/priority-mail-international.htm,5283,usps.com,,,5090,94.32,,/international/priority-mail-internati...
/experiences/attractions,5283,shadesofgreen.org,,,5091,94.32,,/experiences/attractions
/es/herramientas/como-verificar-el-estatus-de-su-caso-en-linea,5283,uscis.gov,,,5092,94.32,,/es/herramientas/como-verificar-el-est...
/travelers/,5283,state.gov,,,5093,94.32,,/travelers/
/about-ssa,5283,ssa.gov,,,5094,94.33,,/about-ssa
/station/kgyx/standard,5283,radar.weather.gov,,,5095,94.33,,/station/kgyx/standard
/earth/explore/,5283,science.nasa.gov,,,5096,94.33,,/earth/explore/
/ooh/home.htm,5283,bls.gov,,,5097,94.33,,/ooh/home.htm
/17915521/,5283,pubmed.ncbi.nlm.nih.gov,,,5098,94.33,,/17915521/
/14745705/,5249,pubmed.ncbi.nlm.nih.gov,,,5099,94.34,,/14745705/
/retirement-plans/plan-participant-employee/rollovers-of-retirement-plan-and-ira-distributions,5249,irs.gov,,,5100,94.34,,/retirement-plans/plan-participant-emp...
/21951639/,5249,pubmed.ncbi.nlm.nih.gov,,,5101,94.34,,/21951639/
/apod/ap260408.html,5249,apod.nasa.gov,,,5102,94.34,,/apod/ap260408.html
/apod/ap251015.html,5249,apod.nasa.gov,,,5103,94.34,,/apod/ap251015.html
/scripts/cder/rems/index.cfm,5249,accessdata.fda.gov,,,5104,94.35,,/scripts/cder/rems/index.cfm
/hantavirus/about/,5249,cdc.gov,,,5105,94.35,,/hantavirus/about/
/s/article/po-box-the-basics,5249,faq.usps.com,,,5106,94.35,,/s/article/po-box-the-basics
/document/support-table-size-standards,5249,sba.gov,,,5107,94.35,,/document/support-table-size-standards
/foia/,5249,ssa.gov,,,5108,94.35,,/foia/
/subs/,5249,submit.ncbi.nlm.nih.gov,,,5109,94.36,,/subs/
/dv-lottery-eligibility,5249,usa.gov,,,5110,94.36,,/dv-lottery-eligibility
/about,5249,studentaid.gov,,,5111,94.36,,/about
/manage-loans/default/get-out,5249,studentaid.gov,,,5112,94.36,,/manage-loans/default/get-out
/homeloans/appraiser_fee_schedule.asp,5249,benefits.va.gov,,,5113,94.36,,/homeloans/appraiser_fee_schedule.asp
/ooh/healthcare/diagnostic-medical-sonographers.htm,5249,bls.gov,,,5114,94.37,,/ooh/healthcare/diagnostic-medical-son...
/founding-docs/constitution,5249,archives.gov,,,5115,94.37,,/founding-docs/constitution
/gapps-web/gapps/viewdetail,5249,research.gov,,,5116,94.37,,/gapps-web/gapps/viewdetail
/23272213/,5249,pubmed.ncbi.nlm.nih.gov,,,5117,94.37,,/23272213/
/station/kpbz/standard,5249,radar.weather.gov,,,5118,94.37,,/station/kpbz/standard
/trademarks/apply/check-status-view-documents,5249,uspto.gov,,,5119,94.38,,/trademarks/apply/check-status-view-do...
/health-care/appointment-check-in/see-staff,5249,www.va.gov,,,5120,94.38,,/health-care/appointment-check-in/see-...
/mapview/,5249,ngmdb.usgs.gov,,,5121,94.38,,/mapview/
/articles/pmc3143498/,5249,pmc.ncbi.nlm.nih.gov,,,5122,94.38,,/articles/pmc3143498/
/energy/greenhouse-gas-equivalencies-calculator-calculations-and-references,5249,epa.gov,,,5123,94.38,,/energy/greenhouse-gas-equivalencies-c...
/shingles/hcp/vaccine-considerations/index.html,5249,cdc.gov,,,5124,94.39,,/shingles/hcp/vaccine-considerations/i...
/wanted/terrorism,5249,fbi.gov,,,5125,94.39,,/wanted/terrorism
/forms-pubs/about-form-9465,5249,irs.gov,,,5126,94.39,,/forms-pubs/about-form-9465
/credits-deductions/modified-adjusted-gross-income,5249,irs.gov,,,5127,94.39,,/credits-deductions/modified-adjusted-...
/wic,5249,fns.usda.gov,,,5128,94.39,,/wic
/apod/ap250805.html,5216,apod.nasa.gov,,,5129,94.4,,/apod/ap250805.html
/careers/career-opportunities/students-graduates.htm,5216,about.usps.com,,,5130,94.4,,/careers/career-opportunities/students...
/medicare/coding-billing/national-correct-coding-initiative-ncci-edits/medicare-ncci-procedure-procedure-ptp-edits,5216,cms.gov,,,5131,94.4,,/medicare/coding-billing/national-corr...
/newsroom/eeoc-sues-new-york-times-dei-related-race-and-sex-discrimination,5216,eeoc.gov,,,5132,94.4,,/newsroom/eeoc-sues-new-york-times-dei...
/programs-surveys/acs.html,5216,census.gov,,,5133,94.4,,/programs-surveys/acs.html
/apod/ap250721.html,5216,apod.nasa.gov,,,5134,94.41,,/apod/ap250721.html
/what/government-services/,5216,about.usps.com,,,5135,94.41,,/what/government-services/
/apod/ap251103.html,5216,apod.nasa.gov,,,5136,94.41,,/apod/ap251103.html
/health-care/apply-for-health-care-form-10-10ez/veteran-information/veteran-address,5216,www.va.gov,,,5137,94.41,,/health-care/apply-for-health-care-for...
/news/messages/messages-display/article/4479899/mandatory-completion-of-the-basic-artificial-intelligence-course/,5216,marines.mil,,,5138,94.41,,/news/messages/messages-display/articl...
/filerepo/reports,5216,mymarketnews.ams.usda.gov,,,5139,94.42,,/filerepo/reports
/mp/listing/search.do,5216,my.americorps.gov,,,5140,94.42,,/mp/listing/search.do
/family-and-caregiver-benefits/education-and-careers/apply-for-dea-fry-form-22-5490/contact-information/contact-method,5216,www.va.gov,,,5141,94.42,,/family-and-caregiver-benefits/educati...
/health-care/apply-for-health-care-form-10-10ez/veteran-information/contact-information,5216,www.va.gov,,,5142,94.42,,/health-care/apply-for-health-care-for...
/health-care/apply-for-health-care-form-10-10ez/veteran-information/demographic-information,5216,www.va.gov,,,5143,94.42,,/health-care/apply-for-health-care-for...
/about/contact-us,5216,ed.gov,,,5144,94.43,,/about/contact-us
/uas/recreational_flyers,5216,faa.gov,,,5145,94.43,,/uas/recreational_flyers
/atc-hiring,5216,faa.gov,,,5146,94.43,,/atc-hiring
/EVerifyPlus/login,5216,everify.uscis.gov,,,5147,94.43,,/EVerifyPlus/login
/es/web/colombia/home/news,5216,globe.gov,,,5148,94.43,,/es/web/colombia/home/news
/businesses/international-businesses/united-states-income-tax-treaties-a-to-z,5216,irs.gov,,,5149,94.44,,/businesses/international-businesses/u...
/glossary/federal-poverty-level-fpl/,5216,healthcare.gov,,,5150,94.44,,/glossary/federal-poverty-level-fpl/
/gpw/beginenrollment,5216,godirect.gov,,,5151,94.44,,/gpw/beginenrollment
/newsroom/irs-reminds-taxpayers-their-social-security-benefits-may-be-taxable,5216,irs.gov,,,5152,94.44,,/newsroom/irs-reminds-taxpayers-their-...
/hepatitis-b/hcp/vaccine-administration/index.html,5216,cdc.gov,,,5153,94.44,,/hepatitis-b/hcp/vaccine-administratio...
/act-early/milestones/3-years.html,5216,cdc.gov,,,5154,94.45,,/act-early/milestones/3-years.html
/calendar/event/23406,5216,bragg.armymwr.com,,,5155,94.45,,/calendar/event/23406
/news/releases/release/article/4477904/secretary-of-war-flag-officer-announcements-for-may-5-2026/,5216,war.gov,,,5156,94.45,,/news/releases/release/article/4477904...
/whats-on/explore-exhibits/atomic-bombing-hiroshima-and-nagasaki,5216,visit.archives.gov,,,5157,94.45,,/whats-on/explore-exhibits/atomic-bomb...
/burials-memorials/eligibility/,5216,va.gov,,,5158,94.45,,/burials-memorials/eligibility/
/emergency-pay-rent,5216,usa.gov,,,5159,94.46,,/emergency-pay-rent
/content/travel/en/traveladvisories/traveladvisories..html,5216,travel.state.gov,,,5160,94.46,,/content/travel/en/traveladvisories/tr...
/content/travel/en/international-travel/international-travel-country-information-pages/thailand.html,5216,travel.state.gov,,,5161,94.46,,/content/travel/en/international-trave...
/programs/government-travel-charge-card/cardholders/,5216,travel.dod.mil,,,5162,94.46,,/programs/government-travel-charge-car...
/seertools/seerrx/,5216,seer.cancer.gov,,,5163,94.46,,/seertools/seerrx/
/kids/earth/mission-biomes/biotemperate/,5216,science.nasa.gov,,,5164,94.47,,/kids/earth/mission-biomes/biotemperat...
/station/knqa/standard,5216,radar.weather.gov,,,5165,94.47,,/station/knqa/standard
/articles/pmc7505114/,5216,pmc.ncbi.nlm.nih.gov,,,5166,94.47,,/articles/pmc7505114/
/glac/planyourvisit/visiting-loganpass-2026.htm,5216,nps.gov,,,5167,94.47,,/glac/planyourvisit/visiting-loganpass...
/image-detail/amf-art002e000191/,5216,nasa.gov,,,5168,94.47,,/image-detail/amf-art002e000191/
/agencies/ebsa,5216,dol.gov,,,5169,94.48,,/agencies/ebsa
/forms-pubs/about-form-1099-nec,5182,irs.gov,,,5170,94.48,,/forms-pubs/about-form-1099-nec
/health-care/apply-for-health-care-form-10-10ez/veteran-information/maiden-name-information,5182,www.va.gov,,,5171,94.48,,/health-care/apply-for-health-care-for...
/retirement-plans/roth-iras,5182,irs.gov,,,5172,94.48,,/retirement-plans/roth-iras
/oact/babynames/decades/names1880s.html,5182,ssa.gov,,,5173,94.48,,/oact/babynames/decades/names1880s.htm...
/about/regions,5182,tricare.mil,,,5174,94.49,,/about/regions
/servlet/singlerpt/refrpt,5182,itis.gov,,,5175,94.49,,/servlet/singlerpt/refrpt
/procedure-price-lookup/,5182,medicare.gov,,,5176,94.49,,/procedure-price-lookup/
/about-shades-green/eligibility,5182,shadesofgreen.org,,,5177,94.49,,/about-shades-green/eligibility
/oncologytoolbox/canmed/hcpcs/,5182,seer.cancer.gov,,,5178,94.49,,/oncologytoolbox/canmed/hcpcs/
/national-small-business-week/virtual-summit,5182,sba.gov,,,5179,94.5,,/national-small-business-week/virtual-...
/myaccount/lp/landing-page-i3368-save-with-account.html,5182,ssa.gov,,,5180,94.5,,/myaccount/lp/landing-page-i3368-save-...
/job/868065700,5182,usajobs.gov,,,5181,94.5,,/job/868065700
/health-care/apply-for-health-care-form-10-10ez/veteran-information/birth-sex,5182,www.va.gov,,,5182,94.5,,/health-care/apply-for-health-care-for...
/prepare/check-eligibility-for-benefits/questionnaire/parents-death,5182,www.ssa.gov,,,5183,94.5,,/prepare/check-eligibility-for-benefit...
/family-and-caregiver-benefits/education-and-careers/apply-for-dea-fry-form-22-5490/veteran-or-service-member-information,5182,www.va.gov,,,5184,94.51,,/family-and-caregiver-benefits/educati...
/charities-non-profits/exempt-organization-types,5182,irs.gov,,,5185,94.51,,/charities-non-profits/exempt-organiza...
/search/compliance-search/results,5182,i94.cbp.dhs.gov,,,5186,94.51,,/search/compliance-search/results
/info-lost-or-stolen,5182,identitytheft.gov,,,5187,94.51,,/info-lost-or-stolen
/forms,5182,justice.gov,,,5188,94.51,,/forms
/health/statistics/mental-illness,5182,nimh.nih.gov,,,5189,94.52,,/health/statistics/mental-illness
/opa/pr/two-us-nationals-sentenced-facilitating-fraudulent-remote-information-technology-worker-0,5182,justice.gov,,,5190,94.52,,/opa/pr/two-us-nationals-sentenced-fac...
/about-us/ywnjzxnzaw,5182,medicare.gov,,,5191,94.52,,/about-us/ywnjzxnzaw
/trade/automated/how-to-use-ace/portal-managing,5182,cbp.gov,,,5192,94.52,,/trade/automated/how-to-use-ace/portal...
/mfa/code,5182,ecomp.dol.gov,,,5193,94.52,,/mfa/code
/factsheets,5182,dea.gov,,,5194,94.53,,/factsheets
/advanced,5182,data.census.gov,,,5195,94.53,,/advanced
/news-events/events,5182,ftc.gov,,,5196,94.53,,/news-events/events
/businesses/order-paper-information-returns-and-employer-returns,5182,irs.gov,,,5197,94.53,,/businesses/order-paper-information-re...
/apod/ap250614.html,5182,apod.nasa.gov,,,5198,94.53,,/apod/ap250614.html
/apod/ap250628.html,5182,apod.nasa.gov,,,5199,94.54,,/apod/ap250628.html
/apod/ap250802.html,5182,apod.nasa.gov,,,5200,94.54,,/apod/ap250802.html
/Databreach,5182,www.identitytheft.gov,,,5201,94.54,,/Databreach
/s/login/,5149,stemgateway.nasa.gov,,,5202,94.54,,/s/login/
/fsa-id/account-update/update-password,5149,studentaid.gov,,,5203,94.54,,/fsa-id/account-update/update-password
/health-care/health-needs-conditions/mental-health/,5149,va.gov,,,5204,94.55,,/health-care/health-needs-conditions/m...
/education/benefit-rates/,5149,va.gov,,,5205,94.55,,/education/benefit-rates/
/costs/healthplancosts/primeoptions,5149,tricare.mil,,,5206,94.55,,/costs/healthplancosts/primeoptions
/store/product/vibrant-leaves-postcard-stamps-s_124104,5149,store.usps.com,,,5207,94.55,,/store/product/vibrant-leaves-postcard...
/17325361/,5149,pubmed.ncbi.nlm.nih.gov,,,5208,94.55,,/17325361/
/web/myhealthevet/home,5149,myhealth.va.gov,,,5209,94.56,,/web/myhealthevet/home
/include/faq.htm,5149,pptform.state.gov,,,5210,94.56,,/include/faq.htm
/subjects/gisandmapping/nps-maps.htm,5149,nps.gov,,,5211,94.56,,/subjects/gisandmapping/nps-maps.htm
/netdmr-web/public/welcome.htm,5149,netdmr.epa.gov,,,5212,94.56,,/netdmr-web/public/welcome.htm
/romo/planyourvisit/road_status.htm,5149,nps.gov,,,5213,94.56,,/romo/planyourvisit/road_status.htm
/oact/babynames/decades/names2000s.html,5149,ssa.gov,,,5214,94.57,,/oact/babynames/decades/names2000s.htm...
/family/amount,5149,ssa.gov,,,5215,94.57,,/family/amount
/38572751/,5149,pubmed.ncbi.nlm.nih.gov,,,5216,94.57,,/38572751/
/noca/index.htm,5149,nps.gov,,,5217,94.57,,/noca/index.htm
/neri/index.htm,5149,nps.gov,,,5218,94.57,,/neri/index.htm
/hale/index.htm,5149,nps.gov,,,5219,94.58,,/hale/index.htm
/scam/,5149,ssa.gov,,,5220,94.58,,/scam/
/ccg/research/genome-sequencing/tcga,5149,cancer.gov,,,5221,94.58,,/ccg/research/genome-sequencing/tcga
/apod/ap251110.html,5149,apod.nasa.gov,,,5222,94.58,,/apod/ap251110.html
/ooh/computer-and-information-technology/home.htm,5149,bls.gov,,,5223,94.58,,/ooh/computer-and-information-technolo...
/ooh/healthcare/veterinarians.htm,5149,bls.gov,,,5224,94.58,,/ooh/healthcare/veterinarians.htm
/zh/,5149,china.usembassy-china.org.cn,,,5225,94.59,,/zh/
/lab-tests/erythrocyte-sedimentation-rate-esr/,5149,medlineplus.gov,,,5226,94.59,,/lab-tests/erythrocyte-sedimentation-r...
/optn,5149,hrsa.gov,,,5227,94.59,,/optn
/en/international-travel/travel-advisories/venezuela.html,5149,travel.state.gov,,,5228,94.59,,/en/international-travel/travel-adviso...
/go/trackconfirmaction!execute.action,5149,tools.usps.com,,,5229,94.59,,/go/trackconfirmaction!execute.action
/family-and-caregiver-benefits/education-and-careers/apply-for-dea-fry-form-22-5490/contact-information/mailing-address,5149,www.va.gov,,,5230,94.6,,/family-and-caregiver-benefits/educati...
/tsp/phs/phs.aspx,5149,wwwn.cdc.gov,,,5231,94.6,,/tsp/phs/phs.aspx
/businesses/small-businesses-self-employed/power-of-attorney-and-other-authorizations,5149,irs.gov,,,5232,94.6,,/businesses/small-businesses-self-empl...
/wanted/murders/robert-william-fisher,5149,fbi.gov,,,5233,94.6,,/wanted/murders/robert-william-fisher
/ticks/about/where-ticks-live.html,5149,cdc.gov,,,5234,94.6,,/ticks/about/where-ticks-live.html
/birth-defects/about/down-syndrome.html,5149,cdc.gov,,,5235,94.61,,/birth-defects/about/down-syndrome.htm...
/national-terrorism-advisory-system,5149,dhs.gov,,,5236,94.61,,/national-terrorism-advisory-system
/general/topic/unemployment-insurance,5149,dol.gov,,,5237,94.61,,/general/topic/unemployment-insurance
/wanted/cac,5149,fbi.gov,,,5238,94.61,,/wanted/cac
/resources/statutes-and-regulations/cdd-rule-faqs,5149,fincen.gov,,,5239,94.61,,/resources/statutes-and-regulations/cd...
/travel/trusted-traveler-programs/global-entry/card,5116,cbp.gov,,,5240,94.62,,/travel/trusted-traveler-programs/glob...
/station/kdvn/standard,5116,radar.weather.gov,,,5241,94.62,,/station/kdvn/standard
/apod/ap251016.html,5116,apod.nasa.gov,,,5242,94.62,,/apod/ap251016.html
/ooh/life-physical-and-social-science/zoologists-and-wildlife-biologists.htm,5116,bls.gov,,,5243,94.62,,/ooh/life-physical-and-social-science/...
/localhelp/americanjobcenters/find-american-job-centers-details.aspx,5116,careeronestop.org,,,5244,94.62,,/localhelp/americanjobcenters/find-ame...
/apod/ap250617.html,5116,apod.nasa.gov,,,5245,94.63,,/apod/ap250617.html
/otip/resource-library,5116,acf.gov,,,5246,94.63,,/otip/resource-library
/health-drug-plans/health-plans/your-health-plan-options,5116,medicare.gov,,,5247,94.63,,/health-drug-plans/health-plans/your-h...
/providers-services,5116,medicare.gov,,,5248,94.63,,/providers-services
/filing/file-an-extension-through-irs-free-file,5116,irs.gov,,,5249,94.63,,/filing/file-an-extension-through-irs-...
/en/appointment/v2/manage,5116,my.uscis.gov,,,5250,94.64,,/en/appointment/v2/manage
/basics/get-started-with-medicare/using-medicare,5116,medicare.gov,,,5251,94.64,,/basics/get-started-with-medicare/usin...
/birth-certificate,5116,usa.gov,,,5252,94.64,,/birth-certificate
/decision-reviews/supplemental-claim/file-supplemental-claim-form-20-0995/primary-phone-number,5116,www.va.gov,,,5253,94.64,,/decision-reviews/supplemental-claim/f...
/syphilis/about/index.html,5116,cdc.gov,,,5254,94.64,,/syphilis/about/index.html
/recalls/2026/iniu-recalls-power-banks-due-to-fire-and-burn-hazards-sold-on-amazon,5116,cpsc.gov,,,5255,94.65,,/recalls/2026/iniu-recalls-power-banks...
/resources/deposit-insurance/understanding-deposit-insurance,5116,fdic.gov,,,5256,94.65,,/resources/deposit-insurance/understan...
/en/international-travel/travel-advisories/canada.html,5116,travel.state.gov,,,5257,94.65,,/en/international-travel/travel-adviso...
/articles/pmc4058297/,5116,pmc.ncbi.nlm.nih.gov,,,5258,94.65,,/articles/pmc4058297/
/image-detail/amf-art002e012588/,5116,nasa.gov,,,5259,94.65,,/image-detail/amf-art002e012588/
/station/khtx/standard,5116,radar.weather.gov,,,5260,94.66,,/station/khtx/standard
/manage-loans/pslf-reconsideration,5116,studentaid.gov,,,5261,94.66,,/manage-loans/pslf-reconsideration
/fifa-world-cup-26,5116,state.gov,,,5262,94.66,,/fifa-world-cup-26
/mission/voyager/,5116,science.nasa.gov,,,5263,94.66,,/mission/voyager/
/allowances/overseas-housing-allowance/oha-rate-lookup/,5116,travel.dod.mil,,,5264,94.66,,/allowances/overseas-housing-allowance...
/apod/ap251020.html,5082,apod.nasa.gov,,,5265,94.67,,/apod/ap251020.html
/growthcharts/index.htm,5082,cdc.gov,,,5266,94.67,,/growthcharts/index.htm
/ooh/healthcare/nurse-anesthetists-nurse-midwives-and-nurse-practitioners.htm,5082,bls.gov,,,5267,94.67,,/ooh/healthcare/nurse-anesthetists-nur...
/productmaps/pubform/daform5001_6000.aspx,5082,armypubs.army.mil,,,5268,94.67,,/productmaps/pubform/daform5001_6000.a...
/es-ec/niv,5082,ais.usvisa-info.com,,,5269,94.67,,/es-ec/niv
/apod/ap250509.html,5082,apod.nasa.gov,,,5270,94.68,,/apod/ap250509.html
/en-co/niv/users/sign_in,5082,ais.usvisa-info.com,,,5271,94.68,,/en-co/niv/users/sign_in
/agencies/ebsa/employers-and-advisers/plan-administration-and-compliance/reporting-and-filing/form-5500,5082,dol.gov,,,5272,94.68,,/agencies/ebsa/employers-and-advisers/...
/basics/get-started-with-medicare/whats-next,5082,medicare.gov,,,5273,94.68,,/basics/get-started-with-medicare/what...
/s/article/No-Mail-Delivery,5082,faq.usps.com,,,5274,94.68,,/s/article/No-Mail-Delivery
/instructions/iw8ben,5082,irs.gov,,,5275,94.68,,/instructions/iw8ben
/about-us/contact-medicare,5082,medicare.gov,,,5276,94.69,,/about-us/contact-medicare
/careers-employment/your-vre-eligibility/,5082,va.gov,,,5277,94.69,,/careers-employment/your-vre-eligibili...
/patents/apply/forms,5082,uspto.gov,,,5278,94.69,,/patents/apply/forms
/yellow-book/hcp/preparing-international-travelers/yellow-fever-vaccine-and-malaria-prevention-information-by-country.html,5082,cdc.gov,,,5279,94.69,,/yellow-book/hcp/preparing-internation...
/image-detail/xraydot-illus-2/,5082,nasa.gov,,,5280,94.69,,/image-detail/xraydot-illus-2/
/disqualifying-offenses-factors,5082,tsa.gov,,,5281,94.7,,/disqualifying-offenses-factors
/contact-irs,5082,usa.gov,,,5282,94.7,,/contact-irs
/working-in-the-united-states/permanent-workers/employment-based-immigration-first-preference-eb-1,5082,uscis.gov,,,5283,94.7,,/working-in-the-united-states/permanen...
/coveredservices,5082,tricare.mil,,,5284,94.7,,/coveredservices
/canada/,5082,usembassy.gov,,,5285,94.7,,/canada/
/support/travel-assistance-center/,5082,travel.dod.mil,,,5286,94.71,,/support/travel-assistance-center/
/grants/ss4a,5082,transportation.gov,,,5287,94.71,,/grants/ss4a
/photojournal/,5082,science.nasa.gov,,,5288,94.71,,/photojournal/
/calculator/postcard,5082,postcalc.usps.com,,,5289,94.71,,/calculator/postcard
/health/topics/attention-deficit-hyperactivity-disorder-adhd,5082,nimh.nih.gov,,,5290,94.71,,/health/topics/attention-deficit-hyper...
/health/publications/adhd-what-you-need-to-know,5082,nimh.nih.gov,,,5291,94.72,,/health/publications/adhd-what-you-nee...
/portal/msep/jobs,5082,myseco.militaryonesource.mil,,,5292,94.72,,/portal/msep/jobs
/disability/review,5049,ssa.gov,,,5293,94.72,,/disability/review
/about/userguide/,5049,pmc.ncbi.nlm.nih.gov,,,5294,94.72,,/about/userguide/
/retirement-center/fers-information/types-of-retirement/,5049,opm.gov,,,5295,94.72,,/retirement-center/fers-information/ty...
/apod/ap250517.html,5049,apod.nasa.gov,,,5296,94.73,,/apod/ap250517.html
/charities-non-profits/tax-exempt-organization-search-bulk-data-downloads,5049,irs.gov,,,5297,94.73,,/charities-non-profits/tax-exempt-orga...
/credits-deductions/businesses,5049,irs.gov,,,5298,94.73,,/credits-deductions/businesses
/health/kids/games/brainteasers/rebus-puzzles,5049,niehs.nih.gov,,,5299,94.73,,/health/kids/games/brainteasers/rebus-...
/policy-issues/coronavirus/assistance-for-american-families-and-workers/economic-impact-payments,5049,home.treasury.gov,,,5300,94.73,,/policy-issues/coronavirus/assistance-...
/zion/planyourvisit/thenarrows.htm,5049,nps.gov,,,5301,94.74,,/zion/planyourvisit/thenarrows.htm
/disability/file-disability-claim-form-21-526ez/mental-health-form-0781/support,5049,www.va.gov,,,5302,94.74,,/disability/file-disability-claim-form...
/manage-dependents/add-remove-form-21-686c-674/options-selection,5049,www.va.gov,,,5303,94.74,,/manage-dependents/add-remove-form-21-...
/en/international-travel/travel-advisories/high-risk-areas.html,5049,travel.state.gov,,,5304,94.74,,/en/international-travel/travel-adviso...
/apod/ap250827.html,5049,apod.nasa.gov,,,5305,94.74,,/apod/ap250827.html
/ooh/healthcare/radiologic-technologists.htm,5049,bls.gov,,,5306,94.74,,/ooh/healthcare/radiologic-technologis...
/gibill/digital-engagement/employmentwebinars.asp,5049,benefits.va.gov,,,5307,94.75,,/gibill/digital-engagement/employmentw...
/apod/ap251002.html,5049,apod.nasa.gov,,,5308,94.75,,/apod/ap251002.html
/niosh/chemicals/about/index.html,5049,cdc.gov,,,5309,94.75,,/niosh/chemicals/about/index.html
/tax-form-1095/,5049,healthcare.gov,,,5310,94.75,,/tax-form-1095/
/enforcement/refunds/amazon-refunds,5049,ftc.gov,,,5311,94.75,,/enforcement/refunds/amazon-refunds
/es/node/145876,5049,dea.gov,,,5312,94.76,,/es/node/145876
/decision-reviews/supplemental-claim/file-supplemental-claim-form-20-0995/contact-information,5049,www.va.gov,,,5313,94.76,,/decision-reviews/supplemental-claim/f...
/content/travel/en/legal/visa-law0/visa-bulletin/2026/visa-bulletin-for-january-2026.html,5015,travel.state.gov,,,5314,94.76,,/content/travel/en/legal/visa-law0/vis...
/forms/filing-fees/additional-information-on-filing-a-fee-waiver,5015,uscis.gov,,,5315,94.76,,/forms/filing-fees/additional-informat...
/en/international-travel/travel-advisories/india.html,5015,travel.state.gov,,,5316,94.76,,/en/international-travel/travel-adviso...
/i-360,5015,uscis.gov,,,5317,94.77,,/i-360
/faqs/en/questions/ka-02471.html,5015,ssa.gov,,,5318,94.77,,/faqs/en/questions/ka-02471.html
/solar-system/asteroids/,5015,science.nasa.gov,,,5319,94.77,,/solar-system/asteroids/
/waterlevels.html,5015,tidesandcurrents.noaa.gov,,,5320,94.77,,/waterlevels.html
/iv/Common/AppError.aspx,5015,ceac.state.gov,,,5321,94.77,,/iv/Common/AppError.aspx
/importation/dogs/rabies-free-low-risk-countries.html,5015,cdc.gov,,,5322,94.78,,/importation/dogs/rabies-free-low-risk...
/conjunctivitis/treatment/index.html,5015,cdc.gov,,,5323,94.78,,/conjunctivitis/treatment/index.html
/ooh/entertainment-and-sports/athletes-and-sports-competitors.htm,5015,bls.gov,,,5324,94.78,,/ooh/entertainment-and-sports/athletes...
/milestone-documents/dred-scott-v-sandford,5015,archives.gov,,,5325,94.78,,/milestone-documents/dred-scott-v-sand...
/apod/ap250930.html,5015,apod.nasa.gov,,,5326,94.78,,/apod/ap250930.html
/apod/ap250727.html,5015,apod.nasa.gov,,,5327,94.79,,/apod/ap250727.html
/apod/ap250426.html,5015,apod.nasa.gov,,,5328,94.79,,/apod/ap250426.html
/amc-travel-site/terminals/conus-terminals/baltimore-washington-international-airport-passenger-terminal/,5015,amc.af.mil,,,5329,94.79,,/amc-travel-site/terminals/conus-termi...
/slc/,5015,weather.gov,,,5330,94.79,,/slc/
/hud-partners/single-family-lender-list,5015,www.hud.gov,,,5331,94.79,,/hud-partners/single-family-lender-lis...
/decision-reviews/supplemental-claim/file-supplemental-claim-form-20-0995/housing-risk,5015,www.va.gov,,,5332,94.79,,/decision-reviews/supplemental-claim/f...
/datasets/il/il2026/mtsp,5015,huduser.gov,,,5333,94.8,,/datasets/il/il2026/mtsp
/homeland-security-careers,5015,dhs.gov,,,5334,94.8,,/homeland-security-careers
/recipient-info,5015,cfo.usps.com,,,5335,94.8,,/recipient-info
/mars/send-your-name-to-mars/,5015,science.nasa.gov,,,5336,94.8,,/mars/send-your-name-to-mars/
/coverage/yearly-wellness-visits,5015,medicare.gov,,,5337,94.8,,/coverage/yearly-wellness-visits
/image-detail/amf-art002e012279/,5015,nasa.gov,,,5338,94.81,,/image-detail/amf-art002e012279/
/chcoc/published-memos/,5015,opm.gov,,,5339,94.81,,/chcoc/published-memos/
/3d-resources/,5015,science.nasa.gov,,,5340,94.81,,/3d-resources/
/criminal/criminal-ceos/citizens-guide-us-federal-law-child-pornography,5015,justice.gov,,,5341,94.81,,/criminal/criminal-ceos/citizens-guide...
/resources/modify-redelivery.htm,4982,tools.usps.com,,,5342,94.81,,/resources/modify-redelivery.htm
/bullying/what-is-bullying,4982,stopbullying.gov,,,5343,94.82,,/bullying/what-is-bullying
/goes/fulldisk_band.php,4982,star.nesdis.noaa.gov,,,5344,94.82,,/goes/fulldisk_band.php
/content/travel/en/us-visas/supplements/supplements_by_post/mnl-manila.html,4982,travel.state.gov,,,5345,94.82,,/content/travel/en/us-visas/supplement...
/substance-use/treatment/options/naltrexone,4982,samhsa.gov,,,5346,94.82,,/substance-use/treatment/options/naltr...
/station/kiwx/standard,4982,radar.weather.gov,,,5347,94.82,,/station/kiwx/standard
/region/southmissvly/standard,4982,radar.weather.gov,,,5348,94.83,,/region/southmissvly/standard
/mission/msl-curiosity/,4982,science.nasa.gov,,,5349,94.83,,/mission/msl-curiosity/
/help/verify-your-identity/issues-taking-a-photo-of-myself/,4982,login.gov,,,5350,94.83,,/help/verify-your-identity/issues-taki...
/history/alsj-and-afj/,4982,nasa.gov,,,5351,94.83,,/history/alsj-and-afj/
/articles/pmc11212722/,4982,pmc.ncbi.nlm.nih.gov,,,5352,94.83,,/articles/pmc11212722/
/preventive-care-adults/,4982,www.healthcare.gov,,,5353,94.83,,/preventive-care-adults/
/health-care/apply-for-health-care-form-10-10ez/military-service/toxic-exposure,4982,www.va.gov,,,5354,94.84,,/health-care/apply-for-health-care-for...
/apod/ap250505.html,4982,apod.nasa.gov,,,5355,94.84,,/apod/ap250505.html
/veterans/military-service-records/medical-records.html,4982,archives.gov,,,5356,94.84,,/veterans/military-service-records/med...
/GenNIV/Common/Thankyou.aspx,4982,ceac.state.gov,,,5357,94.84,,/GenNIV/Common/Thankyou.aspx
/hantavirus/toolkit/index.html,4982,cdc.gov,,,5358,94.84,,/hantavirus/toolkit/index.html
/en.html,4982,census.gov,,,5359,94.85,,/en.html
/quickfacts/fact/table/us/pst045224,4982,census.gov,,,5360,94.85,,/quickfacts/fact/table/us/pst045224
/oam/server/obrareq.cgi,4982,wamssoprd.epa.gov,,,5361,94.85,,/oam/server/obrareq.cgi
/contact/contact-forms,4982,tsa.gov,,,5362,94.85,,/contact/contact-forms
/in/en/payment-options,4982,ustraveldocs.com,,,5363,94.85,,/in/en/payment-options
/content/travel/en/us-visas/immigrate/diversity-visa-program-entry/diversity-visa-if-you-are-selected.html,4982,travel.state.gov,,,5364,94.86,,/content/travel/en/us-visas/immigrate/...
/maps-of-restricted-areas/,4982,mx.usembassy.gov,,,5365,94.86,,/maps-of-restricted-areas/
/image-detail/amf-art002e009571/,4982,nasa.gov,,,5366,94.86,,/image-detail/amf-art002e009571/
/guide/all/,4982,ncbi.nlm.nih.gov,,,5367,94.86,,/guide/all/
/wica/index.htm,4982,nps.gov,,,5368,94.86,,/wica/index.htm
/tax-professionals/enrolled-agents/become-an-enrolled-agent,4982,irs.gov,,,5369,94.87,,/tax-professionals/enrolled-agents/bec...
/outreach-and-education/mln/wbt/mln3995723-mlnpartscd/fwa/story.html,4982,cms.gov,,,5370,94.87,,/outreach-and-education/mln/wbt/mln399...
/legal-library/browse/statutes/fair-credit-reporting-act,4982,ftc.gov,,,5371,94.87,,/legal-library/browse/statutes/fair-cr...
/forms-pubs/order-products,4982,irs.gov,,,5372,94.87,,/forms-pubs/order-products
/schedule/2026/04_sched.htm,4948,bls.gov,,,5373,94.87,,/schedule/2026/04_sched.htm
/foreign-trade/schedules/b/index.html,4948,census.gov,,,5374,94.87,,/foreign-trade/schedules/b/index.html
/hpv/vaccines/index.html,4948,cdc.gov,,,5375,94.88,,/hpv/vaccines/index.html
/food-stamps,4948,usa.gov,,,5376,94.88,,/food-stamps
/apod/ap250818.html,4948,apod.nasa.gov,,,5377,94.88,,/apod/ap250818.html
/productmaps/pubform/adp.aspx,4948,armypubs.army.mil,,,5378,94.88,,/productmaps/pubform/adp.aspx
/apod/ap251029.html,4948,apod.nasa.gov,,,5379,94.88,,/apod/ap251029.html
/apod/ap250823.html,4948,apod.nasa.gov,,,5380,94.89,,/apod/ap250823.html
/apod/ap250718.html,4948,apod.nasa.gov,,,5381,94.89,,/apod/ap250718.html
/clientservices/hr_payroll/index.php,4948,nfc.usda.gov,,,5382,94.89,,/clientservices/hr_payroll/index.php
/grca/northrimstatus.htm,4948,nps.gov,,,5383,94.89,,/grca/northrimstatus.htm
/games/coin-flip,4948,kids.usmint.gov,,,5384,94.89,,/games/coin-flip
/poster,4948,eeoc.gov,,,5385,94.9,,/poster
/food/agricultural-biotechnology/gmo-crops-animal-food-and-beyond,4948,fda.gov,,,5386,94.9,,/food/agricultural-biotechnology/gmo-c...
/vi/downloads/irs-wd,4948,irs.gov,,,5387,94.9,,/vi/downloads/irs-wd
/agencies/eta/foreign-labor/performance,4948,dol.gov,,,5388,94.9,,/agencies/eta/foreign-labor/performanc...
/ffrr,4948,justice.gov,,,5389,94.9,,/ffrr
/act-early/milestones/,4948,cdc.gov,,,5390,94.91,,/act-early/milestones/
/allowances/overseas-housing-allowance/,4948,travel.dod.mil,,,5391,94.91,,/allowances/overseas-housing-allowance...
/disability/file-disability-claim-form-21-526ez/mental-health-form-0781/events,4948,www.va.gov,,,5392,94.91,,/disability/file-disability-claim-form...
/grte/planyourvisit/road-construction.htm,4948,nps.gov,,,5393,94.91,,/grte/planyourvisit/road-construction....
/wpc_ensemble_clusters/esa/view_esa.php,4948,wpc.ncep.noaa.gov,,,5394,94.91,,/wpc_ensemble_clusters/esa/view_esa.ph...
/disability/file-disability-claim-form-21-526ez/alternate-names,4948,www.va.gov,,,5395,94.91,,/disability/file-disability-claim-form...
/costs,4948,tricare.mil,,,5396,94.92,,/costs
/inde/planyourvisit/independencehall.htm,4948,nps.gov,,,5397,94.92,,/inde/planyourvisit/independencehall.h...
/exper/href/,4948,spc.noaa.gov,,,5398,94.92,,/exper/href/
/vpv404/directorate/division550/550-branches/,4915,etd.gsfc.nasa.gov,,,5399,94.92,,/vpv404/directorate/division550/550-br...
/cio/articles/vulnerability-disclosure-policy,4915,energy.gov,,,5400,94.92,,/cio/articles/vulnerability-disclosure...
/utility/contact,4915,home.treasury.gov,,,5401,94.93,,/utility/contact
/sevis,4915,ice.gov,,,5402,94.93,,/sevis
/businesses/small-businesses-self-employed/how-long-should-i-keep-records,4915,irs.gov,,,5403,94.93,,/businesses/small-businesses-self-empl...
/glac/planyourvisit/lodgingrestaurantsservices.htm,4915,nps.gov,,,5404,94.93,,/glac/planyourvisit/lodgingrestaurants...
/forms-pubs/about-form-4506,4915,irs.gov,,,5405,94.93,,/forms-pubs/about-form-4506
/articles/pmc5448394/,4915,pmc.ncbi.nlm.nih.gov,,,5406,94.94,,/articles/pmc5448394/
/entreg/secure/changepasswordaction_input,4915,reg.usps.com,,,5407,94.94,,/entreg/secure/changepasswordaction_in...
/menu/videos/,4915,spaceplace.nasa.gov,,,5408,94.94,,/menu/videos/
/disability/file-disability-claim-form-21-526ez/mental-health-form-0781/events-type,4915,www.va.gov,,,5409,94.94,,/disability/file-disability-claim-form...
/education/gi-bill-comparison-tool/licenses-certifications-and-prep-courses,4915,www.va.gov,,,5410,94.94,,/education/gi-bill-comparison-tool/lic...
/life-insurance/options-eligibility/,4915,va.gov,,,5411,94.94,,/life-insurance/options-eligibility/
/station/kinx/standard,4915,radar.weather.gov,,,5412,94.95,,/station/kinx/standard
/about-ssa/agency-resources,4915,ssa.gov,,,5413,94.95,,/about-ssa/agency-resources
/family-and-caregiver-benefits/survivor-compensation/dependency-indemnity-compensation/survivor-rates/,4915,va.gov,,,5414,94.95,,/family-and-caregiver-benefits/survivo...
/i-765-addresses,4915,uscis.gov,,,5415,94.95,,/i-765-addresses
/prepare/check-eligibility-for-benefits/questionnaire,4915,ssa.gov,,,5416,94.95,,/prepare/check-eligibility-for-benefit...
/ru/written-determinations,4915,irs.gov,,,5417,94.96,,/ru/written-determinations
/spanish/ency/article/003206.htm,4915,medlineplus.gov,,,5418,94.96,,/spanish/ency/article/003206.htm
/blogs/spacestation/2026/05/08/dna-inspired-cancer-research-vision-heart-and-psychology-tests-wrap-up-week/,4915,nasa.gov,,,5419,94.96,,/blogs/spacestation/2026/05/08/dna-ins...
/current/title-14,4915,ecfr.gov,,,5420,94.96,,/current/title-14
/geos-system-news/,4915,gmao.gsfc.nasa.gov,,,5421,94.96,,/geos-system-news/
/hazmat/packsafe,4915,faa.gov,,,5422,94.97,,/hazmat/packsafe
/laws/11682,4915,afdc.energy.gov,,,5423,94.97,,/laws/11682
/retirement-center/apply/online-retirement-application/,4915,opm.gov,,,5424,94.97,,/retirement-center/apply/online-retire...
/olym/planyourvisit/conditions.htm,4915,nps.gov,,,5425,94.97,,/olym/planyourvisit/conditions.htm
/apod/ap250825.html,4915,apod.nasa.gov,,,5426,94.97,,/apod/ap250825.html
/apod/ap250507.html,4915,apod.nasa.gov,,,5427,94.97,,/apod/ap250507.html
/apod/ap250816.html,4915,apod.nasa.gov,,,5428,94.98,,/apod/ap250816.html
/pefo/index.htm,4915,nps.gov,,,5429,94.98,,/pefo/index.htm
/interns-fellows/,4915,careers.state.gov,,,5430,94.98,,/interns-fellows/
/adhd/signs-symptoms/index.html,4915,cdc.gov,,,5431,94.98,,/adhd/signs-symptoms/index.html
/ooh/education-training-and-library/home.htm,4915,bls.gov,,,5432,94.98,,/ooh/education-training-and-library/ho...
/dissemination/search/,4882,app.fac.gov,,,5433,94.99,,/dissemination/search/
/apod/ap250621.html,4882,apod.nasa.gov,,,5434,94.99,,/apod/ap250621.html
/default.asp,4882,allowances.state.gov,,,5435,94.99,,/default.asp
/spanish/ency/article/000797.htm,4882,medlineplus.gov,,,5436,94.99,,/spanish/ency/article/000797.htm
/nalt-core/en/page/,4882,lod.nal.usda.gov,,,5437,94.99,,/nalt-core/en/page/
/ust/list-credit-counseling-agencies-approved-pursuant-11-usc-111,4882,justice.gov,,,5438,95.0,,/ust/list-credit-counseling-agencies-a...
/about-fda/office-inspections-and-investigations/oii-foia-electronic-reading-room,4882,fda.gov,,,5439,95.0,,/about-fda/office-inspections-and-inve...
/general/topic/retirement/erisa,4882,dol.gov,,,5440,95.0,,/general/topic/retirement/erisa
/dataquery/find,4882,data.bls.gov,,,5441,95.0,,/dataquery/find
/bmi/about/index.html,4882,cdc.gov,,,5442,95.0,,/bmi/about/index.html
/ooh/education-training-and-library/kindergarten-and-elementary-school-teachers.htm,4882,bls.gov,,,5443,95.0,,/ooh/education-training-and-library/ki...
/priority-mail/map/,4882,usps.com,,,5444,95.01,,/priority-mail/map/
/fulbright-foreign-student-program-announcement/,4882,bd.usembassy.gov,,,5445,95.01,,/fulbright-foreign-student-program-ann...
/trademarks/apply/trademark-electronic-application-system-teasi-online,4882,uspto.gov,,,5446,95.01,,/trademarks/apply/trademark-electronic...
/nwr/sites,4882,weather.gov,,,5447,95.01,,/nwr/sites
/es/nonimmigrant-visas/,4882,ar.usembassy.gov,,,5448,95.01,,/es/nonimmigrant-visas/
/articles/pmc3359788/,4882,pmc.ncbi.nlm.nih.gov,,,5449,95.02,,/articles/pmc3359788/
/public/search/agencyforms,4882,pay.gov,,,5450,95.02,,/public/search/agencyforms
/newsletters/,4882,nasa.gov,,,5451,95.02,,/newsletters/
/19464724/,4882,pubmed.ncbi.nlm.nih.gov,,,5452,95.02,,/19464724/
/ps/article,4882,privacyshield.gov,,,5453,95.02,,/ps/article
/articles/pmc4431977/,4882,pmc.ncbi.nlm.nih.gov,,,5454,95.03,,/articles/pmc4431977/
/far-overhaul/far-part-deviation-guide/far-overhaul-part-12,4882,acquisition.gov,,,5455,95.03,,/far-overhaul/far-part-deviation-guide...
/en-et/iv/users/sign_in,4882,ais.usvisa-info.com,,,5456,95.03,,/en-et/iv/users/sign_in
/all-about-pluto/en/,4882,spaceplace.nasa.gov,,,5457,95.03,,/all-about-pluto/en/
/oact/babynames/decades/names1990s.html,4882,ssa.gov,,,5458,95.03,,/oact/babynames/decades/names1990s.htm...
/releases/office-of-the-spokesperson/2026/05/passport-revocations-due-to-significant-child-support-debt,4882,state.gov,,,5459,95.03,,/releases/office-of-the-spokesperson/2...
/manage-loans/lower-payments/get-temporary-relief/forbearance,4882,studentaid.gov,,,5460,95.04,,/manage-loans/lower-payments/get-tempo...
/en/international-travel/living-abroad/birth.html,4882,travel.state.gov,,,5461,95.04,,/en/international-travel/living-abroad...
/job/860223900,4882,usajobs.gov,,,5462,95.04,,/job/860223900
/about-federal-courts/educational-resources/educational-activities/first-amendment-activities/tinker-v-des-moines/facts-and-case-summary-tinker-v-des-moines,4882,uscourts.gov,,,5463,95.04,,/about-federal-courts/educational-reso...
/international/letters.htm,4882,usps.com,,,5464,95.04,,/international/letters.htm
/kbarticle/,4848,support.nlm.nih.gov,,,5465,95.05,,/kbarticle/
/mora/planyourvisit/fees.htm,4848,nps.gov,,,5466,95.05,,/mora/planyourvisit/fees.htm
/articles/pmc10535526/,4848,pmc.ncbi.nlm.nih.gov,,,5467,95.05,,/articles/pmc10535526/
/20864995/,4848,pubmed.ncbi.nlm.nih.gov,,,5468,95.05,,/20864995/
/loan-simulator/repayment/results/application-details/EG,4848,studentaid.gov,,,5469,95.05,,/loan-simulator/repayment/results/appl...
/army/credential/index.html,4848,cool.osd.mil,,,5470,95.05,,/army/credential/index.html
/factsheets/ecstasy-or-mdma-also-known-molly,4848,dea.gov,,,5471,95.06,,/factsheets/ecstasy-or-mdma-also-known...
/products,4848,energystar.gov,,,5472,95.06,,/products
/s/article/certified-mail-the-basics,4848,faq.usps.com,,,5473,95.06,,/s/article/certified-mail-the-basics
/help/find-information-on-complex-tax-topics,4848,irs.gov,,,5474,95.06,,/help/find-information-on-complex-tax-...
/usao-sdfl/pr/titusville-teen-charged-adult-killing-stepsister-cruise-ship,4848,justice.gov,,,5475,95.06,,/usao-sdfl/pr/titusville-teen-charged-...
/providers-services/claims-appeals-complaints/claims,4848,medicare.gov,,,5476,95.07,,/providers-services/claims-appeals-com...
/encyclopedia.html,4848,medlineplus.gov,,,5477,95.07,,/encyclopedia.html
/my-profile,4848,www.benefeds.gov,,,5478,95.07,,/my-profile
/apod/ap250701.html,4848,apod.nasa.gov,,,5479,95.07,,/apod/ap250701.html
/careers/how-to-apply/exams.htm,4848,about.usps.com,,,5480,95.07,,/careers/how-to-apply/exams.htm
/hnx/,4848,weather.gov,,,5481,95.08,,/hnx/
/apod/ap251027.html,4848,apod.nasa.gov,,,5482,95.08,,/apod/ap251027.html
/apod/ap250810.html,4848,apod.nasa.gov,,,5483,95.08,,/apod/ap250810.html
/decision-reviews/supplemental-claim/file-supplemental-claim-form-20-0995/issue-summary,4848,www.va.gov,,,5484,95.08,,/decision-reviews/supplemental-claim/f...
/milestone-documents/15th-amendment,4848,archives.gov,,,5485,95.08,,/milestone-documents/15th-amendment
/in/en/collection-locations,4848,ustraveldocs.com,,,5486,95.08,,/in/en/collection-locations
/green-card/green-card-processes-and-procedures/visa-availability-priority-dates/when-to-file-your-adjustment-of-status-application-for-family-sponsored-or-employment-based-123,4848,uscis.gov,,,5487,95.09,,/green-card/green-card-processes-and-p...
/grad/solcalc/,4815,gml.noaa.gov,,,5488,95.09,,/grad/solcalc/
/geocoder/geographies/address,4815,geocoding.geo.census.gov,,,5489,95.09,,/geocoder/geographies/address
/coverage-outside-open-enrollment/special-enrollment-period/,4815,healthcare.gov,,,5490,95.09,,/coverage-outside-open-enrollment/spec...
/resources/lenders,4815,rd.usda.gov,,,5491,95.09,,/resources/lenders
/investing-strategies/roth-in-plan-conversions/,4815,tsp.gov,,,5492,95.1,,/investing-strategies/roth-in-plan-con...
/travel/frequently-asked-questions/how-will-i-know-when-my-tsa-precheckr-membership-expires,4815,tsa.gov,,,5493,95.1,,/travel/frequently-asked-questions/how...
/141691/va-offers-construction-loans-for-veterans-to-build-their-dream-homes/,4815,news.va.gov,,,5494,95.1,,/141691/va-offers-construction-loans-f...
/pinn/index.htm,4815,nps.gov,,,5495,95.1,,/pinn/index.htm
/cdo-web/,4815,ncei.noaa.gov,,,5496,95.1,,/cdo-web/
/lab-tests/tsh-thyroid-stimulating-hormone-test/,4815,medlineplus.gov,,,5497,95.1,,/lab-tests/tsh-thyroid-stimulating-hor...
/individuals/understanding-your-cp05-notice,4815,irs.gov,,,5498,95.11,,/individuals/understanding-your-cp05-n...
/retirement-center/calculators/federal-ball-park-estimator/bpfers.html,4815,opm.gov,,,5499,95.11,,/retirement-center/calculators/federal...
/articles/pmc8389760/,4815,pmc.ncbi.nlm.nih.gov,,,5500,95.11,,/articles/pmc8389760/
/articles/pmc10188400/,4815,pmc.ncbi.nlm.nih.gov,,,5501,95.11,,/articles/pmc10188400/
/store/product/harriet-powers-stamps-s_488104,4815,store.usps.com,,,5502,95.11,,/store/product/harriet-powers-stamps-s...
/fifa-world-cup-26-visas,4815,state.gov,,,5503,95.12,,/fifa-world-cup-26-visas
/en/international-travel/travel-advisories/ireland.html,4815,travel.state.gov,,,5504,95.12,,/en/international-travel/travel-adviso...
/help-center/answers/article/never-received-my-account-email-with-secure-code,4815,studentaid.gov,,,5505,95.12,,/help-center/answers/article/never-rec...
/vpv404/status,4815,ssa.gov,,,5506,95.12,,/vpv404/status
/business-guide/launch-your-business/register-your-business,4815,sba.gov,,,5507,95.12,,/business-guide/launch-your-business/r...
/video/moonbound-charting-the-course/,4815,plus.nasa.gov,,,5508,95.13,,/video/moonbound-charting-the-course/
/articles/pmc8953343/,4815,pmc.ncbi.nlm.nih.gov,,,5509,95.13,,/articles/pmc8953343/
/daca,4815,uscis.gov,,,5510,95.13,,/daca
/home-repair-programs,4815,usa.gov,,,5511,95.13,,/home-repair-programs
/tr/en/nonimmigrant-visa,4815,ustraveldocs.com,,,5512,95.13,,/tr/en/nonimmigrant-visa
/contact_details/ship-save-with-usps-ground-advantage/,4815,uspsdelivers.com,,,5513,95.13,,/contact_details/ship-save-with-usps-g...
/how-we-can-help-you/more-fbi-services-and-information/freedom-of-information-privacy-act/requesting-fbi-records,4815,fbi.gov,,,5514,95.14,,/how-we-can-help-you/more-fbi-services...
/tools/provider-opt-out-affidavits-look-up-tool,4815,data.cms.gov,,,5515,95.14,,/tools/provider-opt-out-affidavits-loo...
/start_game.htm,4815,everykidoutdoors.gov,,,5516,95.14,,/start_game.htm
/regulations_policies/pilot_records_database,4815,faa.gov,,,5517,95.14,,/regulations_policies/pilot_records_da...
/apod/ap250613.html,4815,apod.nasa.gov,,,5518,95.14,,/apod/ap250613.html
/apod/lib/about_apod.html,4815,apod.nasa.gov,,,5519,95.15,,/apod/lib/about_apod.html
/apod/ap250929.html,4815,apod.nasa.gov,,,5520,95.15,,/apod/ap250929.html
/ask-cfpb/how-do-i-negotiate-a-settlement-with-a-debt-collector-en-1447/,4815,consumerfinance.gov,,,5521,95.15,,/ask-cfpb/how-do-i-negotiate-a-settlem...
/GenNIV/general/complete/complete_personal.aspx,4815,ceac.state.gov,,,5522,95.15,,/GenNIV/general/complete/complete_pers...
/vaccines/hcp/current-vis/hepatitis-b.html,4815,cdc.gov,,,5523,95.15,,/vaccines/hcp/current-vis/hepatitis-b....
/act-early/milestones/9-months.html,4815,cdc.gov,,,5524,95.15,,/act-early/milestones/9-months.html
/trade/automated/how-to-use-ace/portal-introduction,4815,cbp.gov,,,5525,95.16,,/trade/automated/how-to-use-ace/portal...
/apod/ap250828.html,4815,apod.nasa.gov,,,5526,95.16,,/apod/ap250828.html
/taxtopics/tc510,4815,irs.gov,,,5527,95.16,,/taxtopics/tc510
/accessibility,4815,irs.gov,,,5528,95.16,,/accessibility
/apod/ap250415.html,4815,apod.nasa.gov,,,5529,95.16,,/apod/ap250415.html
/16007072/,4815,pubmed.ncbi.nlm.nih.gov,,,5530,95.17,,/16007072/
/types/prostate/psa-fact-sheet,4815,cancer.gov,,,5531,95.17,,/types/prostate/psa-fact-sheet
/Web920/location.asp,4781,allowances.state.gov,,,5532,95.17,,/Web920/location.asp
/apod/ap250531.html,4781,apod.nasa.gov,,,5533,95.17,,/apod/ap250531.html
/ship/shipping-restrictions.htm,4781,usps.com,,,5534,95.17,,/ship/shipping-restrictions.htm
/vacanteen/specialorder.asp,4781,vacanteen.va.gov,,,5535,95.17,,/vacanteen/specialorder.asp
/oamfed/idp/samlv20,4781,wamssoprd.epa.gov,,,5536,95.18,,/oamfed/idp/samlv20
/decision-reviews/supplemental-claim/file-supplemental-claim-form-20-0995/supporting-evidence/request-va-medical-records,4781,www.va.gov,,,5537,95.18,,/decision-reviews/supplemental-claim/f...
/manage-dependents/add-remove-form-21-686c-674/add-spouse/current-legal-name,4781,www.va.gov,,,5538,95.18,,/manage-dependents/add-remove-form-21-...
/uspstf/recommendation-topics/uspstf-a-and-b-recommendations,4781,uspreventiveservicestaskforce.org,,,5539,95.18,,/uspstf/recommendation-topics/uspstf-a...
/forms/downloading-and-printing-immigration-forms,4781,uscis.gov,,,5540,95.18,,/forms/downloading-and-printing-immigr...
/green-card/green-card-processes-and-procedures/affidavit-of-support,4781,uscis.gov,,,5541,95.19,,/green-card/green-card-processes-and-p...
/manage-loans/forgiveness-cancellation/public-service/temporary-expanded-public-service-loan-forgiveness,4781,studentaid.gov,,,5542,95.19,,/manage-loans/forgiveness-cancellation...
/initial-application/e-signature/review-and-sign,4781,trademarkcenter.uspto.gov,,,5543,95.19,,/initial-application/e-signature/revie...
/en/international-travel/travel-advisories/germany.html,4781,travel.state.gov,,,5544,95.19,,/en/international-travel/travel-adviso...
/precheck/schedule,4781,tsa.gov,,,5545,95.19,,/precheck/schedule
/job/866368000,4781,usajobs.gov,,,5546,95.19,,/job/866368000
/climo/reports/260506_rpts.html,4781,spc.noaa.gov,,,5547,95.2,,/climo/reports/260506_rpts.html
/store/product/priority-mail-medium-cube-shaped-box-p_o_box4,4781,store.usps.com,,,5548,95.2,,/store/product/priority-mail-medium-cu...
/store/product/love-2025-stamps-s_581804,4781,store.usps.com,,,5549,95.2,,/store/product/love-2025-stamps-s_5818...
/kids/earth/mission-biomes/biotundra/,4781,science.nasa.gov,,,5550,95.2,,/kids/earth/mission-biomes/biotundra/
/payments/failure-to-file-penalty,4781,irs.gov,,,5551,95.2,,/payments/failure-to-file-penalty
/first-time-bidder,4781,irsauctions.gov,,,5552,95.21,,/first-time-bidder
/edit-account/manage-2fa,4781,myaccount.uscis.gov,,,5553,95.21,,/edit-account/manage-2fa
/missions/artemis/nasa-welcomes-malta-as-newest-artemis-accords-signatory/,4781,nasa.gov,,,5554,95.21,,/missions/artemis/nasa-welcomes-malta-...
/non-delivery-option,4781,cfo.usps.com,,,5555,95.21,,/non-delivery-option
/item-entry,4781,cfo.usps.com,,,5556,95.21,,/item-entry
/tobacco/campaign/tips/quit-smoking/7-common-withdrawal-symptoms/index.html,4781,cdc.gov,,,5557,95.22,,/tobacco/campaign/tips/quit-smoking/7-...
/precipmaps.php,4781,cnrfc.noaa.gov,,,5558,95.22,,/precipmaps.php
/es/web/estonia/home/news,4781,globe.gov,,,5559,95.22,,/es/web/estonia/home/news
/how-we-can-help-you/more-fbi-services-and-information/ucr,4781,fbi.gov,,,5560,95.22,,/how-we-can-help-you/more-fbi-services...
/components/sequence/hcv/search/get_formatted_seq.comp,4781,hcv.lanl.gov,,,5561,95.22,,/components/sequence/hcv/search/get_fo...
/history/cases-and-criminals/kkk-series,4781,fbi.gov,,,5562,95.22,,/history/cases-and-criminals/kkk-serie...
/solar-system/planets/mars/nasa-pushes-next-gen-mars-helicopter-rotor-blades-past-mach-1/,4781,nasa.gov,,,5563,95.23,,/solar-system/planets/mars/nasa-pushes...
/hurricanes/,4781,coast.noaa.gov,,,5564,95.23,,/hurricanes/
/apex/f,4781,direct.fda.gov,,,5565,95.23,,/apex/f
/station/kshv/standard,4781,radar.weather.gov,,,5566,95.23,,/station/kshv/standard
/blogs/neo-surveyor/2026/05/05/nasas-next-gen-near-earth-asteroid-space-telescope-takes-shape/,4781,science.nasa.gov,,,5567,95.23,,/blogs/neo-surveyor/2026/05/05/nasas-n...
/articles/pmc5782610/,4781,pmc.ncbi.nlm.nih.gov,,,5568,95.24,,/articles/pmc5782610/
/forms-pubs/about-form-8832,4781,irs.gov,,,5569,95.24,,/forms-pubs/about-form-8832
/forms-pubs/about-form-8962,4781,irs.gov,,,5570,95.24,,/forms-pubs/about-form-8962
/articles/pmc4080480/,4781,pmc.ncbi.nlm.nih.gov,,,5571,95.24,,/articles/pmc4080480/
/18420793/,4781,pubmed.ncbi.nlm.nih.gov,,,5572,95.24,,/18420793/
/articles/pmc7923912/,4781,pmc.ncbi.nlm.nih.gov,,,5573,95.24,,/articles/pmc7923912/
/retirement-center/calculators/federal-ball-park-estimator/p1.html,4781,opm.gov,,,5574,95.25,,/retirement-center/calculators/federal...
/owcplogin/clientloginfactorservlet,4781,owcpconnect.dol.gov,,,5575,95.25,,/owcplogin/clientloginfactorservlet
/obamas/president-barack-obama,4781,obamalibrary.gov,,,5576,95.25,,/obamas/president-barack-obama
/acad/planyourvisit/camping.htm,4781,nps.gov,,,5577,95.25,,/acad/planyourvisit/camping.htm
/fs/,4781,careers.state.gov,,,5578,95.25,,/fs/
/schedule/2026/05_sched.htm,4781,bls.gov,,,5579,95.26,,/schedule/2026/05_sched.htm
/ooh/healthcare/physical-therapists.htm,4781,bls.gov,,,5580,95.26,,/ooh/healthcare/physical-therapists.ht...
/apod/ap250607.html,4781,apod.nasa.gov,,,5581,95.26,,/apod/ap250607.html
/help-search/results,4748,help.usajobs.gov,,,5582,95.26,,/help-search/results
/how-to/search,4748,help.usajobs.gov,,,5583,95.26,,/how-to/search
/news/releases/r-kelly-sentenced-30-years-prison,4748,ice.gov,,,5584,95.26,,/news/releases/r-kelly-sentenced-30-ye...
/es/downloads/irs-prior,4748,irs.gov,,,5585,95.27,,/es/downloads/irs-prior
/available-technologies,4748,techtransfer.cancer.gov,,,5586,95.27,,/available-technologies
/g-1,4748,army.mil,,,5587,95.27,,/g-1
/apod/ap250616.html,4748,apod.nasa.gov,,,5588,95.27,,/apod/ap250616.html
/scripts/483inspsearch/index.cfm,4748,accessdata.fda.gov,,,5589,95.27,,/scripts/483inspsearch/index.cfm
/employee/,4748,va.gov,,,5590,95.28,,/employee/
/job/867887000,4748,usajobs.gov,,,5591,95.28,,/job/867887000
/job/867659700,4748,usajobs.gov,,,5592,95.28,,/job/867659700
/elected-officials,4748,usa.gov,,,5593,95.28,,/elected-officials
/content/travel/en/us-visas/visa-information-resources/forms/online-immigrant-visa-forms/ds-260-faqs.html,4748,travel.state.gov,,,5594,95.28,,/content/travel/en/us-visas/visa-infor...
/articles/pmc7238909/,4748,pmc.ncbi.nlm.nih.gov,,,5595,95.28,,/articles/pmc7238909/
/loan-repayment/nhsc-loan-repayment-program,4748,nhsc.hrsa.gov,,,5596,95.29,,/loan-repayment/nhsc-loan-repayment-pr...
/project/edsitement,4748,neh.gov,,,5597,95.29,,/project/edsitement
/mora/planyourvisit/conditions.htm,4748,nps.gov,,,5598,95.29,,/mora/planyourvisit/conditions.htm
/air_traffic/flight_info/aeronav/procedures/application/,4748,faa.gov,,,5599,95.29,,/air_traffic/flight_info/aeronav/proce...
/acidrain/what-acid-rain,4748,epa.gov,,,5600,95.29,,/acidrain/what-acid-rain
/employees-job-applicants,4748,eeoc.gov,,,5601,95.3,,/employees-job-applicants
/commercial-sender,4748,cfo.usps.com,,,5602,95.3,,/commercial-sender
/disability/file-disability-claim-form-21-526ez/mental-health-form-0781/events-summary,4748,www.va.gov,,,5603,95.3,,/disability/file-disability-claim-form...
/decision-reviews/supplemental-claim/file-supplemental-claim-form-20-0995/supporting-evidence/will-add-supporting-evidence,4748,www.va.gov,,,5604,95.3,,/decision-reviews/supplemental-claim/f...
/gum/,4748,weather.gov,,,5605,95.3,,/gum/
/prepare/check-eligibility-for-benefits/questionnaire/parents-benefits,4748,www.ssa.gov,,,5606,95.3,,/prepare/check-eligibility-for-benefit...
/analysis_page,4748,portal.gdc.cancer.gov,,,5607,95.31,,/analysis_page
/station/ktlh/standard,4748,radar.weather.gov,,,5608,95.31,,/station/ktlh/standard
/decision-reviews/supplemental-claim/file-supplemental-claim-form-20-0995/supporting-evidence/private-medical-records,4748,www.va.gov,,,5609,95.31,,/decision-reviews/supplemental-claim/f...
/decision-reviews/supplemental-claim/file-supplemental-claim-form-20-0995/notice-of-evidence-needed,4748,www.va.gov,,,5610,95.31,,/decision-reviews/supplemental-claim/f...
/station/ktlx/standard,4748,radar.weather.gov,,,5611,95.31,,/station/ktlx/standard
/chemistry/fluid/,4748,webbook.nist.gov,,,5612,95.32,,/chemistry/fluid/
/spanish/ency/article/000914.htm,4748,medlineplus.gov,,,5613,95.32,,/spanish/ency/article/000914.htm
/ssi/text-apply-ussi.htm,4748,ssa.gov,,,5614,95.32,,/ssi/text-apply-ussi.htm
/benefits/retirement/planner/delayret.html,4748,ssa.gov,,,5615,95.32,,/benefits/retirement/planner/delayret....
/hlp/video/iclaim_r01.htm,4748,ssa.gov,,,5616,95.32,,/hlp/video/iclaim_r01.htm
/biosample/,4748,ncbi.nlm.nih.gov,,,5617,95.32,,/biosample/
/image-detail/amf-art002e012090/,4748,nasa.gov,,,5618,95.33,,/image-detail/amf-art002e012090/
/moving-pcs/plan-to-move/pcs-and-military-moves/,4748,militaryonesource.mil,,,5619,95.33,,/moving-pcs/plan-to-move/pcs-and-milit...
/support-services/culture-resilience/physical-readiness/guides/,4748,mynavyhr.navy.mil,,,5620,95.33,,/support-services/culture-resilience/p...
/drugs/resources-information-approved-drugs/fda-approves-vepdegestrant-er-positive-her2-negative-esr1-mutated-advanced-or-metastatic-breast,4714,fda.gov,,,5621,95.33,,/drugs/resources-information-approved-...
/data/disbursements/,4714,fec.gov,,,5622,95.33,,/data/disbursements/
/emergency-managers/nims,4714,fema.gov,,,5623,95.34,,/emergency-managers/nims
/apps/mars2020/,4714,eyes.nasa.gov,,,5624,95.34,,/apps/mars2020/
/decision-reviews/higher-level-review/,4714,va.gov,,,5625,95.34,,/decision-reviews/higher-level-review/
/glac/planyourvisit/basicinfo.htm,4714,nps.gov,,,5626,95.34,,/glac/planyourvisit/basicinfo.htm
/store/product/priority-mail-shoe-box-p_0_shoebox,4714,store.usps.com,,,5627,95.34,,/store/product/priority-mail-shoe-box-...
/admin/error500.htm,4714,ssa.gov,,,5628,95.34,,/admin/error500.htm
/military-health-topics/health-readiness/immunization-healthcare/immunization-tracking-systems,4714,health.mil,,,5629,95.35,,/military-health-topics/health-readine...
/gallery/moon-images/,4714,science.nasa.gov,,,5630,95.35,,/gallery/moon-images/
/disability/eligibility/hazardous-materials-exposure/agent-orange/,4714,va.gov,,,5631,95.35,,/disability/eligibility/hazardous-mate...
/gdv/browser/nucleotide/,4714,ncbi.nlm.nih.gov,,,5632,95.35,,/gdv/browser/nucleotide/
/health-topics/bone-mineral-density-tests-what-numbers-mean,4714,niams.nih.gov,,,5633,95.35,,/health-topics/bone-mineral-density-te...
/jetstream/atmosphere/layers-of-atmosphere,4714,noaa.gov,,,5634,95.35,,/jetstream/atmosphere/layers-of-atmosp...
/es/refunds/about-refunds,4714,irs.gov,,,5635,95.36,,/es/refunds/about-refunds
/charities-non-profits/annual-electronic-notice-form-990-n-for-small-organizations-faqs-how-to-file,4714,irs.gov,,,5636,95.36,,/charities-non-profits/annual-electron...
/newsroom/2021-recovery-rebate-credit-questions-and-answers,4714,irs.gov,,,5637,95.36,,/newsroom/2021-recovery-rebate-credit-...
/announcements-events/idr-account-adjustment,4714,studentaid.gov,,,5638,95.36,,/announcements-events/idr-account-adju...
/image-detail/amf-art002e009281/,4714,nasa.gov,,,5639,95.36,,/image-detail/amf-art002e009281/
/nchs/nhanes/continuousnhanes/default.aspx,4714,wwwn.cdc.gov,,,5640,95.37,,/nchs/nhanes/continuousnhanes/default....
/decision-reviews/supplemental-claim/file-supplemental-claim-form-20-0995/facility-types,4714,www.va.gov,,,5641,95.37,,/decision-reviews/supplemental-claim/f...
/housing-assistance/home-loans/request-coe-form-26-1880,4714,va.gov,,,5642,95.37,,/housing-assistance/home-loans/request...
/individuals/international-taxpayers/substantial-presence-test,4714,irs.gov,,,5643,95.37,,/individuals/international-taxpayers/s...
/opa/pr/two-sentenced-prison-522m-genetic-testing-fraud-and-illegal-kickback-scheme-targeting,4714,justice.gov,,,5644,95.37,,/opa/pr/two-sentenced-prison-522m-gene...
/river/station/flowplot/flowplot.cgi,4714,nwrfc.noaa.gov,,,5645,95.37,,/river/station/flowplot/flowplot.cgi
/maca/planyourvisit/explore-all-tours.htm,4714,nps.gov,,,5646,95.38,,/maca/planyourvisit/explore-all-tours....
/espanol/cancer/causas-prevencion/riesgo/germenes-infecciosos/vph-y-cancer,4714,cancer.gov,,,5647,95.38,,/espanol/cancer/causas-prevencion/ries...
/international/preparing-international-shipments.htm,4714,usps.com,,,5648,95.38,,/international/preparing-international...
/founding-docs/declaration,4714,archives.gov,,,5649,95.38,,/founding-docs/declaration
/i-134,4714,uscis.gov,,,5650,95.38,,/i-134
/asteroids-comets-meteors/,4714,science.nasa.gov,,,5651,95.39,,/asteroids-comets-meteors/
/apod/ap251007.html,4714,apod.nasa.gov,,,5652,95.39,,/apod/ap251007.html
/ocs/programs/liheap,4714,acf.gov,,,5653,95.39,,/ocs/programs/liheap
/news/article-display/article/4479882/maj-gen-moga-nominated-to-lead-usafa-following-lt-gen-bauernfeind/,4714,af.mil,,,5654,95.39,,/news/article-display/article/4479882/...
/content/travel/en/us-visas/visa-reciprocity-and-civil-documents-by-country/india.html,4714,travel.state.gov,,,5655,95.39,,/content/travel/en/us-visas/visa-recip...
/content/travel/en/us-visas/visa-information-resources/administrative-processing-information.html,4714,travel.state.gov,,,5656,95.39,,/content/travel/en/us-visas/visa-infor...
/content/travel/en/legal/visa-law0/visa-bulletin/2026.html,4714,travel.state.gov,,,5657,95.4,,/content/travel/en/legal/visa-law0/vis...
/get-help/refunds/,4714,taxpayeradvocate.irs.gov,,,5658,95.4,,/get-help/refunds/
/37105214/,4714,pubmed.ncbi.nlm.nih.gov,,,5659,95.4,,/37105214/
/cholesterol/about/ldl-and-hdl-cholesterol-and-triglycerides.html,4681,cdc.gov,,,5660,95.4,,/cholesterol/about/ldl-and-hdl-cholest...
/trade/automated/ace-portal-and-ach-refunds-faqs,4681,cbp.gov,,,5661,95.4,,/trade/automated/ace-portal-and-ach-re...
/gdv/browser/protein/,4681,ncbi.nlm.nih.gov,,,5662,95.41,,/gdv/browser/protein/
/missions/artemis/nasa-welcomes-ireland-as-newest-artemis-accords-signatory/,4681,nasa.gov,,,5663,95.41,,/missions/artemis/nasa-welcomes-irelan...
/ooh/life-physical-and-social-science/home.htm,4681,bls.gov,,,5664,95.41,,/ooh/life-physical-and-social-science/...
/en-ca/niv/information/privacy_policy,4681,ais.usvisa-info.com,,,5665,95.41,,/en-ca/niv/information/privacy_policy
/act-early/milestones/2-years.html,4681,cdc.gov,,,5666,95.41,,/act-early/milestones/2-years.html
/job/853317100,4681,usajobs.gov,,,5667,95.41,,/job/853317100
/travel-transportation-rates/mileage-rates/,4681,travel.dod.mil,,,5668,95.42,,/travel-transportation-rates/mileage-r...
/faq/what-protection-pupil-rights-amendment-ppra,4681,studentprivacy.ed.gov,,,5669,95.42,,/faq/what-protection-pupil-rights-amen...
/travel/security-screening/whatcanibring/sharp-objects,4681,tsa.gov,,,5670,95.42,,/travel/security-screening/whatcanibri...
/apply-for-a-nonimmigrant-visa/,4681,in.usembassy.gov,,,5671,95.42,,/apply-for-a-nonimmigrant-visa/
/taxonomy/term/458,4681,e-verify.gov,,,5672,95.42,,/taxonomy/term/458
/vpv404/act-early/milestones/xxx_video_source_xxx/https://www.cdc.gov/act-early/milestones/9-months.html,4681,cdc.gov,,,5673,95.43,,/vpv404/act-early/milestones/xxx_video...
/me-cfs/about/index.html,4681,cdc.gov,,,5674,95.43,,/me-cfs/about/index.html
/contact-us/ask-va/who-is-your-question-about,4681,www.va.gov,,,5675,95.43,,/contact-us/ask-va/who-is-your-questio...
/datasets/taxonomy/9606/,4681,ncbi.nlm.nih.gov,,,5676,95.43,,/datasets/taxonomy/9606/
/who/legal/privacy-policy/full-privacy-policy.htm,4681,about.usps.com,,,5677,95.43,,/who/legal/privacy-policy/full-privacy...
/retiredmilitary/manage/mypay/,4681,dfas.mil,,,5678,95.43,,/retiredmilitary/manage/mypay/
/healthy-weight-growth/losing-weight/index.html,4681,cdc.gov,,,5679,95.44,,/healthy-weight-growth/losing-weight/i...
/manage-dependents/add-remove-form-21-686c-674/686-report-add-child/0/information,4681,www.va.gov,,,5680,95.44,,/manage-dependents/add-remove-form-21-...
/my-health/medical-records/summaries-and-notes/,4681,www.va.gov,,,5681,95.44,,/my-health/medical-records/summaries-a...
/recent-actions/20260508_33,4681,ofac.treasury.gov,,,5682,95.44,,/recent-actions/20260508_33
/cas/login,4681,headstart.gov,,,5683,95.44,,/cas/login
/cris/contactus,4681,egov.uscis.gov,,,5684,95.44,,/cris/contactus
/globalapp/logout,4681,eqrs.cms.gov,,,5685,95.45,,/globalapp/logout
/benefits/derivative_sc.asp,4681,benefits.va.gov,,,5686,95.45,,/benefits/derivative_sc.asp
/mission/artemis-i/,4681,nasa.gov,,,5687,95.45,,/mission/artemis-i/
/plan,4681,ready.gov,,,5688,95.45,,/plan
/16954256/,4681,pubmed.ncbi.nlm.nih.gov,,,5689,95.45,,/16954256/
/scheduler/home/search/found,4681,portal.usaccess.gsa.gov,,,5690,95.46,,/scheduler/home/search/found
/countries-and-areas-list/,4681,state.gov,,,5691,95.46,,/countries-and-areas-list/
/apod/ap250502.html,4681,apod.nasa.gov,,,5692,95.46,,/apod/ap250502.html
/apod/ap250518.html,4681,apod.nasa.gov,,,5693,95.46,,/apod/ap250518.html
/solar-system/kuiper-belt/,4681,science.nasa.gov,,,5694,95.46,,/solar-system/kuiper-belt/
/apod/ap250525.html,4681,apod.nasa.gov,,,5695,95.46,,/apod/ap250525.html
/espanol/ovnis,4681,archives.gov,,,5696,95.47,,/espanol/ovnis
/apod/ap250830.html,4681,apod.nasa.gov,,,5697,95.47,,/apod/ap250830.html
/apod/ap250625.html,4681,apod.nasa.gov,,,5698,95.47,,/apod/ap250625.html
/tips-and-troubleshooting/logging-in/,4681,healthcare.gov,,,5699,95.47,,/tips-and-troubleshooting/logging-in/
/portal/advancesearch,4681,msc.fema.gov,,,5700,95.47,,/portal/advancesearch
/account-creation/create-account,4681,www.benefeds.gov,,,5701,95.48,,/account-creation/create-account
/contactus/fairhousing,4681,www.hud.gov,,,5702,95.48,,/contactus/fairhousing
/forms/filing-guidance,4681,uscis.gov,,,5703,95.48,,/forms/filing-guidance
/content/travel/en/us-visas/immigrate/the-immigrant-visa-process/step-1-submit-a-petition/step-2-begin-nvc-processing/ceac-faqs.html,4648,travel.state.gov,,,5704,95.48,,/content/travel/en/us-visas/immigrate/...
/forms-rules/forms,4648,uscourts.gov,,,5705,95.48,,/forms-rules/forms
/purchase/acct/dashboard/order/single-crossing-fee,4648,dtops.cbp.dhs.gov,,,5706,95.48,,/purchase/acct/dashboard/order/single-...
/trademarks/basics/what-trademark,4648,uspto.gov,,,5707,95.49,,/trademarks/basics/what-trademark
/funds-lifecycle/,4648,tsp.gov,,,5708,95.49,,/funds-lifecycle/
/act-early/milestones/1-year.html,4648,cdc.gov,,,5709,95.49,,/act-early/milestones/1-year.html
/id/617148,4648,catalog.archives.gov,,,5710,95.49,,/id/617148
/serve,4648,americorps.gov,,,5711,95.49,,/serve
/apod/ap250705.html,4648,apod.nasa.gov,,,5712,95.49,,/apod/ap250705.html
/research/military/ww2,4648,archives.gov,,,5713,95.5,,/research/military/ww2
/screener/income/,4648,www.healthcare.gov,,,5714,95.5,,/screener/income/
/account-creation/edit-2fa-auth-app,4648,myaccount.uscis.gov,,,5715,95.5,,/account-creation/edit-2fa-auth-app
/services/welcomebacktojapan/,4648,jp.usembassy.gov,,,5716,95.5,,/services/welcomebacktojapan/
/opa/pr/week-fraud-dojs-new-fraud-division-announces-numerous-fraud-enforcement-actions-and-new,4648,justice.gov,,,5717,95.5,,/opa/pr/week-fraud-dojs-new-fraud-divi...
/spanish/chlamydiainfections.html,4648,medlineplus.gov,,,5718,95.51,,/spanish/chlamydiainfections.html
/filter-products,4648,store.usgs.gov,,,5719,95.51,,/filter-products
/es/manage-benefits/make-an-appointment,4648,ssa.gov,,,5720,95.51,,/es/manage-benefits/make-an-appointmen...
/myaccount/lp/landing-page-bso.html,4648,ssa.gov,,,5721,95.51,,/myaccount/lp/landing-page-bso.html
/amc-travel-site/terminals/conus-terminals/travis-afb-passenger-terminal/,4648,amc.af.mil,,,5722,95.51,,/amc-travel-site/terminals/conus-termi...
/big-bang/en/,4648,spaceplace.nasa.gov,,,5723,95.51,,/big-bang/en/
/rooms-suites,4648,halekoa.com,,,5724,95.52,,/rooms-suites
/americas-finance-guide/national-deficit/,4648,fiscaldata.treasury.gov,,,5725,95.52,,/americas-finance-guide/national-defic...
/individuals/international-taxpayers,4648,irs.gov,,,5726,95.52,,/individuals/international-taxpayers
/datasets/il/il2026/summary-mtsp,4648,huduser.gov,,,5727,95.52,,/datasets/il/il2026/summary-mtsp
/wrh/Climate,4648,www.weather.gov,,,5728,95.52,,/wrh/Climate
/benefit-finder/disability/more-about-you,4648,www.usa.gov,,,5729,95.52,,/benefit-finder/disability/more-about-...
/snap/eligibility/elderly-disabled-special-rules,4648,fns.usda.gov,,,5730,95.53,,/snap/eligibility/elderly-disabled-spe...
/help-with-utility-bills,4648,usa.gov,,,5731,95.53,,/help-with-utility-bills
/22190239/,4648,pubmed.ncbi.nlm.nih.gov,,,5732,95.53,,/22190239/
/articles/pmc3119587/,4648,pmc.ncbi.nlm.nih.gov,,,5733,95.53,,/articles/pmc3119587/
/immigration-case-status,4648,usa.gov,,,5734,95.53,,/immigration-case-status
/sto/,4648,weather.gov,,,5735,95.54,,/sto/
/agencies/whd/forms/wh347,4648,dol.gov,,,5736,95.54,,/agencies/whd/forms/wh347
/ffr/family_readiness/fleet_and_family_support_program/work-and-family-life/transition_assistance/loi/,4648,cnic.navy.mil,,,5737,95.54,,/ffr/family_readiness/fleet_and_family...
/travel/frequently-asked-questions/liquids-aerosols-and-gels-rule,4648,tsa.gov,,,5738,95.54,,/travel/frequently-asked-questions/liq...
/store/shipping-supplies/free-shipping-supplies/_/n-alnx4j,4648,store.usps.com,,,5739,95.54,,/store/shipping-supplies/free-shipping...
/loan-simulator/repayment/wizard/loan-info/confirm-current-loan/estimate,4648,studentaid.gov,,,5740,95.54,,/loan-simulator/repayment/wizard/loan-...
/docket/draft,4648,trademarkcenter.uspto.gov,,,5741,95.55,,/docket/draft
/wysk/what-you-should-know-about-pregnant-workers-fairness-act,4648,eeoc.gov,,,5742,95.55,,/wysk/what-you-should-know-about-pregn...
/aboutosha,4648,osha.gov,,,5743,95.55,,/aboutosha
/wanted/cyber,4648,fbi.gov,,,5744,95.55,,/wanted/cyber
/news-events/press-announcements/fda-proposes-exclude-semaglutide-tirzepatide-and-liraglutide-503b-bulks-list,4648,fda.gov,,,5745,95.55,,/news-events/press-announcements/fda-p...
/radiation-emitting-products/resources-you-radiation-emitting-products/microwave-ovens,4648,fda.gov,,,5746,95.56,,/radiation-emitting-products/resources...
/reports/opp/standard,4648,sam.gov,,,5747,95.56,,/reports/opp/standard
/training/outreach,4648,osha.gov,,,5748,95.56,,/training/outreach
/ngmdb/ngmdb_home.html,4648,ngmdb.usgs.gov,,,5749,95.56,,/ngmdb/ngmdb_home.html
/patents/basics,4648,uspto.gov,,,5750,95.56,,/patents/basics
/specials/kidsclub/games/put-it-together/,4648,nasa.gov,,,5751,95.56,,/specials/kidsclub/games/put-it-togeth...
/records/request-personal-records-form-20-10206/introduction,4614,www.va.gov,,,5752,95.57,,/records/request-personal-records-form...
/disability/file-disability-claim-form-21-526ez/separation-pay,4614,www.va.gov,,,5753,95.57,,/disability/file-disability-claim-form...
/chemistry/form-ser/,4614,webbook.nist.gov,,,5754,95.57,,/chemistry/form-ser/
/popclock/world,4614,www.census.gov,,,5755,95.57,,/popclock/world
/current/title-14/chapter-I,4614,www.ecfr.gov,,,5756,95.57,,/current/title-14/chapter-I
/eLibrary/search,4614,elibrary.ferc.gov,,,5757,95.57,,/eLibrary/search
/plus,4614,e-verify.gov,,,5758,95.58,,/plus
/laws-and-policy/civil-rights-laws/title-ix-and-sex-discrimination,4614,ed.gov,,,5759,95.58,,/laws-and-policy/civil-rights-laws/tit...
/boir/html,4614,boiefiling.fincen.gov,,,5760,95.58,,/boir/html
/uniforms/,4614,army.mil,,,5761,95.58,,/uniforms/
/data/pirep/,4614,aviationweather.gov,,,5762,95.58,,/data/pirep/
/help/specific-agencies/opm-retirement-services-online/,4614,login.gov,,,5763,95.59,,/help/specific-agencies/opm-retirement...
/usao-mdtn/pr/brentwood-woman-pleads-guilty-defrauding-taxpayers-out-69-million,4614,justice.gov,,,5764,95.59,,/usao-mdtn/pr/brentwood-woman-pleads-g...
/payments/administrative-penalty-relief,4614,irs.gov,,,5765,95.59,,/payments/administrative-penalty-relie...
/eoir/list-pro-bono-legal-service-providers,4614,justice.gov,,,5766,95.59,,/eoir/list-pro-bono-legal-service-prov...
/history/cases-and-criminals/boston-marathon-bombing,4614,fbi.gov,,,5767,95.59,,/history/cases-and-criminals/boston-ma...
/project/2610/,4614,hero.epa.gov,,,5768,95.59,,/project/2610/
/apod/ap250510.html,4614,apod.nasa.gov,,,5769,95.6,,/apod/ap250510.html
/articles/pmc9874793/,4614,pmc.ncbi.nlm.nih.gov,,,5770,95.6,,/articles/pmc9874793/
/scripts/cder/drls/getdrls.cfm,4614,accessdata.fda.gov,,,5771,95.6,,/scripts/cder/drls/getdrls.cfm
/hurricanes,4614,ready.gov,,,5772,95.6,,/hurricanes
/station/kakq/standard,4614,radar.weather.gov,,,5773,95.6,,/station/kakq/standard
/law-and-regs/design-standards/2010-stds/,4614,ada.gov,,,5774,95.6,,/law-and-regs/design-standards/2010-st...
/content/travel/en/us-visas/visa-information-resources/forms/online-immigrant-visa-forms.html,4614,travel.state.gov,,,5775,95.61,,/content/travel/en/us-visas/visa-infor...
/exper/archive/event.php,4614,spc.noaa.gov,,,5776,95.61,,/exper/archive/event.php
/survivor/reporting,4614,ssa.gov,,,5777,95.61,,/survivor/reporting
/announcements-events/borrower-defense-update,4614,studentaid.gov,,,5778,95.61,,/announcements-events/borrower-defense...
/image-article/earthset/,4614,nasa.gov,,,5779,95.61,,/image-article/earthset/
/518433ba-ee0e-4542-86f8-6b2eee2202b5/b2c_1a_signin/oauth2/v2.0/logout,4614,login.identitytheft.gov,,,5780,95.62,,/518433ba-ee0e-4542-86f8-6b2eee2202b5/...
/agencies/ebsa/laws-and-regulations/laws/cobra,4614,dol.gov,,,5781,95.62,,/agencies/ebsa/laws-and-regulations/la...
/series-report,4614,data.bls.gov,,,5782,95.62,,/series-report
/medicare/payment/prospective-payment-systems/hospital-outpatient-pps/quarterly-addenda-updates,4614,cms.gov,,,5783,95.62,,/medicare/payment/prospective-payment-...
/human-metapneumovirus/about/index.html,4614,cdc.gov,,,5784,95.62,,/human-metapneumovirus/about/index.htm...
/chlamydia/about/index.html,4614,cdc.gov,,,5785,95.62,,/chlamydia/about/index.html
/about/mobile-apps-directory/cbphome,4614,cbp.gov,,,5786,95.63,,/about/mobile-apps-directory/cbphome
/toolkit/jobs/find-jobs.aspx,4614,careeronestop.org,,,5787,95.63,,/toolkit/jobs/find-jobs.aspx
/hfo,4614,weather.gov,,,5788,95.63,,/hfo
/nfa/,4614,usfa.fema.gov,,,5789,95.63,,/nfa/
/articles/pmc6389415/,4614,pmc.ncbi.nlm.nih.gov,,,5790,95.63,,/articles/pmc6389415/
/image-of-the-day/page/2/,4614,nasa.gov,,,5791,95.63,,/image-of-the-day/page/2/
/nceskids/graphing/classic/bar_pie_data.asp,4614,nces.ed.gov,,,5792,95.64,,/nceskids/graphing/classic/bar_pie_dat...
/arch/planyourvisit/fees.htm,4614,nps.gov,,,5793,95.64,,/arch/planyourvisit/fees.htm
/user/login/,4614,orslearn.pnnl.gov,,,5794,95.64,,/user/login/
/usao-ndil/pr/chicago-police-sergeant-charged-federal-court-fraudulently-obtaining-covid-relief,4581,justice.gov,,,5795,95.64,,/usao-ndil/pr/chicago-police-sergeant-...
/humans-in-space/living-in-space/,4581,nasa.gov,,,5796,95.64,,/humans-in-space/living-in-space/
/cpi/data.htm,4581,bls.gov,,,5797,95.65,,/cpi/data.htm
/apod/ap251022.html,4581,apod.nasa.gov,,,5798,95.65,,/apod/ap251022.html
/apod/ap250725.html,4581,apod.nasa.gov,,,5799,95.65,,/apod/ap250725.html
/fileboir,4581,boiefiling.fincen.gov,,,5800,95.65,,/fileboir
/content/travel/en/us-visas/immigrate/diversity-visa-program-entry/diversity-visa-if-you-are-selected/diversity-visa-confirm-your-qualifications.html,4581,travel.state.gov,,,5801,95.65,,/content/travel/en/us-visas/immigrate/...
/newsroom/check-your-eligibility-for-the-new-enhanced-deduction-for-seniors,4581,irs.gov,,,5802,95.65,,/newsroom/check-your-eligibility-for-t...
/payments/accessibility-guide-for-online-account,4581,irs.gov,,,5803,95.66,,/payments/accessibility-guide-for-onli...
/retirement-plans/plan-participant-employee/ira-required-minimum-distribution-worksheet,4581,irs.gov,,,5804,95.66,,/retirement-plans/plan-participant-emp...
/toolkit/careers/work-values-matcher-assessment.aspx,4581,careeronestop.org,,,5805,95.66,,/toolkit/careers/work-values-matcher-a...
/en/international-travel/travel-advisories/south-korea.html,4581,travel.state.gov,,,5806,95.66,,/en/international-travel/travel-adviso...
/en/international-travel/planning/personal-needs/minors.html,4581,travel.state.gov,,,5807,95.66,,/en/international-travel/planning/pers...
/travel/trusted-traveler-programs/global-entry/enrollment-departure,4581,cbp.gov,,,5808,95.66,,/travel/trusted-traveler-programs/glob...
/articles/what-do-if-you-were-scammed,4581,consumer.ftc.gov,,,5809,95.67,,/articles/what-do-if-you-were-scammed
/tb/causes/index.html,4581,cdc.gov,,,5810,95.67,,/tb/causes/index.html
/epstein-barr/about/mononucleosis.html,4581,cdc.gov,,,5811,95.67,,/epstein-barr/about/mononucleosis.html
/data/catalog,4581,earthdata.nasa.gov,,,5812,95.67,,/data/catalog
/state/co/index.htm,4581,nps.gov,,,5813,95.67,,/state/co/index.htm
/costs/healthplancosts/ts,4581,tricare.mil,,,5814,95.67,,/costs/healthplancosts/ts
/auth_callback,4581,search.earthdata.nasa.gov,,,5815,95.68,,/auth_callback
/fsa-id/account-update/sign-in-again,4581,studentaid.gov,,,5816,95.68,,/fsa-id/account-update/sign-in-again
/earth/earth-observatory/a-sea-of-spinning-clouds/,4581,science.nasa.gov,,,5817,95.68,,/earth/earth-observatory/a-sea-of-spin...
/articles/pmc12791177/,4581,pmc.ncbi.nlm.nih.gov,,,5818,95.68,,/articles/pmc12791177/
/cn/en/step-4,4581,ustraveldocs.com,,,5819,95.68,,/cn/en/step-4
/n-600,4581,uscis.gov,,,5820,95.69,,/n-600
/citizenship/learn-about-citizenship,4581,uscis.gov,,,5821,95.69,,/citizenship/learn-about-citizenship
/station/krax/standard,4581,radar.weather.gov,,,5822,95.69,,/station/krax/standard
/station/kcys/standard,4581,radar.weather.gov,,,5823,95.69,,/station/kcys/standard
/disability/file-disability-claim-form-21-526ez/retirement-pay,4581,www.va.gov,,,5824,95.69,,/disability/file-disability-claim-form...
/rebate-finder,4581,energystar.gov,,,5825,95.69,,/rebate-finder
/regulations_policies/handbooks_manuals/aviation/airplane_handbook,4581,faa.gov,,,5826,95.7,,/regulations_policies/handbooks_manual...
/uas,4581,faa.gov,,,5827,95.7,,/uas
/consumers/consumer-updates/grapefruit-juice-and-some-drugs-dont-mix,4581,fda.gov,,,5828,95.7,,/consumers/consumer-updates/grapefruit...
/site-policies-and-notices,4581,fincen.gov,,,5829,95.7,,/site-policies-and-notices
/businesses/small-businesses-self-employed/state-government-websites,4581,irs.gov,,,5830,95.7,,/businesses/small-businesses-self-empl...
/usdot-wizard,4581,fmcsa.dot.gov,,,5831,95.7,,/usdot-wizard
/apod/ap250626.html,4581,apod.nasa.gov,,,5832,95.71,,/apod/ap250626.html
/havo/planyourvisit/conditions.htm,4581,nps.gov,,,5833,95.71,,/havo/planyourvisit/conditions.htm
/grsm/planyourvisit/maps.htm,4581,nps.gov,,,5834,95.71,,/grsm/planyourvisit/maps.htm
/missions/nisar/us-indian-space-mission-maps-extreme-subsidence-in-mexico-city/,4581,nasa.gov,,,5835,95.71,,/missions/nisar/us-indian-space-missio...
/image-article/a-light-in-the-dark/,4581,nasa.gov,,,5836,95.71,,/image-article/a-light-in-the-dark/
/in/en/immigrant-visa,4581,ustraveldocs.com,,,5837,95.72,,/in/en/immigrant-visa
/disability/file-disability-claim-form-21-526ez/training-pay,4581,www.va.gov,,,5838,95.72,,/disability/file-disability-claim-form...
/my-health/secure-messages/drafts/,4581,www.va.gov,,,5839,95.72,,/my-health/secure-messages/drafts/
/tb/signs-symptoms/index.html,4547,cdc.gov,,,5840,95.72,,/tb/signs-symptoms/index.html
/norovirus/php/reporting/norostat-data.html,4547,cdc.gov,,,5841,95.72,,/norovirus/php/reporting/norostat-data...
/high-blood-pressure/about/index.html,4547,cdc.gov,,,5842,95.72,,/high-blood-pressure/about/index.html
/vaccines/basics/explaining-how-vaccines-work.html,4547,cdc.gov,,,5843,95.73,,/vaccines/basics/explaining-how-vaccin...
/netdmr-web/protected/permitadmin_access_request.htm,4547,netdmr.epa.gov,,,5844,95.73,,/netdmr-web/protected/permitadmin_acce...
/public-input-actions,4547,blm.gov,,,5845,95.73,,/public-input-actions
/about-cancer/treatment/types/immunotherapy/angiogenesis-inhibitors-fact-sheet,4547,cancer.gov,,,5846,95.73,,/about-cancer/treatment/types/immunoth...
/ooh/computer-and-information-technology/information-security-analysts.htm,4547,bls.gov,,,5847,95.73,,/ooh/computer-and-information-technolo...
/care/index.htm,4547,nps.gov,,,5848,95.73,,/care/index.htm
/filing/adjusted-gross-income,4547,irs.gov,,,5849,95.74,,/filing/adjusted-gross-income
/es/individuals/get-transcript,4547,irs.gov,,,5850,95.74,,/es/individuals/get-transcript
/grants-and-programs/apply-grant/available-grants,4547,ed.gov,,,5851,95.74,,/grants-and-programs/apply-grant/avail...
/GenNIV/general/photo/photo_confirmphoto.aspx,4547,ceac.state.gov,,,5852,95.74,,/GenNIV/general/photo/photo_confirmpho...
/working-in-the-united-states,4547,uscis.gov,,,5853,95.74,,/working-in-the-united-states
/content/travel/en/us-visas/immigrate/the-immigrant-visa-process/step-8-scan-collected-documents.html,4547,travel.state.gov,,,5854,95.74,,/content/travel/en/us-visas/immigrate/...
/store/product/wedding-blooms-stamps-s_585804,4547,store.usps.com,,,5855,95.75,,/store/product/wedding-blooms-stamps-s...
/disability/disability.html,4547,ssa.gov,,,5856,95.75,,/disability/disability.html
/ko/written-determinations,4547,irs.gov,,,5857,95.75,,/ko/written-determinations
/in/en/contact-us,4547,ustraveldocs.com,,,5858,95.75,,/in/en/contact-us
/benefit-finder/disability/results,4547,www.usa.gov,,,5859,95.75,,/benefit-finder/disability/results
/working-in-the-united-states/temporary-workers/o-1-visa-individuals-with-extraordinary-ability-or-achievement,4547,uscis.gov,,,5860,95.76,,/working-in-the-united-states/temporar...
/appointment/v2,4547,my.uscis.gov,,,5861,95.76,,/appointment/v2
/help/manage-your-account/change-your-password/,4547,login.gov,,,5862,95.76,,/help/manage-your-account/change-your-...
/payments/penalty-relief-for-reasonable-cause,4547,irs.gov,,,5863,95.76,,/payments/penalty-relief-for-reasonabl...
/image-detail/amf-art002e009287/,4547,nasa.gov,,,5864,95.76,,/image-detail/amf-art002e009287/
/missions/artemis/artemis-2/track-nasas-artemis-ii-mission-in-real-time/,4547,nasa.gov,,,5865,95.76,,/missions/artemis/artemis-2/track-nasa...
/johnson/,4547,nasa.gov,,,5866,95.77,,/johnson/
/factsheets/vitaminc-healthprofessional/,4547,ods.od.nih.gov,,,5867,95.77,,/factsheets/vitaminc-healthprofessiona...
/retirement-center/survivor-benefits/,4547,opm.gov,,,5868,95.77,,/retirement-center/survivor-benefits/
/articles/pmc3670111/,4547,pmc.ncbi.nlm.nih.gov,,,5869,95.77,,/articles/pmc3670111/
/funding-programs/loans/504-loans,4547,sba.gov,,,5870,95.77,,/funding-programs/loans/504-loans
/rules-regulations/rulemaking-activity,4547,sec.gov,,,5871,95.77,,/rules-regulations/rulemaking-activity
/whats-in-the-atmosphere/,4547,spaceplace.nasa.gov,,,5872,95.78,,/whats-in-the-atmosphere/
/apod/ap250702.html,4547,apod.nasa.gov,,,5873,95.78,,/apod/ap250702.html
/es-es/niv,4547,ais.usvisa-info.com,,,5874,95.78,,/es-es/niv
/grsm/learn/nature/fireflies.htm,4547,nps.gov,,,5875,95.78,,/grsm/learn/nature/fireflies.htm
/hepatitis-b/vaccination/index.html,4547,cdc.gov,,,5876,95.78,,/hepatitis-b/vaccination/index.html
/careers-employment/vocational-rehabilitation/programs/,4514,va.gov,,,5877,95.78,,/careers-employment/vocational-rehabil...
/careers/physician-dentist-podiatrist-jobs/,4514,vacareers.va.gov,,,5878,95.79,,/careers/physician-dentist-podiatrist-...
/data-tools/demo/idb/,4514,www.census.gov,,,5879,95.79,,/data-tools/demo/idb/
/helping-americans/loans,4514,www.hud.gov,,,5880,95.79,,/helping-americans/loans
/specials/kidsclub/games/rocket-builder/,4514,nasa.gov,,,5881,95.79,,/specials/kidsclub/games/rocket-builde...
/podcasts/curious-universe/bonus-behind-the-scenes-of-artemis-ii-with-nasa-experts/,4514,nasa.gov,,,5882,95.79,,/podcasts/curious-universe/bonus-behin...
/s/scheduling,4514,mytravel.state.gov,,,5883,95.8,,/s/scheduling
/ency/article/003120.htm,4514,medlineplus.gov,,,5884,95.8,,/ency/article/003120.htm
/basics/get-started-with-medicare/medicare-basics/how-does-medicare-work,4514,medicare.gov,,,5885,95.8,,/basics/get-started-with-medicare/medi...
/doj/privacy-policy,4514,justice.gov,,,5886,95.8,,/doj/privacy-policy
/regulations/medical/medical-examination-report-form-commercial-driver-medical-certification,4514,fmcsa.dot.gov,,,5887,95.8,,/regulations/medical/medical-examinati...
/pages/profile.aspx,4514,ginniemae.gov,,,5888,95.8,,/pages/profile.aspx
/inspections-compliance-enforcement-and-criminal-investigations/compliance-actions-and-activities/fda-debarment-list-drug-product-applications,4514,fda.gov,,,5889,95.81,,/inspections-compliance-enforcement-an...
/media/press-releases/press-release-view/article/4480820/us-disables-2-more-vessels-violating-blockade-in-gulf-of-oman/,4514,centcom.mil,,,5890,95.81,,/media/press-releases/press-release-vi...
/pesticide-registration/selected-epa-registered-disinfectants,4514,epa.gov,,,5891,95.81,,/pesticide-registration/selected-epa-r...
/wanted/topten/bhadreshkumar-chetanbhai-patel,4514,fbi.gov,,,5892,95.81,,/wanted/topten/bhadreshkumar-chetanbha...
/job/853999100,4514,usajobs.gov,,,5893,95.81,,/job/853999100
/content/travel/en/replace-certify-docs/authenticate-your-document/office-of-authentications.html,4514,travel.state.gov,,,5894,95.81,,/content/travel/en/replace-certify-doc...
/entreg/secure/smsverifyaction_input,4514,reg.usps.com,,,5895,95.82,,/entreg/secure/smsverifyaction_input
/hepatitis-awareness/about/index.html,4514,cdc.gov,,,5896,95.82,,/hepatitis-awareness/about/index.html
/trademarks/basics/trademark-process,4514,uspto.gov,,,5897,95.82,,/trademarks/basics/trademark-process
/es-mx/niv/information/unauthorized,4514,ais.usvisa-info.com,,,5898,95.82,,/es-mx/niv/information/unauthorized
/amc-travel-site/terminals/conus-terminals/seattle-tacoma-international-gateway/,4514,amc.af.mil,,,5899,95.82,,/amc-travel-site/terminals/conus-termi...
/resources/forms.htm,4514,about.usps.com,,,5900,95.82,,/resources/forms.htm
/founding-docs/bill-of-rights/what-does-it-say,4514,archives.gov,,,5901,95.83,,/founding-docs/bill-of-rights/what-doe...
/milestone-documents/13th-amendment,4514,archives.gov,,,5902,95.83,,/milestone-documents/13th-amendment
/productmaps/pubform/strategicdocuments.aspx,4514,armypubs.army.mil,,,5903,95.83,,/productmaps/pubform/strategicdocument...
/apod/ap250918.html,4514,apod.nasa.gov,,,5904,95.83,,/apod/ap250918.html
/hipaa/for-professionals/index.html,4514,hhs.gov,,,5905,95.83,,/hipaa/for-professionals/index.html
/ko/downloads/irs-wd,4514,irs.gov,,,5906,95.83,,/ko/downloads/irs-wd
/services/importing-medication/,4514,jp.usembassy.gov,,,5907,95.84,,/services/importing-medication/
/newsroom/national-media-release/us-border-patrol-agents-seize-cocaine-worth-nearly-15m,4514,cbp.gov,,,5908,95.84,,/newsroom/national-media-release/us-bo...
/oact/babynames/decades/names1980s.html,4514,ssa.gov,,,5909,95.84,,/oact/babynames/decades/names1980s.htm...
/apod/ap250627.html,4514,apod.nasa.gov,,,5910,95.84,,/apod/ap250627.html
/allowances/overseas-cost-of-living-allowance/overseas-cola-rate-lookup/,4514,travel.dod.mil,,,5911,95.84,,/allowances/overseas-cost-of-living-al...
/endorser-addendum,4514,studentaid.gov,,,5912,95.85,,/endorser-addendum
/news-features,4514,noaa.gov,,,5913,95.85,,/news-features
/patents/apply/applying-online/getting-started-new-users,4514,uspto.gov,,,5914,95.85,,/patents/apply/applying-online/getting...
/manage/forward-premium.htm,4514,usps.com,,,5915,95.85,,/manage/forward-premium.htm
/programs/earthquake-hazards/science-earthquakes,4514,usgs.gov,,,5916,95.85,,/programs/earthquake-hazards/science-e...
/compound/12011795,4514,pubchem.ncbi.nlm.nih.gov,,,5917,95.85,,/compound/12011795
/appeals/appeals_process.html,4514,ssa.gov,,,5918,95.86,,/appeals/appeals_process.html
/supporting-forms-for-claims/intent-to-file-form-21-0966/introduction,4514,www.va.gov,,,5919,95.86,,/supporting-forms-for-claims/intent-to...
/decision-reviews/supplemental-claim/file-supplemental-claim-form-20-0995/supporting-evidence/summary,4514,www.va.gov,,,5920,95.86,,/decision-reviews/supplemental-claim/f...
/laws-regs/regulations/standardnumber/1910/1910.1200,4514,osha.gov,,,5921,95.86,,/laws-regs/regulations/standardnumber/...
/maca/planyourvisit/fees.htm,4514,nps.gov,,,5922,95.86,,/maca/planyourvisit/fees.htm
/publications/poster,4514,osha.gov,,,5923,95.86,,/publications/poster
/apod/ap250528.html,4480,apod.nasa.gov,,,5924,95.87,,/apod/ap250528.html
/store/product/certified-mail-receipt-forms-p_form_3800,4480,store.usps.com,,,5925,95.87,,/store/product/certified-mail-receipt-...
/uap-cases/uap-reporting-trends/,4480,aaro.mil,,,5926,95.87,,/uap-cases/uap-reporting-trends/
/job/864930200,4480,usajobs.gov,,,5927,95.87,,/job/864930200
/content/travel/en/international-travel/international-travel-country-information-pages/brazil.html,4480,travel.state.gov,,,5928,95.87,,/content/travel/en/international-trave...
/data/sic-manual,4480,osha.gov,,,5929,95.87,,/data/sic-manual
/apod/ap250623.html,4480,apod.nasa.gov,,,5930,95.88,,/apod/ap250623.html
/portal/events/live/military-spouse-virtual-hiring-fair-spring-2026,4480,myseco.militaryonesource.mil,,,5931,95.88,,/portal/events/live/military-spouse-vi...
/apod/ap250524.html,4480,apod.nasa.gov,,,5932,95.88,,/apod/ap250524.html
/edit-account/change-password,4480,myaccount.uscis.gov,,,5933,95.88,,/edit-account/change-password
/edit-account/recovery-email,4480,myaccount.uscis.gov,,,5934,95.88,,/edit-account/recovery-email
/apod/ap250729.html,4480,apod.nasa.gov,,,5935,95.88,,/apod/ap250729.html
/apod/ap250711.html,4480,apod.nasa.gov,,,5936,95.89,,/apod/ap250711.html
/productmaps/pubform/tc.aspx,4480,armypubs.army.mil,,,5937,95.89,,/productmaps/pubform/tc.aspx
/toolkit/careers/work-values-matcher.aspx,4480,careeronestop.org,,,5938,95.89,,/toolkit/careers/work-values-matcher.a...
/autism/hcp/diagnosis/index.html,4480,cdc.gov,,,5939,95.89,,/autism/hcp/diagnosis/index.html
/travel/trusted-traveler-programs/sentri,4480,cbp.gov,,,5940,95.89,,/travel/trusted-traveler-programs/sent...
/dark-matter/,4480,science.nasa.gov,,,5941,95.89,,/dark-matter/
/disability/professionals/bluebook/childhoodlistings.htm,4480,ssa.gov,,,5942,95.9,,/disability/professionals/bluebook/chi...
/station/khdc/standard,4480,radar.weather.gov,,,5943,95.9,,/station/khdc/standard
/stroke/signs-symptoms/index.html,4480,cdc.gov,,,5944,95.9,,/stroke/signs-symptoms/index.html
/health-care/apply-for-health-care-form-10-10ez/insurance-information/medicaid,4480,www.va.gov,,,5945,95.9,,/health-care/apply-for-health-care-for...
/newsroom/speeches-statements/atkins-statement-proposing-release-semiannual-reporting-050526,4480,sec.gov,,,5946,95.9,,/newsroom/speeches-statements/atkins-s...
/report-fraud/uscis-tip-form,4480,uscis.gov,,,5947,95.91,,/report-fraud/uscis-tip-form
/decision-reviews/supplemental-claim/file-supplemental-claim-form-20-0995/review-and-submit,4480,www.va.gov,,,5948,95.91,,/decision-reviews/supplemental-claim/f...
/public/form/start/55598674,4480,pay.gov,,,5949,95.91,,/public/form/start/55598674
/25781896/,4480,pubmed.ncbi.nlm.nih.gov,,,5950,95.91,,/25781896/
/index.php/filter/tips/,4480,retuning.pnnl.gov,,,5951,95.91,,/index.php/filter/tips/
/homelessness-assistance/homeless-help/,4480,hudexchange.info,,,5952,95.91,,/homelessness-assistance/homeless-help...
/drugs/postmarket-drug-safety-information-patients-and-providers/questions-and-answers-mifepristone-medical-termination-pregnancy-through-ten-weeks-gestation,4480,fda.gov,,,5953,95.92,,/drugs/postmarket-drug-safety-informat...
/features/how-avoid-imposter-scams,4480,consumer.ftc.gov,,,5954,95.92,,/features/how-avoid-imposter-scams
/agencies/whd/fact-sheets,4480,dol.gov,,,5955,95.92,,/agencies/whd/fact-sheets
/evsexplore/welcome,4480,evsexplore.semantics.cancer.gov,,,5956,95.92,,/evsexplore/welcome
/image-detail/amf-art002e008487/,4480,nasa.gov,,,5957,95.92,,/image-detail/amf-art002e008487/
/archives/,4480,nasa.gov,,,5958,95.92,,/archives/
/emergency-managers/national-preparedness/frameworks/response,4480,fema.gov,,,5959,95.93,,/emergency-managers/national-preparedn...
/books/nbk554492/,4480,ncbi.nlm.nih.gov,,,5960,95.93,,/books/nbk554492/
/arch/planyourvisit/index.htm,4480,nps.gov,,,5961,95.93,,/arch/planyourvisit/index.htm
/state/az/index.htm,4480,nps.gov,,,5962,95.93,,/state/az/index.htm
/loan-simulator/repayment/results/plan/(resultsPanel:pay-extra-results-panel),4447,studentaid.gov,,,5963,95.93,,/loan-simulator/repayment/results/plan...
/store/product/priority-mail-poly-envelopes-p_ep_14,4447,store.usps.com,,,5964,95.93,,/store/product/priority-mail-poly-enve...
/job/833381100,4447,usajobs.gov,,,5965,95.94,,/job/833381100
/public/form/start/62759871,4447,pay.gov,,,5966,95.94,,/public/form/start/62759871
/oicweb/saved_claims,4447,onlineclaims.usps.com,,,5967,95.94,,/oicweb/saved_claims
/apod/ap251009.html,4447,apod.nasa.gov,,,5968,95.94,,/apod/ap251009.html
/applicant/militaryservice/manualentrynextsteps/,4447,usajobs.gov,,,5969,95.94,,/applicant/militaryservice/manualentry...
/government-loan,4447,usa.gov,,,5970,95.94,,/government-loan
/burials-and-memorials/pre-need/form-10007-apply-for-eligibility/introduction,4447,va.gov,,,5971,95.95,,/burials-and-memorials/pre-need/form-1...
/ship/apo-fpo-dpo.htm,4447,usps.com,,,5972,95.95,,/ship/apo-fpo-dpo.htm
/ossnap/public/nonCitizenReplacementDocs,4447,secure.ssa.gov,,,5973,95.95,,/ossnap/public/nonCitizenReplacementDo...
/es/number-card/replace-card,4447,ssa.gov,,,5974,95.95,,/es/number-card/replace-card
/disability/after-you-file-claim/,4447,va.gov,,,5975,95.95,,/disability/after-you-file-claim/
/zion/planyourvisit/maps.htm,4447,nps.gov,,,5976,95.95,,/zion/planyourvisit/maps.htm
/health/publications/obsessive-compulsive-disorder-when-unwanted-thoughts-or-repetitive-behaviors-take-over,4447,nimh.nih.gov,,,5977,95.96,,/health/publications/obsessive-compuls...
/guide/dna-rna/,4447,ncbi.nlm.nih.gov,,,5978,95.96,,/guide/dna-rna/
/nasa-app/,4447,nasa.gov,,,5979,95.96,,/nasa-app/
/spanish/druginfo/meds/a605045-es.html,4447,medlineplus.gov,,,5980,95.96,,/spanish/druginfo/meds/a605045-es.html
/career-paths/foreign-service/,4447,careers.state.gov,,,5981,95.96,,/career-paths/foreign-service/
/archive/publications/national_transportation_statistics/table_01_16,4447,bts.gov,,,5982,95.96,,/archive/publications/national_transpo...
/schedule/2026/01_sched.htm,4447,bls.gov,,,5983,95.97,,/schedule/2026/01_sched.htm
/pilots/amelocator,4447,faa.gov,,,5984,95.97,,/pilots/amelocator
/eddm/order-confirmation.htm,4447,eddm.usps.com,,,5985,95.97,,/eddm/order-confirmation.htm
/newsreleases/epa-fortifies-domestic-fuel-supply-provides-americans-relief-pump-approving-nationwide,4447,epa.gov,,,5986,95.97,,/newsreleases/epa-fortifies-domestic-f...
/apod/ap250811.html,4447,apod.nasa.gov,,,5987,95.97,,/apod/ap250811.html
/apod/ap250728.html,4447,apod.nasa.gov,,,5988,95.98,,/apod/ap250728.html
/orm-public,4447,permits.ops.usace.army.mil,,,5989,95.98,,/orm-public
/articles/pmc4379393/,4447,pmc.ncbi.nlm.nih.gov,,,5990,95.98,,/articles/pmc4379393/
/21824393/,4447,pubmed.ncbi.nlm.nih.gov,,,5991,95.98,,/21824393/
/scripts/cdrh/cfdocs/cfmaude/results.cfm,4447,accessdata.fda.gov,,,5992,95.98,,/scripts/cdrh/cfdocs/cfmaude/results.c...
/ja/visas-ja/,4447,jp.usembassy.gov,,,5993,95.98,,/ja/visas-ja/
/newsroom/faqs-on-the-2020-form-w-4,4447,irs.gov,,,5994,95.99,,/newsroom/faqs-on-the-2020-form-w-4
/visit/maps,4447,fs.usda.gov,,,5995,95.99,,/visit/maps
/how-to.html,4447,foia.gov,,,5996,95.99,,/how-to.html
/food-search/,4447,fdc.nal.usda.gov,,,5997,95.99,,/food-search/
/medical-devices/medical-device-recalls-and-early-alerts/pacemaker-correction-boston-scientific-issues-correction-accolade-pacemakers-and-crt-ps,4447,fda.gov,,,5998,95.99,,/medical-devices/medical-device-recall...
/employees,4447,e-verify.gov,,,5999,95.99,,/employees
/recalls/2026/dupray-usa-recalls-neat-steam-cleaners-due-to-risk-of-burn-hazards-or-serious-injury,4447,cpsc.gov,,,6000,96.0,,/recalls/2026/dupray-usa-recalls-neat-...
/summary,4447,cfo.usps.com,,,6001,96.0,,/summary
/decision-reviews/supplemental-claim/file-supplemental-claim-form-20-0995/option-claims,4447,www.va.gov,,,6002,96.0,,/decision-reviews/supplemental-claim/f...
/disability/file-disability-claim-form-21-526ez/mental-health-form-0781/behavior-changes-list,4447,www.va.gov,,,6003,96.0,,/disability/file-disability-claim-form...
/family-and-caregiver-benefits/health-and-disability/champva/apply-form-10-10d/who-is-applying,4447,www.va.gov,,,6004,96.0,,/family-and-caregiver-benefits/health-...
/mental-health/about/index.html,4413,cdc.gov,,,6005,96.0,,/mental-health/about/index.html
/vaccines/,4413,cdc.gov,,,6006,96.01,,/vaccines/
/s/benefits,4413,careers.cbp.gov,,,6007,96.01,,/s/benefits
/adenovirus/about/index.html,4413,cdc.gov,,,6008,96.01,,/adenovirus/about/index.html
/diabetes/treatment/treatment-low-blood-sugar-hypoglycemia.html,4413,cdc.gov,,,6009,96.01,,/diabetes/treatment/treatment-low-bloo...
/apod/ap250819.html,4413,apod.nasa.gov,,,6010,96.01,,/apod/ap250819.html
/apod/ap250523.html,4413,apod.nasa.gov,,,6011,96.01,,/apod/ap250523.html
/newsroom/national-releases/2026/0409-usps-recommends-new-prices-for-july.htm,4413,about.usps.com,,,6012,96.02,,/newsroom/national-releases/2026/0409-...
/research/military/veterans/online,4413,archives.gov,,,6013,96.02,,/research/military/veterans/online
/portal/pdrdatas_landing.html,4413,huduser.gov,,,6014,96.02,,/portal/pdrdatas_landing.html
/press-room/index.html,4413,hhs.gov,,,6015,96.02,,/press-room/index.html
/charities-non-profits/charitable-organizations,4413,irs.gov,,,6016,96.02,,/charities-non-profits/charitable-orga...
/btv/,4413,weather.gov,,,6017,96.02,,/btv/
/uspstf/,4413,uspreventiveservicestaskforce.org,,,6018,96.03,,/uspstf/
/services-for-agencies/,4413,opm.gov,,,6019,96.03,,/services-for-agencies/
/meve/planyourvisit/cliff_dwelling_tours.htm,4413,nps.gov,,,6020,96.03,,/meve/planyourvisit/cliff_dwelling_tou...
/wamo/index.htm,4413,nps.gov,,,6021,96.03,,/wamo/index.htm
/articles/pmc5803656/,4413,pmc.ncbi.nlm.nih.gov,,,6022,96.03,,/articles/pmc5803656/
/public/do/praviewicr,4413,reginfo.gov,,,6023,96.03,,/public/do/praviewicr
/oact/cola/ssi.html,4413,ssa.gov,,,6024,96.04,,/oact/cola/ssi.html
/decision-reviews/supplemental-claim/file-supplemental-claim-form-20-0995/supporting-evidence/upload-evidence,4413,www.va.gov,,,6025,96.04,,/decision-reviews/supplemental-claim/f...
/forms/21-10210/,4413,va.gov,,,6026,96.04,,/forms/21-10210/
/grants/guide/pa-files/pa-25-304.html,4413,grants.nih.gov,,,6027,96.04,,/grants/guide/pa-files/pa-25-304.html
/eadmin/action/preferences/editprofile,4413,gateway.usps.com,,,6028,96.04,,/eadmin/action/preferences/editprofile
/tools/rate-spread,4413,ffiec.cfpb.gov,,,6029,96.04,,/tools/rate-spread
/higher-education/manage-your-loans/student-loans-forgiveness-us-department-of-education,4413,ed.gov,,,6030,96.05,,/higher-education/manage-your-loans/st...
/provider-characteristics/medicare-provider-supplier-enrollment/order-and-referring,4413,data.cms.gov,,,6031,96.05,,/provider-characteristics/medicare-pro...
/consumers/consumer-updates/outsmarting-poison-ivy-and-other-poisonous-plants,4413,fda.gov,,,6032,96.05,,/consumers/consumer-updates/outsmartin...
/media/photo/collection.htm,4413,nps.gov,,,6033,96.05,,/media/photo/collection.htm
/forms-pubs/about-schedule-a-form-1040,4413,irs.gov,,,6034,96.05,,/forms-pubs/about-schedule-a-form-1040
/care-compare/oauth,4413,medicare.gov,,,6035,96.05,,/care-compare/oauth
/spanish/druginfo/meds/a685024-es.html,4413,medlineplus.gov,,,6036,96.06,,/spanish/druginfo/meds/a685024-es.html
/learning-resources/,4413,nasa.gov,,,6037,96.06,,/learning-resources/
/health/lewy-body-dementia/lewy-body-dementia-causes-symptoms-and-diagnosis,4413,nia.nih.gov,,,6038,96.06,,/health/lewy-body-dementia/lewy-body-d...
/blca/index.htm,4413,nps.gov,,,6039,96.06,,/blca/index.htm
/store/product/dungeons-dragons-stamps-s_485404,4413,store.usps.com,,,6040,96.06,,/store/product/dungeons-dragons-stamps...
/campaignproxyservice/subscriptions.aspx,4413,tools.cdc.gov,,,6041,96.06,,/campaignproxyservice/subscriptions.as...
/en/international-travel/travel-advisories/costa-rica.html,4413,travel.state.gov,,,6042,96.07,,/en/international-travel/travel-adviso...
/auctions/how-auctions-work/where-you-hold-securities/,4413,treasurydirect.gov,,,6043,96.07,,/auctions/how-auctions-work/where-you-...
/contact-center/form/cares,4413,tsa.gov,,,6044,96.07,,/contact-center/form/cares
/job/867695300,4413,usajobs.gov,,,6045,96.07,,/job/867695300
/5stepstofile,4413,uscis.gov,,,6046,96.07,,/5stepstofile
/green-card/green-card-processes-and-procedures/visa-availability-and-priority-dates,4413,uscis.gov,,,6047,96.07,,/green-card/green-card-processes-and-p...
/green-card/green-card-processes-and-procedures/visa-availability-priority-dates/when-to-file-your-adjustment-of-status-application-for-family-sponsored-or-employment-based-124,4413,uscis.gov,,,6048,96.08,,/green-card/green-card-processes-and-p...
/vaccines/hcp/by-disease/hpv.html,4413,cdc.gov,,,6049,96.08,,/vaccines/hcp/by-disease/hpv.html
/health-care/apply-for-health-care-form-10-10ez/insurance-information/health-insurance,4413,www.va.gov,,,6050,96.08,,/health-care/apply-for-health-care-for...
/discharge-upgrade-instructions/introduction/,4413,va.gov,,,6051,96.08,,/discharge-upgrade-instructions/introd...
/health-care/apply-for-health-care-form-10-10ez/insurance-information/your-health-insurance,4413,www.va.gov,,,6052,96.08,,/health-care/apply-for-health-care-for...
/about-federal-courts/educational-resources/about-educational-outreach/activity-resources/first-amendment-and-religion,4380,uscourts.gov,,,6053,96.08,,/about-federal-courts/educational-reso...
/about-federal-courts/educational-resources/supreme-court-landmarks,4380,uscourts.gov,,,6054,96.09,,/about-federal-courts/educational-reso...
/records/get-veteran-id-cards/apply/,4380,va.gov,,,6055,96.09,,/records/get-veteran-id-cards/apply/
/aboutus/news/news-releases.htm,4380,nps.gov,,,6056,96.09,,/aboutus/news/news-releases.htm
/id/481616492,4380,catalog.archives.gov,,,6057,96.09,,/id/481616492
/statistics,4380,ice.gov,,,6058,96.09,,/statistics
/en-uz/niv/users/sign_in,4380,ais.usvisa-info.com,,,6059,96.1,,/en-uz/niv/users/sign_in
/milestones/1945-1952/truman-doctrine,4380,history.state.gov,,,6060,96.1,,/milestones/1945-1952/truman-doctrine
/center-locator,4380,headstart.gov,,,6061,96.1,,/center-locator
/research/online-documents/world-war-ii-d-day-invasion-normandy,4380,eisenhowerlibrary.gov,,,6062,96.1,,/research/online-documents/world-war-i...
/compound/epilupinine,4380,pubchem.ncbi.nlm.nih.gov,,,6063,96.1,,/compound/epilupinine
/articles/pmc10952519/,4380,pmc.ncbi.nlm.nih.gov,,,6064,96.1,,/articles/pmc10952519/
/forms/all-forms/form-i-94-arrivaldeparture-record-information-for-completing-uscis-forms,4380,uscis.gov,,,6065,96.11,,/forms/all-forms/form-i-94-arrivaldepa...
/policy-data-oversight/assessment-and-selection/other-assessment-methods/emotional-intelligence-tests/,4380,opm.gov,,,6066,96.11,,/policy-data-oversight/assessment-and-...
/policy-data-oversight/pay-leave/pay-administration/fact-sheets/within-grade-increases/,4380,opm.gov,,,6067,96.11,,/policy-data-oversight/pay-leave/pay-a...
/job/868065600,4380,usajobs.gov,,,6068,96.11,,/job/868065600
/job/867651500,4380,usajobs.gov,,,6069,96.11,,/job/867651500
/content/travel/en/passports/get-fast/passport-agencies/houston.html,4380,travel.state.gov,,,6070,96.11,,/content/travel/en/passports/get-fast/...
/about/outlooks/,4380,spc.noaa.gov,,,6071,96.12,,/about/outlooks/
/individuals/transcript-services-for-individuals-faqs,4380,irs.gov,,,6072,96.12,,/individuals/transcript-services-for-i...
/my-health/appointments/schedule/mental-health,4380,www.va.gov,,,6073,96.12,,/my-health/appointments/schedule/menta...
/have-coverage/,4380,www.healthcare.gov,,,6074,96.12,,/have-coverage/
/lite-eligibility,4380,www.benefeds.gov,,,6075,96.12,,/lite-eligibility
/books/nbk1271/,4380,ncbi.nlm.nih.gov,,,6076,96.12,,/books/nbk1271/
/ncdoc/,4380,navifor.usff.navy.mil,,,6077,96.13,,/ncdoc/
/lab-tests/how-to-understand-your-lab-results/,4380,medlineplus.gov,,,6078,96.13,,/lab-tests/how-to-understand-your-lab-...
/coverage/durable-medical-equipment-dme-coverage,4380,medicare.gov,,,6079,96.13,,/coverage/durable-medical-equipment-dm...
/human-systems-integration-division/,4380,nasa.gov,,,6080,96.13,,/human-systems-integration-division/
/policy-manual,4380,uscis.gov,,,6081,96.13,,/policy-manual
/scripts/cder/psg/index.cfm,4380,accessdata.fda.gov,,,6082,96.13,,/scripts/cder/psg/index.cfm
/working-in-the-united-states/temporary-workers/tn-usmca-professionals,4380,uscis.gov,,,6083,96.14,,/working-in-the-united-states/temporar...
/mkx/weatherstory,4380,weather.gov,,,6084,96.14,,/mkx/weatherstory
/menstrual-cycle/premenstrual-syndrome/premenstrual-dysphoric-disorder-pmdd,4380,womenshealth.gov,,,6085,96.14,,/menstrual-cycle/premenstrual-syndrome...
/IVApp/IVApp/complete/complete_contact.aspx,4380,ceac.state.gov,,,6086,96.14,,/IVApp/IVApp/complete/complete_contact...
/package-contents,4380,cfo.usps.com,,,6087,96.14,,/package-contents
/es/i-130,4347,uscis.gov,,,6088,96.14,,/es/i-130
/opre/blog,4347,acf.gov,,,6089,96.15,,/opre/blog
/ooh/math/data-scientists.htm,4347,bls.gov,,,6090,96.15,,/ooh/math/data-scientists.htm
/abstract.php,4347,benthamopenarchives.com,,,6091,96.15,,/abstract.php
/details/09250601/pov,4347,bwt.cbp.gov,,,6092,96.15,,/details/09250601/pov
/id/295136835,4347,catalog.archives.gov,,,6093,96.15,,/id/295136835
/apod/ap250515.html,4347,apod.nasa.gov,,,6094,96.15,,/apod/ap250515.html
/working-in-government/unique-hiring-paths,4347,help.usajobs.gov,,,6095,96.16,,/working-in-government/unique-hiring-p...
/medicaid-chip/childrens-health-insurance-program/,4347,healthcare.gov,,,6096,96.16,,/medicaid-chip/childrens-health-insura...
/epstein/doj-disclosures/court-records-ca-florida-holdings-llc-publisher-palm-beach-post-v-aronberg-no-50-2019-ca-014681-xxxx-mb,4347,justice.gov,,,6097,96.16,,/epstein/doj-disclosures/court-records...
/recalls-alerts/fsis-issues-public-health-alert-headcheese-deli-meat-products-may-be-contaminated,4347,fsis.usda.gov,,,6098,96.16,,/recalls-alerts/fsis-issues-public-hea...
/gpw/enrollment/individual/,4347,godirect.gov,,,6099,96.16,,/gpw/enrollment/individual/
/ru/downloads/irs-prior,4347,irs.gov,,,6100,96.16,,/ru/downloads/irs-prior
/retirement-plans/retirement-plans-faqs-regarding-iras-distributions-withdrawals,4347,irs.gov,,,6101,96.17,,/retirement-plans/retirement-plans-faq...
/individuals/international-individuals,4347,irs.gov,,,6102,96.17,,/individuals/international-individuals
/credits-deductions/individuals/refundable-tax-credits,4347,irs.gov,,,6103,96.17,,/credits-deductions/individuals/refund...
/long-covid/about/index.html,4347,cdc.gov,,,6104,96.17,,/long-covid/about/index.html
/indiv/help/bc/savings-bond-calc/,4347,treasurydirect.gov,,,6105,96.17,,/indiv/help/bc/savings-bond-calc/
/articles/pmc9297965/,4347,pmc.ncbi.nlm.nih.gov,,,6106,96.17,,/articles/pmc9297965/
/search/samhsa,4347,samhsa.gov,,,6107,96.18,,/search/samhsa
/climate-change/what-is-climate-change/,4347,science.nasa.gov,,,6108,96.18,,/climate-change/what-is-climate-change...
/articles/student-loan-forgiveness/,4347,studentaid.gov,,,6109,96.18,,/articles/student-loan-forgiveness/
/country-commercial-guides/united-arab-emirates-defense,4347,trade.gov,,,6110,96.18,,/country-commercial-guides/united-arab...
/emiweb/is/icsresource/trainingmaterials/,4347,training.fema.gov,,,6111,96.18,,/emiweb/is/icsresource/trainingmateria...
/articles/pmc6186041/,4347,pmc.ncbi.nlm.nih.gov,,,6112,96.18,,/articles/pmc6186041/
/resources/getting-urgent-care-at-va-or-in-network-community-providers/,4347,va.gov,,,6113,96.19,,/resources/getting-urgent-care-at-va-o...
/medicaid/eligibility-policy,4347,medicaid.gov,,,6114,96.19,,/medicaid/eligibility-policy
/sitemap.xml,4347,doingbusiness.msfc.nasa.gov,,,6115,96.19,,/sitemap.xml
/universo/,4347,ciencia.nasa.gov,,,6116,96.19,,/universo/
/articles/how-recognize-report-spam-text-messages,4347,consumer.ftc.gov,,,6117,96.19,,/articles/how-recognize-report-spam-te...
/choose_adventure.htm,4347,everykidoutdoors.gov,,,6118,96.19,,/choose_adventure.htm
/drugs/drug-alerts-and-statements/fda-clarifies-policies-compounders-national-glp-1-supply-begins-stabilize,4347,fda.gov,,,6119,96.2,,/drugs/drug-alerts-and-statements/fda-...
/fdc-app,4347,fdc.nal.usda.gov,,,6120,96.2,,/fdc-app
/job/867656500,4347,usajobs.gov,,,6121,96.2,,/job/867656500
/podcasts/houston-we-have-a-podcast/artemis-ii-backup-crew/,4347,nasa.gov,,,6122,96.2,,/podcasts/houston-we-have-a-podcast/ar...
/oalj_case_status.html,4347,oalj.dol.gov,,,6123,96.2,,/oalj_case_status.html
/policies/pappg,4347,nsf.gov,,,6124,96.2,,/policies/pappg
/grsm/planyourvisit/index.htm,4347,nps.gov,,,6125,96.21,,/grsm/planyourvisit/index.htm
/acad/planyourvisit/conditions.htm,4347,nps.gov,,,6126,96.21,,/acad/planyourvisit/conditions.htm
/health-drug-plans/medigap/basics,4347,medicare.gov,,,6127,96.21,,/health-drug-plans/medigap/basics
/articles/pmc4285283/,4347,pmc.ncbi.nlm.nih.gov,,,6128,96.21,,/articles/pmc4285283/
/project-home/,4313,eplanning.blm.gov,,,6129,96.21,,/project-home/
/rules-regulations/2026/05/s7-2026-15,4313,sec.gov,,,6130,96.21,,/rules-regulations/2026/05/s7-2026-15
/travel-advisory-rwanda-may-2026/,4313,rw.usembassy.gov,,,6131,96.21,,/travel-advisory-rwanda-may-2026/
/history/cases-and-criminals/black-dahlia,4313,fbi.gov,,,6132,96.22,,/history/cases-and-criminals/black-dah...
/about-genomics/policy-issues/genome-statute-legislation-database,4313,genome.gov,,,6133,96.22,,/about-genomics/policy-issues/genome-s...
/globe-community/blogs/community-blogs,4313,globe.gov,,,6134,96.22,,/globe-community/blogs/community-blogs
/login/login-redirect-interim,4313,harp.cms.gov,,,6135,96.22,,/login/login-redirect-interim
/articles/pmc12165459/,4313,pmc.ncbi.nlm.nih.gov,,,6136,96.22,,/articles/pmc12165459/
/saturn/moons/,4313,science.nasa.gov,,,6137,96.22,,/saturn/moons/
/all-about-the-moon/en/,4313,spaceplace.nasa.gov,,,6138,96.23,,/all-about-the-moon/en/
/enforcement-litigation/litigation-releases,4313,sec.gov,,,6139,96.23,,/enforcement-litigation/litigation-rel...
/newsroom/meetings-events,4313,sec.gov,,,6140,96.23,,/newsroom/meetings-events
/housing-assistance/home-loans/check-coe-status/,4313,va.gov,,,6141,96.23,,/housing-assistance/home-loans/check-c...
/top/,4313,weather.gov,,,6142,96.23,,/top/
/life-insurance/manage-your-policy/,4313,va.gov,,,6143,96.23,,/life-insurance/manage-your-policy/
/manage-dependents/add-remove-form-21-686c-674/current-spouse-marriage-history,4313,www.va.gov,,,6144,96.24,,/manage-dependents/add-remove-form-21-...
/current/title-38/chapter-i/part-3,4313,ecfr.gov,,,6145,96.24,,/current/title-38/chapter-i/part-3
/apod/ap250501.html,4313,apod.nasa.gov,,,6146,96.24,,/apod/ap250501.html
/apod/ap250420.html,4313,apod.nasa.gov,,,6147,96.24,,/apod/ap250420.html
/apod/ap250530.html,4313,apod.nasa.gov,,,6148,96.24,,/apod/ap250530.html
/apod/ap250516.html,4313,apod.nasa.gov,,,6149,96.24,,/apod/ap250516.html
/h/understand-aid/how-aid-works,4313,studentaid.gov,,,6150,96.25,,/h/understand-aid/how-aid-works
/programs/government-travel-charge-card/,4313,travel.dod.mil,,,6151,96.25,,/programs/government-travel-charge-car...
/content/travel/en/replace-certify-docs/authenticate-your-document/requesting-authentication-services.html,4313,travel.state.gov,,,6152,96.25,,/content/travel/en/replace-certify-doc...
/content/travel/en/passports/get-fast/passport-agencies/los-angeles.html,4313,travel.state.gov,,,6153,96.25,,/content/travel/en/passports/get-fast/...
/forms/all-forms/direct-filing-addresses-for-form-i-140-immigrant-petition-for-alien-worker,4313,uscis.gov,,,6154,96.25,,/forms/all-forms/direct-filing-address...
/manage/mail-for-deceased.htm,4313,usps.com,,,6155,96.25,,/manage/mail-for-deceased.htm
/job/868027600,4313,usajobs.gov,,,6156,96.26,,/job/868027600
/es/i-765,4313,uscis.gov,,,6157,96.26,,/es/i-765
/trademarks/trademark-fee-information,4313,uspto.gov,,,6158,96.26,,/trademarks/trademark-fee-information
/militarymembers/payentitlements/pay-tables/idp-areas/,4313,dfas.mil,,,6159,96.26,,/militarymembers/payentitlements/pay-t...
/healthy-youth/mental-health/index.html,4313,cdc.gov,,,6160,96.26,,/healthy-youth/mental-health/index.htm...
/docket,4313,data.ntsb.gov,,,6161,96.26,,/docket
/apod/ap250806.html,4313,apod.nasa.gov,,,6162,96.27,,/apod/ap250806.html
/common-access-card/getting-your-cac/,4313,cac.mil,,,6163,96.27,,/common-access-card/getting-your-cac/
/hr/employees/leave/holidays,4313,commerce.gov,,,6164,96.27,,/hr/employees/leave/holidays
/medicare/coding-billing/national-correct-coding-initiative-ncci-edits,4313,cms.gov,,,6165,96.27,,/medicare/coding-billing/national-corr...
/quickfacts/,4313,census.gov,,,6166,96.27,,/quickfacts/
/newsroom/press-releases/2025/2024-presidential-election-voting-registration-tables.html,4313,census.gov,,,6167,96.27,,/newsroom/press-releases/2025/2024-pre...
/physical-activity-basics/benefits/index.html,4313,cdc.gov,,,6168,96.28,,/physical-activity-basics/benefits/ind...
/glac/planyourvisit/index.htm,4313,nps.gov,,,6169,96.28,,/glac/planyourvisit/index.htm
/ars/authentication/logout,4313,idcfars.bls.gov,,,6170,96.28,,/ars/authentication/logout
/businesses/manage-access-in-business-tax-account,4313,irs.gov,,,6171,96.28,,/businesses/manage-access-in-business-...
/lab-tests/microalbumin-creatinine-ratio/,4313,medlineplus.gov,,,6172,96.28,,/lab-tests/microalbumin-creatinine-rat...
/mycaa/,4313,mycaa.militaryonesource.mil,,,6173,96.28,,/mycaa/
/blogs/quesst/2026/05/08/nasas-x-59-flight-tests-pick-up-speed-with-two-flight-days/,4313,nasa.gov,,,6174,96.29,,/blogs/quesst/2026/05/08/nasas-x-59-fl...
/mission/nasa-spacex-crs-34/,4313,nasa.gov,,,6175,96.29,,/mission/nasa-spacex-crs-34/
/nasa/city,4313,homeandcity.nasa.gov,,,6176,96.29,,/nasa/city
/ohrp/regulations-and-policy/belmont-report/read-the-belmont-report/index.html,4313,hhs.gov,,,6177,96.29,,/ohrp/regulations-and-policy/belmont-r...
/measles/signs-symptoms/photos.html,4280,cdc.gov,,,6178,96.29,,/measles/signs-symptoms/photos.html
/apod/ap250714.html,4280,apod.nasa.gov,,,6179,96.29,,/apod/ap250714.html
/apod/ap250804.html,4280,apod.nasa.gov,,,6180,96.3,,/apod/ap250804.html
/apod/ap250815.html,4280,apod.nasa.gov,,,6181,96.3,,/apod/ap250815.html
/apod/ap250821.html,4280,apod.nasa.gov,,,6182,96.3,,/apod/ap250821.html
/toolkit/careers/work-values-matcher-results.aspx,4280,careeronestop.org,,,6183,96.3,,/toolkit/careers/work-values-matcher-r...
/group-a-strep/about/strep-throat.html,4280,cdc.gov,,,6184,96.3,,/group-a-strep/about/strep-throat.html
/long-covid/signs-symptoms/index.html,4280,cdc.gov,,,6185,96.3,,/long-covid/signs-symptoms/index.html
/apod/ap250512.html,4280,apod.nasa.gov,,,6186,96.31,,/apod/ap250512.html
/lab-tests/alt-blood-test/,4280,medlineplus.gov,,,6187,96.31,,/lab-tests/alt-blood-test/
/usao-dc/pr/indictment-charges-cole-tomas-allen-attempt-assassinate-president-and-assault-federal,4280,justice.gov,,,6188,96.31,,/usao-dc/pr/indictment-charges-cole-to...
/health-drug-plans/part-d/what-drug-plans-cover,4280,medicare.gov,,,6189,96.31,,/health-drug-plans/part-d/what-drug-pl...
/registration/other-fmcsa-forms-and-resources,4280,fmcsa.dot.gov,,,6190,96.31,,/registration/other-fmcsa-forms-and-re...
/cms-l564-request-employment-information,4280,cms.gov,,,6191,96.31,,/cms-l564-request-employment-informati...
/enso,4280,climate.gov,,,6192,96.32,,/enso
/ceslite/thankyou,4280,cesdata.bls.gov,,,6193,96.32,,/ceslite/thankyou
/career-management/acronyms/,4280,afpc.af.mil,,,6194,96.32,,/career-management/acronyms/
/Web920/location_action.asp,4280,allowances.state.gov,,,6195,96.32,,/Web920/location_action.asp
/amc-travel-site/terminals/eucom-terminals/ramstein-ab-passenger-terminal/,4280,amc.af.mil,,,6196,96.32,,/amc-travel-site/terminals/eucom-termi...
/state/ut/index.htm,4280,nps.gov,,,6197,96.32,,/state/ut/index.htm
/acad/planyourvisit/index.htm,4280,nps.gov,,,6198,96.33,,/acad/planyourvisit/index.htm
/health/topics/anxiety-disorders,4280,nimh.nih.gov,,,6199,96.33,,/health/topics/anxiety-disorders
/publications/drugs-brains-behavior-science-addiction/drugs-brain,4280,nida.nih.gov,,,6200,96.33,,/publications/drugs-brains-behavior-sc...
/about/k-12-education/severe-weather/hurricane-simulation,4280,nesdis.noaa.gov,,,6201,96.33,,/about/k-12-education/severe-weather/h...
/data/forecasts/fzus51.kphi.html,4280,ndbc.noaa.gov,,,6202,96.33,,/data/forecasts/fzus51.kphi.html
/health-care/apply-for-health-care-form-10-10ez/insurance-information/va-facility,4280,www.va.gov,,,6203,96.33,,/health-care/apply-for-health-care-for...
/manage-dependents/add-remove-form-21-686c-674/686-report-add-child,4280,www.va.gov,,,6204,96.34,,/manage-dependents/add-remove-form-21-...
/nepa/listings/categorical-exclusion-cx-determinations-date,4280,energy.gov,,,6205,96.34,,/nepa/listings/categorical-exclusion-c...
/content/travel/en/us-visas/immigrate/employment-based-immigrant-visas.html,4280,travel.state.gov,,,6206,96.34,,/content/travel/en/us-visas/immigrate/...
/clinical/,4280,pubmed.ncbi.nlm.nih.gov,,,6207,96.34,,/clinical/
/station/kgjx/standard,4280,radar.weather.gov,,,6208,96.34,,/station/kgjx/standard
/training/elearning/if103-resources/,4280,cdse.edu,,,6209,96.34,,/training/elearning/if103-resources/
/state/wy/index.htm,4280,nps.gov,,,6210,96.34,,/state/wy/index.htm
/menu/do/,4280,spaceplace.nasa.gov,,,6211,96.35,,/menu/do/
/job/858752600,4280,usajobs.gov,,,6212,96.35,,/job/858752600
/manage-loans/repayment/plans/standard,4280,studentaid.gov,,,6213,96.35,,/manage-loans/repayment/plans/standard
/instructions/i1099mec,4280,irs.gov,,,6214,96.35,,/instructions/i1099mec
/apod/ap250608.html,4246,apod.nasa.gov,,,6215,96.35,,/apod/ap250608.html
/apod/ap250707.html,4246,apod.nasa.gov,,,6216,96.35,,/apod/ap250707.html
/news/topics/9-11-anniversary,4246,archives.gov,,,6217,96.36,,/news/topics/9-11-anniversary
/es-mx/niv/,4246,ais.usvisa-info.com,,,6218,96.36,,/es-mx/niv/
/apod/ap250506.html,4246,apod.nasa.gov,,,6219,96.36,,/apod/ap250506.html
/apod/ap250522.html,4246,apod.nasa.gov,,,6220,96.36,,/apod/ap250522.html
/en-gb/niv/information/niv_questions,4246,ais.usvisa-info.com,,,6221,96.36,,/en-gb/niv/information/niv_questions
/usda-foods/ffavors,4246,fns.usda.gov,,,6222,96.36,,/usda-foods/ffavors
/food-safety/safe-food-handling-and-preparation/food-safety-basics/safe-temperature-chart,4246,fsis.usda.gov,,,6223,96.37,,/food-safety/safe-food-handling-and-pr...
/eadmin/action/manageservices,4246,gateway.usps.com,,,6224,96.37,,/eadmin/action/manageservices
/coverage/what-marketplace-plans-cover/,4246,healthcare.gov,,,6225,96.37,,/coverage/what-marketplace-plans-cover...
/about-ice,4246,ice.gov,,,6226,96.37,,/about-ice
/militarymembers/payentitlements/pay-tables/basic-pay/wo/,4246,dfas.mil,,,6227,96.37,,/militarymembers/payentitlements/pay-t...
/content/travel/en/us-visas/visa-reciprocity-and-civil-documents-by-country/mexico.html,4246,travel.state.gov,,,6228,96.37,,/content/travel/en/us-visas/visa-recip...
/content/travel/en/us-visas/inmigracion/tarifas-para-servicios-de-visa.html,4246,travel.state.gov,,,6229,96.38,,/content/travel/en/us-visas/inmigracio...
/content/travel/en/us-visas/immigrate/the-immigrant-visa-process/step-5-collect-financial-evidence-and-other-supporting-documents/step-6-complete-online-visa-application.html,4246,travel.state.gov,,,6230,96.38,,/content/travel/en/us-visas/immigrate/...
/content/travel/en/international-travel/international-travel-country-information-pages/turkey.html,4246,travel.state.gov,,,6231,96.38,,/content/travel/en/international-trave...
/myaccount/account-transition-faqs.html,4246,ssa.gov,,,6232,96.38,,/myaccount/account-transition-faqs.htm...
/multimedia/2025-nasa-science-planning-guide/,4246,science.nasa.gov,,,6233,96.38,,/multimedia/2025-nasa-science-planning...
/station/kcxx/standard,4246,radar.weather.gov,,,6234,96.38,,/station/kcxx/standard
/applicant/militaryservice/militaryserviceeligibilitydisplay/,4246,usajobs.gov,,,6235,96.39,,/applicant/militaryservice/militaryser...
/diabetes/healthy-eating/diabetes-meal-planning.html,4246,cdc.gov,,,6236,96.39,,/diabetes/healthy-eating/diabetes-meal...
/diabetes/widgets/risktest/index.html,4246,cdc.gov,,,6237,96.39,,/diabetes/widgets/risktest/index.html
/measles/signs-symptoms/index.html,4246,cdc.gov,,,6238,96.39,,/measles/signs-symptoms/index.html
/IVApp/IVApp/complete/complete_personalcont.aspx,4246,ceac.state.gov,,,6239,96.39,,/IVApp/IVApp/complete/complete_persona...
/usn/resources_and_links/index.html,4246,cool.osd.mil,,,6240,96.39,,/usn/resources_and_links/index.html
/sir/,4246,cwcgom.aoml.noaa.gov,,,6241,96.4,,/sir/
/en/international-travel/living-abroad/criminal-records.html,4246,travel.state.gov,,,6242,96.4,,/en/international-travel/living-abroad...
/militarymembers/payentitlements/pay-tables/basic-pay/co_fe/,4246,dfas.mil,,,6243,96.4,,/militarymembers/payentitlements/pay-t...
/about-fda/about-website/fdagov-archive,4246,fda.gov,,,6244,96.4,,/about-fda/about-website/fdagov-archiv...
/militarymembers/travelpay/travel-voucher-payment-status-tool/,4246,dfas.mil,,,6245,96.4,,/militarymembers/travelpay/travel-vouc...
/charities-non-profits/exempt-organizations-business-master-file-extract-eo-bmf,4246,irs.gov,,,6246,96.4,,/charities-non-profits/exempt-organiza...
/articles/pmc2805706/,4246,pmc.ncbi.nlm.nih.gov,,,6247,96.4,,/articles/pmc2805706/
/exper/sref/sref.php,4246,origin-west-www-spc.woc.noaa.gov,,,6248,96.41,,/exper/sref/sref.php
/articles/pmc6940511/,4246,pmc.ncbi.nlm.nih.gov,,,6249,96.41,,/articles/pmc6940511/
/subjects/npscelebrates/spring-season.htm,4246,nps.gov,,,6250,96.41,,/subjects/npscelebrates/spring-season....
/forecastmaps,4246,weather.gov,,,6251,96.41,,/forecastmaps
/pardon/clemency-grants-president-donald-j-trump-2025-present,4246,justice.gov,,,6252,96.41,,/pardon/clemency-grants-president-dona...
/service-down,4246,www.regulations.gov,,,6253,96.41,,/service-down
/family-and-caregiver-benefits/education-and-careers/apply-for-dea-fry-form-22-5490/direct-deposit,4246,www.va.gov,,,6254,96.42,,/family-and-caregiver-benefits/educati...
/about-usda/general-information/staff-offices/departmental-administration,4246,usda.gov,,,6255,96.42,,/about-usda/general-information/staff-...
/housing-assistance/home-loans/loan-types/,4246,va.gov,,,6256,96.42,,/housing-assistance/home-loans/loan-ty...
/about-us,4246,uscis.gov,,,6257,96.42,,/about-us
/disability/file-disability-claim-form-21-526ez/mental-health-form-0781/supporting-evidence,4246,www.va.gov,,,6258,96.42,,/disability/file-disability-claim-form...
/grte/planyourvisit/roads.htm,4246,nps.gov,,,6259,96.42,,/grte/planyourvisit/roads.htm
/glac/planyourvisit/trailstatusreports.htm,4246,nps.gov,,,6260,96.43,,/glac/planyourvisit/trailstatusreports...
/pilots,4213,faa.gov,,,6261,96.43,,/pilots
/voucher.htm,4213,everykidoutdoors.gov,,,6262,96.43,,/voucher.htm
/manage-dependents/add-remove-form-21-686c-674/current-marriage-information/living-together,4213,www.va.gov,,,6263,96.43,,/manage-dependents/add-remove-form-21-...
/family-and-caregiver-benefits/education-and-careers/apply-for-dea-fry-form-22-5490/outstanding-felony,4213,www.va.gov,,,6264,96.43,,/family-and-caregiver-benefits/educati...
/disability/file-disability-claim-form-21-526ez/mental-health-form-0781/treatment-received,4213,www.va.gov,,,6265,96.43,,/disability/file-disability-claim-form...
/hun/climateforecast,4213,weather.gov,,,6266,96.44,,/hun/climateforecast
/heroin.html,4213,medlineplus.gov,,,6267,96.44,,/heroin.html
/legal-library/browse/cases-proceedings/case-document-search,4213,ftc.gov,,,6268,96.44,,/legal-library/browse/cases-proceeding...
/businesses/business-taxes,4213,irs.gov,,,6269,96.44,,/businesses/business-taxes
/es/identity-theft-fraud-scams/verify-your-return,4213,irs.gov,,,6270,96.44,,/es/identity-theft-fraud-scams/verify-...
/instructions/iw2w3,4213,irs.gov,,,6271,96.44,,/instructions/iw2w3
/payments/failure-to-pay-penalty,4213,irs.gov,,,6272,96.45,,/payments/failure-to-pay-penalty
/retirement-plans/one-participant-401k-plans,4213,irs.gov,,,6273,96.45,,/retirement-plans/one-participant-401k...
/retirement-plans/plan-participant-employee/retirement-topics-beneficiary,4213,irs.gov,,,6274,96.45,,/retirement-plans/plan-participant-emp...
/drugs/information-consumers-and-patients-drugs/high-blood-pressure-understanding-silent-killer,4213,fda.gov,,,6275,96.45,,/drugs/information-consumers-and-patie...
/doc/blast-help/faq.html,4213,blast.ncbi.nlm.nih.gov,,,6276,96.45,,/doc/blast-help/faq.html
/apod/ap250720.html,4213,apod.nasa.gov,,,6277,96.45,,/apod/ap250720.html
/apod/ap250709.html,4213,apod.nasa.gov,,,6278,96.46,,/apod/ap250709.html
/apod/ap250228.html,4213,apod.nasa.gov,,,6279,96.46,,/apod/ap250228.html
/es-co/niv/information/announcements,4213,ais.usvisa-info.com,,,6280,96.46,,/es-co/niv/information/announcements
/en-ke/niv,4213,ais.usvisa-info.com,,,6281,96.46,,/en-ke/niv
/ticks/about/index.html,4213,cdc.gov,,,6282,96.46,,/ticks/about/index.html
/css/resource-library,4213,acf.gov,,,6283,96.46,,/css/resource-library
/career-paths/foreign-service/limited-non-career-appointments-lna/consular-fellows/,4213,careers.state.gov,,,6284,96.46,,/career-paths/foreign-service/limited-...
/agencies/eta,4213,dol.gov,,,6285,96.47,,/agencies/eta
/ask-cfpb/how-do-i-dispute-an-error-on-my-credit-report-en-314/,4213,consumerfinance.gov,,,6286,96.47,,/ask-cfpb/how-do-i-dispute-an-error-on...
/history/analytics,4213,cnsb.usps.com,,,6287,96.47,,/history/analytics
/programs-surveys.html,4213,census.gov,,,6288,96.47,,/programs-surveys.html
/vaccines/imz-schedules/index.html,4213,cdc.gov,,,6289,96.47,,/vaccines/imz-schedules/index.html
/employer/verifyssn.htm,4213,ssa.gov,,,6290,96.47,,/employer/verifyssn.htm
/disability/professionals/bluebook/14.00-immune-adult.htm,4213,ssa.gov,,,6291,96.48,,/disability/professionals/bluebook/14....
/solar-system/comets/,4213,science.nasa.gov,,,6292,96.48,,/solar-system/comets/
/workspace/em/entities/recovery,4213,sam.gov,,,6293,96.48,,/workspace/em/entities/recovery
/21655186/,4213,pubmed.ncbi.nlm.nih.gov,,,6294,96.48,,/21655186/
/stakeholder-comms/,4213,primis.phmsa.dot.gov,,,6295,96.48,,/stakeholder-comms/
/articles/pmc1978350/,4213,pmc.ncbi.nlm.nih.gov,,,6296,96.48,,/articles/pmc1978350/
/articles/pmc1864818/,4213,pmc.ncbi.nlm.nih.gov,,,6297,96.49,,/articles/pmc1864818/
/policy-data-oversight/assessment-and-selection/other-assessment-methods/personality-tests/,4213,opm.gov,,,6298,96.49,,/policy-data-oversight/assessment-and-...
/loan-simulator/repayment/results/application-details/SG,4213,studentaid.gov,,,6299,96.49,,/loan-simulator/repayment/results/appl...
/state-governments,4213,usa.gov,,,6300,96.49,,/state-governments
/store/product/the-appalachian-trail-stamps-s_486104,4213,store.usps.com,,,6301,96.49,,/store/product/the-appalachian-trail-s...
/omim,4213,ncbi.nlm.nih.gov,,,6302,96.49,,/omim
/manage-dependents/add-remove-form-21-686c-674/current-marriage-information/location-of-marriage,4213,www.va.gov,,,6303,96.5,,/manage-dependents/add-remove-form-21-...
/blogs/commercialcrew/2026/05/01/nasa-partners-update-international-space-station-2026-flight-plan/,4213,nasa.gov,,,6304,96.5,,/blogs/commercialcrew/2026/05/01/nasa-...
/appointmentscheduler-appointment/ca/en,4213,my.uscis.gov,,,6305,96.5,,/appointmentscheduler-appointment/ca/e...
/spanish/shingles.html,4213,medlineplus.gov,,,6306,96.5,,/spanish/shingles.html
/fire-information/nfn,4213,nifc.gov,,,6307,96.5,,/fire-information/nfn
/netdmr-web/protected/search_dmr.htm,4213,netdmr.epa.gov,,,6308,96.5,,/netdmr-web/protected/search_dmr.htm
/asis/index.htm,4213,nps.gov,,,6309,96.5,,/asis/index.htm
/applicant/militaryservice/enterinformation/0/,4213,usajobs.gov,,,6310,96.51,,/applicant/militaryservice/enterinform...
/news/press-release/fugitive-wanted-murder-massachusetts-captured-vermont,4213,usmarshals.gov,,,6311,96.51,,/news/press-release/fugitive-wanted-mu...
/alienregistration,4213,uscis.gov,,,6312,96.51,,/alienregistration
/disability/file-disability-claim-form-21-526ez/resume,4213,va.gov,,,6313,96.51,,/disability/file-disability-claim-form...
/apod/ap250726.html,4179,apod.nasa.gov,,,6314,96.51,,/apod/ap250726.html
/shen/planyourvisit/campgrounds.htm,4179,nps.gov,,,6315,96.51,,/shen/planyourvisit/campgrounds.htm
/thro/index.htm,4179,nps.gov,,,6316,96.52,,/thro/index.htm
/healthypeople/search,4179,odphp.health.gov,,,6317,96.52,,/healthypeople/search
/articles/pmc10832676/,4179,pmc.ncbi.nlm.nih.gov,,,6318,96.52,,/articles/pmc10832676/
/personnel-records-center/forms,4179,archives.gov,,,6319,96.52,,/personnel-records-center/forms
/amc-travel-site/terminals/pacom-terminals/joint-base-pearl-harbor-hickam-passenger-terminal/,4179,amc.af.mil,,,6320,96.52,,/amc-travel-site/terminals/pacom-termi...
/apod/ap250401.html,4179,apod.nasa.gov,,,6321,96.52,,/apod/ap250401.html
/training_testing/testing/acs,4179,faa.gov,,,6322,96.53,,/training_testing/testing/acs
/retirement-plans/plan-sponsor/types-of-retirement-plans,4179,irs.gov,,,6323,96.53,,/retirement-plans/plan-sponsor/types-o...
/retirement-plans/plan-participant-employee/retirement-topics-hardship-distributions,4179,irs.gov,,,6324,96.53,,/retirement-plans/plan-participant-emp...
/payments/types-of-business-payments-available-through-direct-pay,4179,irs.gov,,,6325,96.53,,/payments/types-of-business-payments-a...
/instructions/i1040x,4179,irs.gov,,,6326,96.53,,/instructions/i1040x
/forms-pubs/about-form-1041,4179,irs.gov,,,6327,96.53,,/forms-pubs/about-form-1041
/registration/get-mc-number-authority-operate,4179,fmcsa.dot.gov,,,6328,96.54,,/registration/get-mc-number-authority-...
/presidential-documents/executive-orders/donald-trump/2025,4179,federalregister.gov,,,6329,96.54,,/presidential-documents/executive-orde...
/civil/documents-and-forms-0,4179,justice.gov,,,6330,96.54,,/civil/documents-and-forms-0
/health-care/apply-for-health-care-form-10-10ez/review-and-submit,4179,www.va.gov,,,6331,96.54,,/health-care/apply-for-health-care-for...
/manage-dependents/add-remove-form-21-686c-674/add-spouse/personal-information,4179,www.va.gov,,,6332,96.54,,/manage-dependents/add-remove-form-21-...
/manage-dependents/add-remove-form-21-686c-674/current-marriage-information/type-of-marriage,4179,www.va.gov,,,6333,96.54,,/manage-dependents/add-remove-form-21-...
/travel/destinations/traveler/none/south-africa,4179,wwwnc.cdc.gov,,,6334,96.54,,/travel/destinations/traveler/none/sou...
/lab-tests/gamma-glutamyl-transferase-ggt-test/,4179,medlineplus.gov,,,6335,96.55,,/lab-tests/gamma-glutamyl-transferase-...
/lab-tests/creatinine-test/,4179,medlineplus.gov,,,6336,96.55,,/lab-tests/creatinine-test/
/coverage/preventive-screening-services,4179,medicare.gov,,,6337,96.55,,/coverage/preventive-screening-service...
/usao-ednc/pr/franklin-county-drug-dealer-sentenced-21-years-prison-selling-fentanyl-killed-man,4179,justice.gov,,,6338,96.55,,/usao-ednc/pr/franklin-county-drug-dea...
/access/past-weather/,4179,ncei.noaa.gov,,,6339,96.55,,/access/past-weather/
/general/nasa-regenerative-fuel-cell-testing/,4179,nasa.gov,,,6340,96.55,,/general/nasa-regenerative-fuel-cell-t...
/isro/index.htm,4179,nps.gov,,,6341,96.56,,/isro/index.htm
/phone,4179,usa.gov,,,6342,96.56,,/phone
/espan/main/login.jsp,4179,egrants.cns.gov,,,6343,96.56,,/espan/main/login.jsp
/collections/lunar/,4179,eol.jsc.nasa.gov,,,6344,96.56,,/collections/lunar/
/disability/file-disability-claim-form-21-526ez/new-disabilities/follow-up/4,4179,www.va.gov,,,6345,96.56,,/disability/file-disability-claim-form...
/education/about-gi-bill-benefits/montgomery-active-duty/,4179,va.gov,,,6346,96.56,,/education/about-gi-bill-benefits/mont...
/family-and-caregiver-benefits/health-and-disability/champva/apply-form-10-10d/veteran-name-and-date-of-birth,4179,www.va.gov,,,6347,96.57,,/family-and-caregiver-benefits/health-...
/decision-reviews/supplemental-claim/file-supplemental-claim-form-20-0995/confirmation,4179,www.va.gov,,,6348,96.57,,/decision-reviews/supplemental-claim/f...
/resources/va-debt-management/,4179,va.gov,,,6349,96.57,,/resources/va-debt-management/
/family-and-caregiver-benefits/health-and-disability/champva/apply-form-10-10d/veteran-information-overview,4179,www.va.gov,,,6350,96.57,,/family-and-caregiver-benefits/health-...
/articles/pmc11594359/,4179,pmc.ncbi.nlm.nih.gov,,,6351,96.57,,/articles/pmc11594359/
/articles/pmc8733677/,4179,pmc.ncbi.nlm.nih.gov,,,6352,96.57,,/articles/pmc8733677/
/substance/11119999,4179,pubchem.ncbi.nlm.nih.gov,,,6353,96.58,,/substance/11119999
/19274850/,4179,pubmed.ncbi.nlm.nih.gov,,,6354,96.58,,/19274850/
/20016036/,4179,pubmed.ncbi.nlm.nih.gov,,,6355,96.58,,/20016036/
/schedule/2025/12_sched.htm,4179,bls.gov,,,6356,96.58,,/schedule/2025/12_sched.htm
/folic-acid/data-research/mthfr/index.html,4179,cdc.gov,,,6357,96.58,,/folic-acid/data-research/mthfr/index....
/mypayinfo/mypayhelp/,4179,dfas.mil,,,6358,96.58,,/mypayinfo/mypayhelp/
/aircraft,4179,faa.gov,,,6359,96.58,,/aircraft
/regulations_policies/faa_regulations,4179,faa.gov,,,6360,96.59,,/regulations_policies/faa_regulations
/subjects/bears/safety.htm,4146,nps.gov,,,6361,96.59,,/subjects/bears/safety.htm
/factsheets/list-all/,4146,ods.od.nih.gov,,,6362,96.59,,/factsheets/list-all/
/ooh/military/military-careers.htm,4146,bls.gov,,,6363,96.59,,/ooh/military/military-careers.htm
/articles/pmc11830699/,4146,pmc.ncbi.nlm.nih.gov,,,6364,96.59,,/articles/pmc11830699/
/workers,4146,osha.gov,,,6365,96.59,,/workers
/newsroom/accountability-and-transparency/cbp-reports-search,4146,cbp.gov,,,6366,96.6,,/newsroom/accountability-and-transpare...
/ooh/architecture-and-engineering/architects.htm,4146,bls.gov,,,6367,96.6,,/ooh/architecture-and-engineering/arch...
/ooh/healthcare/dentists.htm,4146,bls.gov,,,6368,96.6,,/ooh/healthcare/dentists.htm
/articles/pmc11476667/,4146,pmc.ncbi.nlm.nih.gov,,,6369,96.6,,/articles/pmc11476667/
/grants/grants-for-arts-projects,4146,arts.gov,,,6370,96.6,,/grants/grants-for-arts-projects
/publications/p969,4146,irs.gov,,,6371,96.6,,/publications/p969
/opa/pr/us-soldier-charged-using-classified-information-profit-prediction-market-bets,4146,justice.gov,,,6372,96.61,,/opa/pr/us-soldier-charged-using-class...
/news/press/releases/2025/12/01/tsa-introduces-new-45-fee-option-for-travelers-without-real-id,4146,tsa.gov,,,6373,96.61,,/news/press/releases/2025/12/01/tsa-in...
/immigration-and-citizenship,4146,usa.gov,,,6374,96.61,,/immigration-and-citizenship
/articles/pmc1586154/,4146,pmc.ncbi.nlm.nih.gov,,,6375,96.61,,/articles/pmc1586154/
/water-research/epanet,4146,epa.gov,,,6376,96.61,,/water-research/epanet
/missions/hubble/a-hubble-study-of-the-peculiar-asymmetry-of-ngc-949/,4146,science.nasa.gov,,,6377,96.61,,/missions/hubble/a-hubble-study-of-the...
/idea/,4146,sites.ed.gov,,,6378,96.62,,/idea/
/docs/news,4146,pubchem.ncbi.nlm.nih.gov,,,6379,96.62,,/docs/news
/articles/pmc11923605/,4146,pmc.ncbi.nlm.nih.gov,,,6380,96.62,,/articles/pmc11923605/
/articles/pmc4558040/,4146,pmc.ncbi.nlm.nih.gov,,,6381,96.62,,/articles/pmc4558040/
/safety,4146,weather.gov,,,6382,96.62,,/safety
/health-care/apply-for-health-care-form-10-10ez/confirmation,4146,www.va.gov,,,6383,96.62,,/health-care/apply-for-health-care-for...
/spaces/cadsr/overview,4146,wiki.nci.nih.gov,,,6384,96.62,,/spaces/cadsr/overview
/disability/file-disability-claim-form-21-526ez/mental-health-form-0781/additional-information,4146,www.va.gov,,,6385,96.63,,/disability/file-disability-claim-form...
/family-and-caregiver-benefits/health-and-disability/champva/apply-form-10-10d/veteran-social-security-number,4146,www.va.gov,,,6386,96.63,,/family-and-caregiver-benefits/health-...
/index-lb.html,4146,my.navy.mil,,,6387,96.63,,/index-lb.html
/faq-index-search,4146,irs.gov,,,6388,96.63,,/faq-index-search
/otx/,4146,weather.gov,,,6389,96.63,,/otx/
/job/867592900,4146,usajobs.gov,,,6390,96.63,,/job/867592900
/forms-pubs/about-form-1120-s,4146,irs.gov,,,6391,96.64,,/forms-pubs/about-form-1120-s
/militarypass,4146,store.usgs.gov,,,6392,96.64,,/militarypass
/oact/babynames/decades/names2010s.html,4146,ssa.gov,,,6393,96.64,,/oact/babynames/decades/names2010s.htm...
/moon-phases/en/,4146,spaceplace.nasa.gov,,,6394,96.64,,/moon-phases/en/
/science/toolbox/emspectrum1.html,4146,imagine.gsfc.nasa.gov,,,6395,96.64,,/science/toolbox/emspectrum1.html
/ars/user/printsummary,4146,idcfars.bls.gov,,,6396,96.64,,/ars/user/printsummary
/login/login,4146,harp.cms.gov,,,6397,96.65,,/login/login
/atr/antitrust-case-filings-alpha,4146,justice.gov,,,6398,96.65,,/atr/antitrust-case-filings-alpha
/fdse/search/search.pl,4146,lsg3.nlm.nih.gov,,,6399,96.65,,/fdse/search/search.pl
/apod/ap250723.html,4146,apod.nasa.gov,,,6400,96.65,,/apod/ap250723.html
/apod/ap251013.html,4146,apod.nasa.gov,,,6401,96.65,,/apod/ap251013.html
/en-us/account/login,4146,online-auction.state.gov,,,6402,96.65,,/en-us/account/login
/sanctions-list-search-tool,4146,ofac.treasury.gov,,,6403,96.65,,/sanctions-list-search-tool
/ency/article/000435.htm,4146,medlineplus.gov,,,6404,96.66,,/ency/article/000435.htm
/health-care/order-hearing-aid-or-CPAP-supplies-form/review-and-submit,4146,www.va.gov,,,6405,96.66,,/health-care/order-hearing-aid-or-CPAP...
/pccompound,4146,ncbi.nlm.nih.gov,,,6406,96.66,,/pccompound
/apod/ap250706.html,4146,apod.nasa.gov,,,6407,96.66,,/apod/ap250706.html
/apod/ap250514.html,4146,apod.nasa.gov,,,6408,96.66,,/apod/ap250514.html
/apod/ap250409.html,4146,apod.nasa.gov,,,6409,96.66,,/apod/ap250409.html
/es-ar/niv/information/niv_questions,4146,ais.usvisa-info.com,,,6410,96.67,,/es-ar/niv/information/niv_questions
/apod/ap250719.html,4146,apod.nasa.gov,,,6411,96.67,,/apod/ap250719.html
/autism/about/index.html,4146,cdc.gov,,,6412,96.67,,/autism/about/index.html
/form/recall-complaint-form,4146,cpsc.gov,,,6413,96.67,,/form/recall-complaint-form
/digitalcoast/tools/slr.html,4146,coast.noaa.gov,,,6414,96.67,,/digitalcoast/tools/slr.html
/laws/guidance/enforcement-guidance-reasonable-accommodation-and-undue-hardship-under-ada,4146,eeoc.gov,,,6415,96.67,,/laws/guidance/enforcement-guidance-re...
/products/tools_resources,4146,energystar.gov,,,6416,96.68,,/products/tools_resources
/searchphotos/showqueryresults-map.pl,4146,eol.jsc.nasa.gov,,,6417,96.68,,/searchphotos/showqueryresults-map.pl
/factsheets/fentanyl,4146,dea.gov,,,6418,96.68,,/factsheets/fentanyl
/ground-water-and-drinking-water/national-primary-drinking-water-regulations,4146,epa.gov,,,6419,96.68,,/ground-water-and-drinking-water/natio...
/plastics/impacts-plastic-pollution,4146,epa.gov,,,6420,96.68,,/plastics/impacts-plastic-pollution
/air_traffic/flight_info/aeronav/digital_products/dtpp/search/results/,4146,faa.gov,,,6421,96.68,,/air_traffic/flight_info/aeronav/digit...
/special-agents/physical-requirements/event-1,4146,fbijobs.gov,,,6422,96.68,,/special-agents/physical-requirements/...
/flood-maps/tools-resources/risk-map,4146,fema.gov,,,6423,96.69,,/flood-maps/tools-resources/risk-map
/cdl,4146,fmcsa.dot.gov,,,6424,96.69,,/cdl
/registration/insurance-filing-requirements,4146,fmcsa.dot.gov,,,6425,96.69,,/registration/insurance-filing-require...
/summer/sitefinder,4146,fns.usda.gov,,,6426,96.69,,/summer/sitefinder
/policy-issues/coronavirus/assistance-for-american-families-and-workers/emergency-rental-assistance-program,4113,home.treasury.gov,,,6427,96.69,,/policy-issues/coronavirus/assistance-...
/es/web/honduras/home/news,4113,globe.gov,,,6428,96.69,,/es/web/honduras/home/news
/image-detail/amf-art002e009582/,4113,nasa.gov,,,6429,96.7,,/image-detail/amf-art002e009582/
/international/first-class-mail-international.htm,4113,usps.com,,,6430,96.7,,/international/first-class-mail-intern...
/apod/ap250708.html,4113,apod.nasa.gov,,,6431,96.7,,/apod/ap250708.html
/apod/ap250520.html,4113,apod.nasa.gov,,,6432,96.7,,/apod/ap250520.html
/family-and-caregiver-benefits/health-and-disability/champva/apply-form-10-10d/applicant-name-and-date-of-birth/0,4113,www.va.gov,,,6433,96.7,,/family-and-caregiver-benefits/health-...
/family-and-caregiver-benefits/education-and-careers/apply-for-dea-fry-form-22-5490/review-and-submit,4113,www.va.gov,,,6434,96.7,,/family-and-caregiver-benefits/educati...
/visaapplicantui/forgotpassword,4113,www.usvisaappt.com,,,6435,96.71,,/visaapplicantui/forgotpassword
/wpc_ensemble_clusters/day_3_7/view.php,4113,wpc.ncep.noaa.gov,,,6436,96.71,,/wpc_ensemble_clusters/day_3_7/view.ph...
/apod/ap250812.html,4113,apod.nasa.gov,,,6437,96.71,,/apod/ap250812.html
/ooh/architecture-and-engineering/civil-engineers.htm,4113,bls.gov,,,6438,96.71,,/ooh/architecture-and-engineering/civi...
/rental-housing-programs,4113,usa.gov,,,6439,96.71,,/rental-housing-programs
/health/topics/agents/air-pollution,4113,niehs.nih.gov,,,6440,96.71,,/health/topics/agents/air-pollution
/portal/registerfeedback.aspx,4113,publicportal.eeoc.gov,,,6441,96.71,,/portal/registerfeedback.aspx
/policies/pappg/24-1/ch-2-proposal-preparation,4113,nsf.gov,,,6442,96.72,,/policies/pappg/24-1/ch-2-proposal-pre...
/exoplanets/exoplanet-catalog/,4113,science.nasa.gov,,,6443,96.72,,/exoplanets/exoplanet-catalog/
/federal-contracting/contracting-assistance-programs/women-owned-small-business-federal-contract-program,4113,sba.gov,,,6444,96.72,,/federal-contracting/contracting-assis...
/order-modified.htm,4113,tools.usps.com,,,6445,96.72,,/order-modified.htm
/communities/space-weather-enthusiasts-dashboard,4113,swpc.noaa.gov,,,6446,96.72,,/communities/space-weather-enthusiasts...
/job/853256200,4113,usajobs.gov,,,6447,96.72,,/job/853256200
/job/867812300,4113,usajobs.gov,,,6448,96.73,,/job/867812300
/mission/expedition-74/,4113,nasa.gov,,,6449,96.73,,/mission/expedition-74/
/podcasts/houston-we-have-a-podcast/the-artemis-ii-astronauts-2/,4113,nasa.gov,,,6450,96.73,,/podcasts/houston-we-have-a-podcast/th...
/aboutnames.shtml,4113,nhc.noaa.gov,,,6451,96.73,,/aboutnames.shtml
/dfars/part-252-solicitation-provisions-and-contract-clauses,4113,acquisition.gov,,,6452,96.73,,/dfars/part-252-solicitation-provision...
/es-co/niv/information/privacy_policy,4113,ais.usvisa-info.com,,,6453,96.73,,/es-co/niv/information/privacy_policy
/apod/ap250427.html,4113,apod.nasa.gov,,,6454,96.74,,/apod/ap250427.html
/mesh/meshhome.html,4113,nlm.nih.gov,,,6455,96.74,,/mesh/meshhome.html
/my-health/travel-pay/claims/,4113,www.va.gov,,,6456,96.74,,/my-health/travel-pay/claims/
/retiredmilitary/forms/,4113,dfas.mil,,,6457,96.74,,/retiredmilitary/forms/
/employee-resource-center/remote-access/,4113,digital.va.gov,,,6458,96.74,,/employee-resource-center/remote-acces...
/agencies/whd/fact-sheets/17a-overtime,4113,dol.gov,,,6459,96.74,,/agencies/whd/fact-sheets/17a-overtime
/time-limits-filing-charge,4113,eeoc.gov,,,6460,96.74,,/time-limits-filing-charge
/permits/epa-permitting-authority-map,4113,epa.gov,,,6461,96.75,,/permits/epa-permitting-authority-map
/wanted/topten/anibal-alexander-canelon-aguirre,4113,fbi.gov,,,6462,96.75,,/wanted/topten/anibal-alexander-canelo...
/interactivecatalog/nrnc.shtml,4079,charts.noaa.gov,,,6463,96.75,,/interactivecatalog/nrnc.shtml
/documents/2026/04/20/2026-07663/extension-of-compliance-dates-for-nondiscrimination-on-the-basis-of-disability-accessibility-of-web,4079,federalregister.gov,,,6464,96.75,,/documents/2026/04/20/2026-07663/exten...
/applicants/grant-applications/how-to-apply-for-grants,4079,grants.gov,,,6465,96.75,,/applicants/grant-applications/how-to-...
/milestones/1945-1952/berlin-airlift,4079,history.state.gov,,,6466,96.75,,/milestones/1945-1952/berlin-airlift
/great-depression-facts,4079,fdrlibrary.org,,,6467,96.76,,/great-depression-facts
/usao-wdmo/pr/project-safe-childhood-49,4079,justice.gov,,,6468,96.76,,/usao-wdmo/pr/project-safe-childhood-4...
/discovery/fulldisplay,4079,catalog.nlm.nih.gov,,,6469,96.76,,/discovery/fulldisplay
/heads-up/training/youth-sports.html,4079,cdc.gov,,,6470,96.76,,/heads-up/training/youth-sports.html
/s/participant-search/participant-detail,4079,dataprivacyframework.gov,,,6471,96.76,,/s/participant-search/participant-deta...
/usn/credential/index.html,4079,cool.osd.mil,,,6472,96.76,,/usn/credential/index.html
/station/kdmx/standard,4079,radar.weather.gov,,,6473,96.76,,/station/kdmx/standard
/articles/pmc8246818/,4079,pmc.ncbi.nlm.nih.gov,,,6474,96.77,,/articles/pmc8246818/
/articles/pmc7426470/,4079,pmc.ncbi.nlm.nih.gov,,,6475,96.77,,/articles/pmc7426470/
/articles/pmc4578691/,4079,pmc.ncbi.nlm.nih.gov,,,6476,96.77,,/articles/pmc4578691/
/19.29,4079,dlmf.nist.gov,,,6477,96.77,,/19.29
/search/login,4079,disasterassistance.gov,,,6478,96.77,,/search/login
/articles/pmc11656694/,4079,pmc.ncbi.nlm.nih.gov,,,6479,96.77,,/articles/pmc11656694/
/scams,4079,consumer.ftc.gov,,,6480,96.78,,/scams
/hiv/about/,4079,cdc.gov,,,6481,96.78,,/hiv/about/
/wastewater/respiratory-viruses/national.html,4079,cdc.gov,,,6482,96.78,,/wastewater/respiratory-viruses/nation...
/usao-sdil/pr/dark-web-child-porn-leads-12-year-sentence-randolph-county-man,4079,justice.gov,,,6483,96.78,,/usao-sdil/pr/dark-web-child-porn-lead...
/en-mx/iv/users/sign_in,4079,ais.usvisa-info.com,,,6484,96.78,,/en-mx/iv/users/sign_in
/amc-travel-site/terminals/conus-terminals/dover-afb-passenger-terminal/,4079,amc.af.mil,,,6485,96.78,,/amc-travel-site/terminals/conus-termi...
/apod/ap250428.html,4079,apod.nasa.gov,,,6486,96.79,,/apod/ap250428.html
/content/browse/report,4079,osac.gov,,,6487,96.79,,/content/browse/report
/about-us/uscis-office-closings,4079,uscis.gov,,,6488,96.79,,/about-us/uscis-office-closings
/i-9-central/form-i-9-resources/handbook-for-employers-m-274/50-automatic-extensions-of-employment-authorization-andor-employment-authorization-documents-eads-in/51-automatic-extensions-based-on-a-timely-filed-application-to-renew-employment-authorization,4079,uscis.gov,,,6489,96.79,,/i-9-central/form-i-9-resources/handbo...
/laws-and-policy,4079,uscis.gov,,,6490,96.79,,/laws-and-policy
/the-national-map-data-delivery/gis-data-download,4079,usgs.gov,,,6491,96.79,,/the-national-map-data-delivery/gis-da...
/bd/en/,4079,ustraveldocs.com,,,6492,96.79,,/bd/en/
/es/help/,4079,login.gov,,,6493,96.8,,/es/help/
/learning-resources/learning-tools/hit-road,4079,mycreditunion.gov,,,6494,96.8,,/learning-resources/learning-tools/hit...
/mhv-portal-web/ss20230412-my-healthevet-on-va-gov,4079,myhealth.va.gov,,,6495,96.8,,/mhv-portal-web/ss20230412-my-healthev...
/career-management/boards/active-duty-officer/,4079,mynavyhr.navy.mil,,,6496,96.8,,/career-management/boards/active-duty-...
/apod/ap250503.html,4079,apod.nasa.gov,,,6497,96.8,,/apod/ap250503.html
/apod/ap250620.html,4079,apod.nasa.gov,,,6498,96.8,,/apod/ap250620.html
/apod/ap250629.html,4079,apod.nasa.gov,,,6499,96.81,,/apod/ap250629.html
/apod/ap250807.html,4079,apod.nasa.gov,,,6500,96.81,,/apod/ap250807.html
/apod/ap250826.html,4079,apod.nasa.gov,,,6501,96.81,,/apod/ap250826.html
/personnel-records-center/military-personnel,4079,archives.gov,,,6502,96.81,,/personnel-records-center/military-per...
/disability/file-disability-claim-form-21-526ez/mental-health-form-0781/review-page,4079,www.va.gov,,,6503,96.81,,/disability/file-disability-claim-form...
/care-compare/specialties,4079,www.medicare.gov,,,6504,96.81,,/care-compare/specialties
/kids/games/,4079,science.nasa.gov,,,6505,96.81,,/kids/games/
/newsroom/speeches-statements,4079,sec.gov,,,6506,96.82,,/newsroom/speeches-statements
/moon-distance/en/,4079,spaceplace.nasa.gov,,,6507,96.82,,/moon-distance/en/
/faqs/en/questions/ka-02387.html,4079,ssa.gov,,,6508,96.82,,/faqs/en/questions/ka-02387.html
/manage-dependents/add-remove-form-21-686c-674/veteran-marriage-history,4079,www.va.gov,,,6509,96.82,,/manage-dependents/add-remove-form-21-...
/family-and-caregiver-benefits/health-and-disability/champva/apply-form-10-10d/applicant-information-overview,4079,www.va.gov,,,6510,96.82,,/family-and-caregiver-benefits/health-...
/arrival-departure-record,4079,usa.gov,,,6511,96.82,,/arrival-departure-record
/job/866567200,4079,usajobs.gov,,,6512,96.83,,/job/866567200
/supporting-forms-for-claims/intent-to-file-form-21-0966/preparer-identification,4079,www.va.gov,,,6513,96.83,,/supporting-forms-for-claims/intent-to...
/publications/research-reports/heroin/what-are-immediate-short-term-effects-heroin-use,4079,nida.nih.gov,,,6514,96.83,,/publications/research-reports/heroin/...
/asis/planyourvisit/marylandcamping.htm,4079,nps.gov,,,6515,96.83,,/asis/planyourvisit/marylandcamping.ht...
/romo/planyourvisit/conditions.htm,4079,nps.gov,,,6516,96.83,,/romo/planyourvisit/conditions.htm
/forms/standard-forms/,4079,opm.gov,,,6517,96.83,,/forms/standard-forms/
/job/868463800,4079,usajobs.gov,,,6518,96.84,,/job/868463800
/medical-devices/medical-device-recalls-and-early-alerts/blood-glucose-monitor-recall-trividia-health-issues-correction-true-metrix-blood-glucose-monitoring,4079,fda.gov,,,6519,96.84,,/medical-devices/medical-device-recall...
/evusstatus,4079,evus.gov,,,6520,96.84,,/evusstatus
/renewable-fuel-standard/news-notices-and-announcements-renewable-fuel-standard,4079,epa.gov,,,6521,96.84,,/renewable-fuel-standard/news-notices-...
/productfinder/,4079,energystar.gov,,,6522,96.84,,/productfinder/
/agencies/whd/state/contacts,4079,dol.gov,,,6523,96.84,,/agencies/whd/state/contacts
/agencies/whd/overtime,4079,dol.gov,,,6524,96.84,,/agencies/whd/overtime
/local-assistance,4079,sba.gov,,,6525,96.85,,/local-assistance
/business-guide/plan-your-business/market-research-competitive-analysis,4079,sba.gov,,,6526,96.85,,/business-guide/plan-your-business/mar...
/resources/usda-linc-training-resource-library,4079,rd.usda.gov,,,6527,96.85,,/resources/usda-linc-training-resource...
/station/kfcx/standard,4079,radar.weather.gov,,,6528,96.85,,/station/kfcx/standard
/books/nbk470344/,4079,ncbi.nlm.nih.gov,,,6529,96.85,,/books/nbk470344/
/policy-data-oversight/assessment-and-selection/other-assessment-methods/work-samples-and-simulations/,4079,opm.gov,,,6530,96.85,,/policy-data-oversight/assessment-and-...
/regulatory-information/search-fda-guidance-documents/chemistry-manufacturing-and-controls-flexibilities-developing-human-cellular-and-gene-therapy,4046,fda.gov,,,6531,96.86,,/regulatory-information/search-fda-gui...
/wic/eligibility,4046,fns.usda.gov,,,6532,96.86,,/wic/eligibility
/es/web/bahamas/home/news,4046,globe.gov,,,6533,96.86,,/es/web/bahamas/home/news
/s/article/locked-mailboxes-and-mailbox-keys,4046,faq.usps.com,,,6534,96.86,,/s/article/locked-mailboxes-and-mailbo...
/personal-record/when-someone-dies/lump-sum-death-payment,4046,ssa.gov,,,6535,96.86,,/personal-record/when-someone-dies/lum...
/apod/ap250722.html,4046,apod.nasa.gov,,,6536,96.86,,/apod/ap250722.html
/apod/ap250411.html,4046,apod.nasa.gov,,,6537,96.86,,/apod/ap250411.html
/apod/ap250521.html,4046,apod.nasa.gov,,,6538,96.87,,/apod/ap250521.html
/es-mx/niv/information/contact_us,4046,ais.usvisa-info.com,,,6539,96.87,,/es-mx/niv/information/contact_us
/en-do/niv/users/sign_in,4046,ais.usvisa-info.com,,,6540,96.87,,/en-do/niv/users/sign_in
/dmssearch2/casestatus2.jsp,4046,oalj.dol.gov,,,6541,96.87,,/dmssearch2/casestatus2.jsp
/news/tricare-news/article/4474164/review-tricare-benefits-for-survivors,4046,newsroom.tricare.mil,,,6542,96.87,,/news/tricare-news/article/4474164/rev...
/image-detail/amf-art002e012183/,4046,nasa.gov,,,6543,96.87,,/image-detail/amf-art002e012183/
/gallery/hubble/,4046,nasa.gov,,,6544,96.88,,/gallery/hubble/
/ar/altmyyz-alqaym-ly-aljns,4046,eeoc.gov,,,6545,96.88,,/ar/altmyyz-alqaym-ly-aljns
/ooh/architecture-and-engineering/aerospace-engineers.htm,4046,bls.gov,,,6546,96.88,,/ooh/architecture-and-engineering/aero...
/document/forms/form-6059b-customs-declaration-english-fillable,4046,cbp.gov,,,6547,96.88,,/document/forms/form-6059b-customs-dec...
/covid/hcp/vaccine-considerations/routine-guidance.html,4046,cdc.gov,,,6548,96.88,,/covid/hcp/vaccine-considerations/rout...
/id/218517907,4046,catalog.archives.gov,,,6549,96.88,,/id/218517907
/schedule/news_release/cpi.htm,4046,bls.gov,,,6550,96.88,,/schedule/news_release/cpi.htm
/account/login,4046,hudhomestore.gov,,,6551,96.89,,/account/login
/portal/MailPieceItemDetail/7,4046,informeddelivery.usps.com,,,6552,96.89,,/portal/MailPieceItemDetail/7
/businesses/corporations/foreign-account-tax-compliance-act-fatca,4046,irs.gov,,,6553,96.89,,/businesses/corporations/foreign-accou...
/i-am-a/student,4046,jobcorps.gov,,,6554,96.89,,/i-am-a/student
/s/scheduling/sign-in-option/new-appointment-guest,4046,mytravel.state.gov,,,6555,96.89,,/s/scheduling/sign-in-option/new-appoi...
/apps/,4046,nasa.gov,,,6556,96.89,,/apps/
/current/title-21/chapter-i/subchapter-h/part-820,4046,ecfr.gov,,,6557,96.9,,/current/title-21/chapter-i/subchapter...
/militarymembers/payentitlements/pay-tables/drill-pay/drill-pay_e/,4046,dfas.mil,,,6558,96.9,,/militarymembers/payentitlements/pay-t...
/label-manager/new-label/quick,4046,cnsb.usps.com,,,6559,96.9,,/label-manager/new-label/quick
/IVApp/IVApp/review/review_reviewpersonal.aspx,4046,ceac.state.gov,,,6560,96.9,,/IVApp/IVApp/review/review_reviewperso...
/military-requirements,4046,usa.gov,,,6561,96.9,,/military-requirements
/buying-home-programs,4046,usa.gov,,,6562,96.9,,/buying-home-programs
/app/renewEnrollment,4046,tsaprecheckbytelos.tsa.dhs.gov,,,6563,96.9,,/app/renewEnrollment
/en/international-travel/travel-advisories/south-africa.html,4046,travel.state.gov,,,6564,96.91,,/en/international-travel/travel-adviso...
/en/international-travel/planning/guidance/insurance.html,4046,travel.state.gov,,,6565,96.91,,/en/international-travel/planning/guid...
/about/contact/brokers-listing,4046,cbp.gov,,,6566,96.91,,/about/contact/brokers-listing
/senior-food-programs,4046,usa.gov,,,6567,96.91,,/senior-food-programs
/job/847375100,4046,usajobs.gov,,,6568,96.91,,/job/847375100
/articles/pmc10054505/,4046,pmc.ncbi.nlm.nih.gov,,,6569,96.91,,/articles/pmc10054505/
/articles/pmc11812046/,4046,pmc.ncbi.nlm.nih.gov,,,6570,96.92,,/articles/pmc11812046/
/articles/pmc9415343/,4046,pmc.ncbi.nlm.nih.gov,,,6571,96.92,,/articles/pmc9415343/
/recursos-de-salud/nih-noticias-de-salud/como-aliviar-el-dolor-de-garganta,4046,salud.nih.gov,,,6572,96.92,,/recursos-de-salud/nih-noticias-de-sal...
/earth/multimedia/,4046,science.nasa.gov,,,6573,96.92,,/earth/multimedia/
/ossnap/public/checkage,4046,secure.ssa.gov,,,6574,96.92,,/ossnap/public/checkage
/understanding-hiv/fact-sheets/stages-hiv-infection,4046,hivinfo.nih.gov,,,6575,96.92,,/understanding-hiv/fact-sheets/stages-...
/job/868179000,4012,usajobs.gov,,,6576,96.92,,/job/868179000
/humanitarian/temporary-protected-status/yemen/temporary-protected-status-designated-country-yemen,4012,uscis.gov,,,6577,96.93,,/humanitarian/temporary-protected-stat...
/pixeldashboard/,4012,uscg.mil,,,6578,96.93,,/pixeldashboard/
/housing-help,4012,usa.gov,,,6579,96.93,,/housing-help
/content/travel/en/us-visas/visa-information-resources/waivers.html,4012,travel.state.gov,,,6580,96.93,,/content/travel/en/us-visas/visa-infor...
/loan-simulator/hardship/results/(resultsPanel:simulate),4012,studentaid.gov,,,6581,96.93,,/loan-simulator/hardship/results/(resu...
/applicant/militaryservice/listinformation/,4012,usajobs.gov,,,6582,96.93,,/applicant/militaryservice/listinforma...
/search/index,4012,pe.usps.com,,,6583,96.94,,/search/index
/about/public-access/,4012,pmc.ncbi.nlm.nih.gov,,,6584,96.94,,/about/public-access/
/articles/pmc10277752/,4012,pmc.ncbi.nlm.nih.gov,,,6585,96.94,,/articles/pmc10277752/
/articles/pmc9901179/,4012,pmc.ncbi.nlm.nih.gov,,,6586,96.94,,/articles/pmc9901179/
/funding-programs/loans/microloans/list-microlenders,4012,sba.gov,,,6587,96.94,,/funding-programs/loans/microloans/lis...
/iso/awor/,4012,recruiting.army.mil,,,6588,96.94,,/iso/awor/
/content/travel/en/replace-certify-docs/requesting-a-record/replace-amend-crba.html,4012,travel.state.gov,,,6589,96.94,,/content/travel/en/replace-certify-doc...
/ddc/,4012,weather.gov,,,6590,96.95,,/ddc/
/en-jm/niv,4012,ais.usvisa-info.com,,,6591,96.95,,/en-jm/niv
/es-hn/niv,4012,ais.usvisa-info.com,,,6592,96.95,,/es-hn/niv
/id/481616491,4012,catalog.archives.gov,,,6593,96.95,,/id/481616491
/travel/international-visitors/agricultural-items,4012,cbp.gov,,,6594,96.95,,/travel/international-visitors/agricul...
/respiratory-viruses/data/activity-levels.html,4012,cdc.gov,,,6595,96.95,,/respiratory-viruses/data/activity-lev...
/std/treatment-guidelines/bv.htm,4012,cdc.gov,,,6596,96.96,,/std/treatment-guidelines/bv.htm
/bmi/adult-calculator/calculator.html,4012,cdc.gov,,,6597,96.96,,/bmi/adult-calculator/calculator.html
/clean-hands/about/index.html,4012,cdc.gov,,,6598,96.96,,/clean-hands/about/index.html
/learn/about-jfk/jfk-in-history/cuban-missile-crisis,4012,jfklibrary.org,,,6599,96.96,,/learn/about-jfk/jfk-in-history/cuban-...
/providers-services/original-medicare/not-covered,4012,medicare.gov,,,6600,96.96,,/providers-services/original-medicare/...
/spanish/ency/article/003158.htm,4012,medlineplus.gov,,,6601,96.96,,/spanish/ency/article/003158.htm
/support-services/culture-resilience/physical-readiness/forms/,4012,mynavyhr.navy.mil,,,6602,96.96,,/support-services/culture-resilience/p...
/image-detail/amf-art002e010782/,4012,nasa.gov,,,6603,96.97,,/image-detail/amf-art002e010782/
/image-detail/art002e023710/,4012,nasa.gov,,,6604,96.97,,/image-detail/art002e023710/
/agencies/whd/fact-sheets/22-flsa-hours-worked,4012,dol.gov,,,6605,96.97,,/agencies/whd/fact-sheets/22-flsa-hour...
/agencies/eta/wioa,4012,dol.gov,,,6606,96.97,,/agencies/eta/wioa
/aes-exemptions,4012,cfo.usps.com,,,6607,96.97,,/aes-exemptions
/vpv404/vaccines/hcp/vis/current-vis.html,4012,cdc.gov,,,6608,96.97,,/vpv404/vaccines/hcp/vis/current-vis.h...
/loan-simulator/borrow-more/wizard/enrollment-info/program-info,4012,studentaid.gov,,,6609,96.98,,/loan-simulator/borrow-more/wizard/enr...
/store/product/priority-mail-flat-rate-small-envelopes-p_ep_14_b,4012,store.usps.com,,,6610,96.98,,/store/product/priority-mail-flat-rate...
/es/apply,4012,ssa.gov,,,6611,96.98,,/es/apply
/disability/professionals/ssa827_informationpage.htm,4012,ssa.gov,,,6612,96.98,,/disability/professionals/ssa827_infor...
/statistics-network/explorer/application.html,4012,seer.cancer.gov,,,6613,96.98,,/statistics-network/explorer/applicati...
/mission/voyager/images-voyager-took/,4012,science.nasa.gov,,,6614,96.98,,/mission/voyager/images-voyager-took/
/next-generation-uniformed-services-id-card/renewing-online/,4012,cac.mil,,,6615,96.98,,/next-generation-uniformed-services-id...
/regions/mid-atlantic/data/consumerpriceindexhistorical_us_table.htm,4012,bls.gov,,,6616,96.99,,/regions/mid-atlantic/data/consumerpri...
/ces/,4012,bls.gov,,,6617,96.99,,/ces/
/personnel-records-center/ompf-background,4012,archives.gov,,,6618,96.99,,/personnel-records-center/ompf-backgro...
/apod/ap250615.html,4012,apod.nasa.gov,,,6619,96.99,,/apod/ap250615.html
/apod/ap250508.html,4012,apod.nasa.gov,,,6620,96.99,,/apod/ap250508.html
/stli/planyourvisit/fees.htm,4012,nps.gov,,,6621,96.99,,/stli/planyourvisit/fees.htm
/olym/planyourvisit/maps.htm,4012,nps.gov,,,6622,97.0,,/olym/planyourvisit/maps.htm
/mora/planyourvisit/road-status.htm,4012,nps.gov,,,6623,97.0,,/mora/planyourvisit/road-status.htm
/cany/index.htm,4012,nps.gov,,,6624,97.0,,/cany/index.htm
/forms-pubs/using-irs-forms-instructions-publications-and-other-item-files,4012,irs.gov,,,6625,97.0,,/forms-pubs/using-irs-forms-instructio...
/es/web/italy/home/news,4012,globe.gov,,,6626,97.0,,/es/web/italy/home/news
/datasets/debt-to-the-penny/debt-to-the-penny,4012,fiscaldata.treasury.gov,,,6627,97.0,,/datasets/debt-to-the-penny/debt-to-th...
/news-events/regulatory-education-industry-redi-annual-conference-2026-innovative-regulatory-strategies-advance,4012,fda.gov,,,6628,97.0,,/news-events/regulatory-education-indu...
/keywords-list-page,4012,e-verify.gov,,,6629,97.01,,/keywords-list-page
/general/topic/workhours/breaks,4012,dol.gov,,,6630,97.01,,/general/topic/workhours/breaks
/en-ca/niv/signup,3979,ais.usvisa-info.com,,,6631,97.01,,/en-ca/niv/signup
/apod/ap240518.html,3979,apod.nasa.gov,,,6632,97.01,,/apod/ap240518.html
/kno_11th_editionr1.htm,3979,mutcd.fhwa.dot.gov,,,6633,97.01,,/kno_11th_editionr1.htm
/references/forms/nppsc-forms/,3979,mynavyhr.navy.mil,,,6634,97.01,,/references/forms/nppsc-forms/
/genetics/condition/hepatic-veno-occlusive-disease-with-immunodeficiency/,3979,medlineplus.gov,,,6635,97.02,,/genetics/condition/hepatic-veno-occlu...
/firm,3979,map1.msc.fema.gov,,,6636,97.02,,/firm
/pneumococcal/vaccines/index.html,3979,cdc.gov,,,6637,97.02,,/pneumococcal/vaccines/index.html
/graduation/training-group-graduation-dates/,3979,bootcamp.navy.mil,,,6638,97.02,,/graduation/training-group-graduation-...
/apod/ap250618.html,3979,apod.nasa.gov,,,6639,97.02,,/apod/ap250618.html
/apod/ap250513.html,3979,apod.nasa.gov,,,6640,97.02,,/apod/ap250513.html
/fsa-id/create-account/authenticator-app,3979,studentaid.gov,,,6641,97.02,,/fsa-id/create-account/authenticator-a...
/detail/recipdetail,3979,taggs.hhs.gov,,,6642,97.03,,/detail/recipdetail
/content/travel/en/international-travel/international-travel-country-information-pages/unitedarabemirates.html,3979,travel.state.gov,,,6643,97.03,,/content/travel/en/international-trave...
/en/international-travel/travel-advisories/ecuador.html,3979,travel.state.gov,,,6644,97.03,,/en/international-travel/travel-adviso...
/en/international-travel/travel-advisories/portugal.html,3979,travel.state.gov,,,6645,97.03,,/en/international-travel/travel-adviso...
/boat-aircraft-auctions,3979,usa.gov,,,6646,97.03,,/boat-aircraft-auctions
/rhinoviruses/about/index.html,3979,cdc.gov,,,6647,97.03,,/rhinoviruses/about/index.html
/find-cemetery/,3979,cem.va.gov,,,6648,97.04,,/find-cemetery/
/guides/plain-language,3979,digital.gov,,,6649,97.04,,/guides/plain-language
/current/title-41/subtitle-b/chapter-60/part-60-300/subpart-a/section-60-300.2,3979,ecfr.gov,,,6650,97.04,,/current/title-41/subtitle-b/chapter-6...
/bedbugs/do-it-yourself-bed-bug-control,3979,epa.gov,,,6651,97.04,,/bedbugs/do-it-yourself-bed-bug-contro...
/globalapp/dashboard/form-2728,3979,eqrs.cms.gov,,,6652,97.04,,/globalapp/dashboard/form-2728
/hazmat/packsafe/lithium-batteries,3979,faa.gov,,,6653,97.04,,/hazmat/packsafe/lithium-batteries
/agencies/chart/grid,3979,justice.gov,,,6654,97.04,,/agencies/chart/grid
/forms-pubs/about-form-1095-a,3979,irs.gov,,,6655,97.05,,/forms-pubs/about-form-1095-a
/zh-hans/downloads/irs-pdf,3979,irs.gov,,,6656,97.05,,/zh-hans/downloads/irs-pdf
/topics/intro-to-ada/,3979,ada.gov,,,6657,97.05,,/topics/intro-to-ada/
/references/us-navy-uniforms/uniform-regulations/,3979,mynavyhr.navy.mil,,,6658,97.05,,/references/us-navy-uniforms/uniform-r...
/centers-and-facilities/langley/katherine-johnson-biography/,3979,nasa.gov,,,6659,97.05,,/centers-and-facilities/langley/kather...
/manage-dependents/add-remove-form-21-686c-674/686-report-add-child/summary,3979,www.va.gov,,,6660,97.05,,/manage-dependents/add-remove-form-21-...
/manage-dependents/add-remove-form-21-686c-674/686-report-add-child/0/relationship-to-child,3979,www.va.gov,,,6661,97.05,,/manage-dependents/add-remove-form-21-...
/manage-dependents/add-remove-form-21-686c-674/686-report-add-child/0/place-of-birth,3979,www.va.gov,,,6662,97.06,,/manage-dependents/add-remove-form-21-...
/solar-system/planets/what-is-a-planet/,3979,science.nasa.gov,,,6663,97.06,,/solar-system/planets/what-is-a-planet...
/kids/,3979,science.nasa.gov,,,6664,97.06,,/kids/
/grca/planyourvisit/maps.htm,3979,nps.gov,,,6665,97.06,,/grca/planyourvisit/maps.htm
/subjects/nationalregister/index.htm,3979,nps.gov,,,6666,97.06,,/subjects/nationalregister/index.htm
/22189124/,3979,pubmed.ncbi.nlm.nih.gov,,,6667,97.06,,/22189124/
/mental-health,3979,samhsa.gov,,,6668,97.07,,/mental-health
/consolidatedlist,3979,sanctionslist.ofac.treas.gov,,,6669,97.07,,/consolidatedlist
/get-involved/citizen-science/nasa-volunteers-double-known-population-of-brown-dwarfs/,3979,science.nasa.gov,,,6670,97.07,,/get-involved/citizen-science/nasa-vol...
/marine/,3979,nhc.noaa.gov,,,6671,97.07,,/marine/
/technology/,3979,nasa.gov,,,6672,97.07,,/technology/
/applicant/profile/demographics/,3979,usajobs.gov,,,6673,97.07,,/applicant/profile/demographics/
/afc,3979,weather.gov,,,6674,97.07,,/afc
/sju/,3979,weather.gov,,,6675,97.08,,/sju/
/mpx/weatherstory,3979,weather.gov,,,6676,97.08,,/mpx/weatherstory
/usao,3945,justice.gov,,,6677,97.08,,/usao
/privacy-disclosure/irs-privacy-policy,3945,irs.gov,,,6678,97.08,,/privacy-disclosure/irs-privacy-policy
/image-article/hello-world/,3945,nasa.gov,,,6679,97.08,,/image-article/hello-world/
/newsroom/irs-announces-special-payments-going-this-month-to-1-million-taxpayers-who-did-not-claim-2021-recovery-rebate-credit-encourages-non-filers-about-approaching-deadline-to-claim-credits,3945,irs.gov,,,6680,97.08,,/newsroom/irs-announces-special-paymen...
/individuals/international-taxpayers/determining-an-individuals-tax-residency-status,3945,irs.gov,,,6681,97.09,,/individuals/international-taxpayers/d...
/apod/ap250609.html,3945,apod.nasa.gov,,,6682,97.09,,/apod/ap250609.html
/id/493468575,3945,catalog.archives.gov,,,6683,97.09,,/id/493468575
/mmwr/volumes/72/wr/mm7230a2.htm,3945,cdc.gov,,,6684,97.09,,/mmwr/volumes/72/wr/mm7230a2.htm
/smartblast/smartblast.cgi,3945,blast.ncbi.nlm.nih.gov,,,6685,97.09,,/smartblast/smartblast.cgi
/localhelp/unemploymentbenefits/unemployment-benefits.aspx,3945,careeronestop.org,,,6686,97.09,,/localhelp/unemploymentbenefits/unempl...
/news.release/jolts.nr0.htm,3945,bls.gov,,,6687,97.09,,/news.release/jolts.nr0.htm
/bloodglucose.html,3945,medlineplus.gov,,,6688,97.1,,/bloodglucose.html
/apod/ap250511.html,3945,apod.nasa.gov,,,6689,97.1,,/apod/ap250511.html
/it-it/niv/users/sign_in,3945,ais.usvisa-info.com,,,6690,97.1,,/it-it/niv/users/sign_in
/en-za/niv,3945,ais.usvisa-info.com,,,6691,97.1,,/en-za/niv
/weather-analysis-prediction/,3945,gmao.gsfc.nasa.gov,,,6692,97.1,,/weather-analysis-prediction/
/casestatus/mycasestatus.do,3945,egov.uscis.gov,,,6693,97.1,,/casestatus/mycasestatus.do
/earthquakes/eventpage/nc75358752/executive,3945,earthquake.usgs.gov,,,6694,97.1,,/earthquakes/eventpage/nc75358752/exec...
/medicare/enrollment-renewal/providers-suppliers,3945,cms.gov,,,6695,97.11,,/medicare/enrollment-renewal/providers...
/IVApp/IVApp/complete/complete_family1.aspx,3945,ceac.state.gov,,,6696,97.11,,/IVApp/IVApp/complete/complete_family1...
/staphylococcus-aureus/about/index.html,3945,cdc.gov,,,6697,97.11,,/staphylococcus-aureus/about/index.htm...
/nchs/icd/icd-10-cm/index.html,3945,cdc.gov,,,6698,97.11,,/nchs/icd/icd-10-cm/index.html
/tcli/,3945,studentaid.gov,,,6699,97.11,,/tcli/
/demographics/index.php,3945,statecancerprofiles.cancer.gov,,,6700,97.11,,/demographics/index.php
/oact/babynames/decades/names1960s.html,3945,ssa.gov,,,6701,97.12,,/oact/babynames/decades/names1960s.htm...
/foreign/foreign.htm,3945,ssa.gov,,,6702,97.12,,/foreign/foreign.htm
/business-guide/plan-your-business/fund-your-business,3945,sba.gov,,,6703,97.12,,/business-guide/plan-your-business/fun...
/entreg/secure/editprofilecompanypersonalinfoaction_input,3945,reg.usps.com,,,6704,97.12,,/entreg/secure/editprofilecompanyperso...
/lc/hooverdam/service/index.html,3945,usbr.gov,,,6705,97.12,,/lc/hooverdam/service/index.html
/welfare-benefits,3945,usa.gov,,,6706,97.12,,/welfare-benefits
/articles/pmc6199996/,3945,pmc.ncbi.nlm.nih.gov,,,6707,97.12,,/articles/pmc6199996/
/articles/pmc6124491/,3945,pmc.ncbi.nlm.nih.gov,,,6708,97.13,,/articles/pmc6124491/
/articles/pmc3924753/,3945,pmc.ncbi.nlm.nih.gov,,,6709,97.13,,/articles/pmc3924753/
/articles/pmc10986112/,3945,pmc.ncbi.nlm.nih.gov,,,6710,97.13,,/articles/pmc10986112/
/articles/pmc10851954/,3945,pmc.ncbi.nlm.nih.gov,,,6711,97.13,,/articles/pmc10851954/
/about-us/contact-us/,3945,opm.gov,,,6712,97.13,,/about-us/contact-us/
/articles/pmc7714539/,3945,pmc.ncbi.nlm.nih.gov,,,6713,97.13,,/articles/pmc7714539/
/station/kict/standard,3945,radar.weather.gov,,,6714,97.14,,/station/kict/standard
/i-918,3945,uscis.gov,,,6715,97.14,,/i-918
/communitycare/programs/veterans/index.asp,3945,va.gov,,,6716,97.14,,/communitycare/programs/veterans/index...
/housing-assistance/home-loans/funding-fee-and-closing-costs/,3945,va.gov,,,6717,97.14,,/housing-assistance/home-loans/funding...
/policy-issues/coronavirus/assistance-for-state-local-and-tribal-governments/homeowner-assistance-fund,3945,home.treasury.gov,,,6718,97.14,,/policy-issues/coronavirus/assistance-...
/find-a-dentist,3945,insurekidsnow.gov,,,6719,97.14,,/find-a-dentist
/forms-pubs/about-form-w-4r,3945,irs.gov,,,6720,97.14,,/forms-pubs/about-form-w-4r
/social-media/,3945,nasa.gov,,,6721,97.15,,/social-media/
/grca/planyourvisit/shuttle-buses.htm,3945,nps.gov,,,6722,97.15,,/grca/planyourvisit/shuttle-buses.htm
/content/travel/en/us-visas/other-visa-categories/transit.html,3945,travel.state.gov,,,6723,97.15,,/content/travel/en/us-visas/other-visa...
/registration/login,3945,thinkculturalhealth.hhs.gov,,,6724,97.15,,/registration/login
/family-and-caregiver-benefits/health-and-disability/champva/apply-form-10-10d/applicant-social-security-number/0,3945,www.va.gov,,,6725,97.15,,/family-and-caregiver-benefits/health-...
/ppi/,3912,bls.gov,,,6726,97.15,,/ppi/
/k12/students/,3912,bls.gov,,,6727,97.15,,/k12/students/
/apod/ap250624.html,3912,apod.nasa.gov,,,6728,97.16,,/apod/ap250624.html
/es/payments/pay-personal-taxes-from-your-bank-account,3912,irs.gov,,,6729,97.16,,/es/payments/pay-personal-taxes-from-y...
/forms-pubs/about-form-4868,3912,irs.gov,,,6730,97.16,,/forms-pubs/about-form-4868
/marketplace-in-your-state/,3912,healthcare.gov,,,6731,97.16,,/marketplace-in-your-state/
/research/citations/abstract.cfm,3912,hsrd.research.va.gov,,,6732,97.16,,/research/citations/abstract.cfm
/about-ftc/contact,3912,ftc.gov,,,6733,97.16,,/about-ftc/contact
/ooh/community-and-social-service/social-workers.htm,3912,bls.gov,,,6734,97.17,,/ooh/community-and-social-service/soci...
/apod/ap250430.html,3912,apod.nasa.gov,,,6735,97.17,,/apod/ap250430.html
/apod/ap250619.html,3912,apod.nasa.gov,,,6736,97.17,,/apod/ap250619.html
/family-and-caregiver-benefits/education-and-careers/apply-for-dea-fry-form-22-5490/confirmation,3912,www.va.gov,,,6737,97.17,,/family-and-caregiver-benefits/educati...
/health-care/apply-for-health-care-form-10-10ez/va-benefits/basic-information,3912,www.va.gov,,,6738,97.17,,/health-care/apply-for-health-care-for...
/profile/account-security,3912,www.va.gov,,,6739,97.17,,/profile/account-security
/usao-edky/pr/subject-arrested-and-federally-charged-deadly-berea-bank-robbery,3912,justice.gov,,,6740,97.17,,/usao-edky/pr/subject-arrested-and-fed...
/tax-professionals/practitioner-priority-service-r,3912,irs.gov,,,6741,97.18,,/tax-professionals/practitioner-priori...
/career-management/boards/active-duty-enlisted/cpo-selection-boards/,3912,mynavyhr.navy.mil,,,6742,97.18,,/career-management/boards/active-duty-...
/news/messages/messages-display/article/4477480/clarifying-guidance-pertaining-to-fitness-report-omission-criteria/,3912,marines.mil,,,6743,97.18,,/news/messages/messages-display/articl...
/hk/en/nonimmigrant-visa,3912,ustraveldocs.com,,,6744,97.18,,/hk/en/nonimmigrant-visa
/app/payment,3912,tsaprecheckbytelos.tsa.dhs.gov,,,6745,97.18,,/app/payment
/articles/default/,3912,studentaid.gov,,,6746,97.18,,/articles/default/
/get-answers/,3912,www.healthcare.gov,,,6747,97.18,,/get-answers/
/es/solicitar-renovar-visa-turista,3912,usa.gov,,,6748,97.19,,/es/solicitar-renovar-visa-turista
/cn/en/step-2,3912,ustraveldocs.com,,,6749,97.19,,/cn/en/step-2
/resources/farm-loan-programs,3912,fsa.usda.gov,,,6750,97.19,,/resources/farm-loan-programs
/far/part-15,3912,acquisition.gov,,,6751,97.19,,/far/part-15
/es-mx/niv/information/courier,3912,ais.usvisa-info.com,,,6752,97.19,,/es-mx/niv/information/courier
/inde/planyourvisit/independencehalltickets.htm,3912,nps.gov,,,6753,97.19,,/inde/planyourvisit/independencehallti...
/seki/planyourvisit/fees.htm,3912,nps.gov,,,6754,97.2,,/seki/planyourvisit/fees.htm
/shen/planyourvisit/fees.htm,3912,nps.gov,,,6755,97.2,,/shen/planyourvisit/fees.htm
/26651942/,3912,pubmed.ncbi.nlm.nih.gov,,,6756,97.2,,/26651942/
/station/khgx/standard,3912,radar.weather.gov,,,6757,97.2,,/station/khgx/standard
/account-details,3912,sam.gov,,,6758,97.2,,/account-details
/ceslite/displaydatareview,3912,cesdata.bls.gov,,,6759,97.2,,/ceslite/displaydatareview
/projects/cprt/catalog,3912,csrc.nist.gov,,,6760,97.2,,/projects/cprt/catalog
/resources/facts-about-fentanyl,3912,dea.gov,,,6761,97.21,,/resources/facts-about-fentanyl
/earthquakes/eventpage/ci41461608/executive,3912,earthquake.usgs.gov,,,6762,97.21,,/earthquakes/eventpage/ci41461608/exec...
/current/title-49,3912,ecfr.gov,,,6763,97.21,,/current/title-49
/elibrary/,3912,elibrary.ferc.gov,,,6764,97.21,,/elibrary/
/error.aspx,3912,employeeexpress.gov,,,6765,97.21,,/error.aspx
/pilots/medical_certification,3912,faa.gov,,,6766,97.21,,/pilots/medical_certification
/espanol/deposito,3912,fdic.gov,,,6767,97.21,,/espanol/deposito
/registration/whats-coming,3912,fmcsa.dot.gov,,,6768,97.22,,/registration/whats-coming
/benefits/retirement/planner/credits.html,3912,ssa.gov,,,6769,97.22,,/benefits/retirement/planner/credits.h...
/health/tinnitus,3912,nidcd.nih.gov,,,6770,97.22,,/health/tinnitus
/grba/index.htm,3912,nps.gov,,,6771,97.22,,/grba/index.htm
/nasa-virtual-guest-program/,3912,nasa.gov,,,6772,97.22,,/nasa-virtual-guest-program/
/grte/planyourvisit/conditions.htm,3912,nps.gov,,,6773,97.22,,/grte/planyourvisit/conditions.htm
/disability/professionals/bluebook/4.00-cardiovascular-adult.htm,3912,ssa.gov,,,6774,97.22,,/disability/professionals/bluebook/4.0...
/plot_walk/,3912,spdf.gsfc.nasa.gov,,,6775,97.23,,/plot_walk/
/usao-wdwa/pr/member-notorious-international-hacking-crew-sentenced-prison,3912,justice.gov,,,6776,97.23,,/usao-wdwa/pr/member-notorious-interna...
/books/nbk513298/,3912,ncbi.nlm.nih.gov,,,6777,97.23,,/books/nbk513298/
/ems/09_visiblelight/,3912,science.nasa.gov,,,6778,97.23,,/ems/09_visiblelight/
/campaign/heatstroke,3878,nhtsa.gov,,,6779,97.23,,/campaign/heatstroke
/spanish/druginfo/meds/a685001-es.html,3878,medlineplus.gov,,,6780,97.23,,/spanish/druginfo/meds/a685001-es.html
/ComplaintUpdate,3878,www.identitytheft.gov,,,6781,97.24,,/ComplaintUpdate
/help/report-fraud/report-fake-irs-treasury-or-tax-related-emails-and-messages,3878,irs.gov,,,6782,97.24,,/help/report-fraud/report-fake-irs-tre...
/usao-cdca/pr/takedown-targets-open-air-drug-market-las-macarthur-park-long-area-run-gang-members,3878,justice.gov,,,6783,97.24,,/usao-cdca/pr/takedown-targets-open-ai...
/housing-assistance/home-loans/,3878,va.gov,,,6784,97.24,,/housing-assistance/home-loans/
/my-navy-health-quick-links/for-providers/,3878,med.navy.mil,,,6785,97.24,,/my-navy-health-quick-links/for-provid...
/articles/pmc4900959/,3878,pmc.ncbi.nlm.nih.gov,,,6786,97.24,,/articles/pmc4900959/
/articles/pmc11835971/,3878,pmc.ncbi.nlm.nih.gov,,,6787,97.24,,/articles/pmc11835971/
/policy-data-oversight/assessment-and-selection/other-assessment-methods/structured-interviews/,3878,opm.gov,,,6788,97.25,,/policy-data-oversight/assessment-and-...
/name-change,3878,usa.gov,,,6789,97.25,,/name-change
/dashboard/update-mailing-confirmation,3878,ttp.cbp.dhs.gov,,,6790,97.25,,/dashboard/update-mailing-confirmation
/about-us/find-a-uscis-office/application-support-centers,3878,uscis.gov,,,6791,97.25,,/about-us/find-a-uscis-office/applicat...
/job/867375000,3878,usajobs.gov,,,6792,97.25,,/job/867375000
/west/,3878,tricare.mil,,,6793,97.25,,/west/
/content/travel/en/us-visas/immigrate/the-immigrant-visa-process/step-1-submit-a-petition/step-2-begin-nvc-processing/scanning-and-uploading-tips.html,3878,travel.state.gov,,,6794,97.25,,/content/travel/en/us-visas/immigrate/...
/lyme/diagnosis-testing/index.html,3878,cdc.gov,,,6795,97.26,,/lyme/diagnosis-testing/index.html
/lyme/treatment/index.html,3878,cdc.gov,,,6796,97.26,,/lyme/treatment/index.html
/business-guide/grow-your-business/women-owned-businesses,3878,sba.gov,,,6797,97.26,,/business-guide/grow-your-business/wom...
/disability/professionals/bluebook/5.00-digestive-adult.htm,3878,ssa.gov,,,6798,97.26,,/disability/professionals/bluebook/5.0...
/ssi/text-living-ussi.htm,3878,ssa.gov,,,6799,97.26,,/ssi/text-living-ussi.htm
/content/travel/en/us-visas/employment/visas-canadian-mexican-usmca-professional-workers.html,3878,travel.state.gov,,,6800,97.26,,/content/travel/en/us-visas/employment...
/manage-dependents/add-remove-form-21-686c-674/686-report-add-child/0/disability-part-one,3878,www.va.gov,,,6801,97.27,,/manage-dependents/add-remove-form-21-...
/solar-system/temperatures-across-our-solar-system/,3878,science.nasa.gov,,,6802,97.27,,/solar-system/temperatures-across-our-...
/newsroom/speeches-statements/im-staff-statement-pooled-employer-plans-050426,3878,sec.gov,,,6803,97.27,,/newsroom/speeches-statements/im-staff...
/sewp5public/security/login.sa,3878,sewp.nasa.gov,,,6804,97.27,,/sewp5public/security/login.sa
/products/md/md0653.html,3878,spc.noaa.gov,,,6805,97.27,,/products/md/md0653.html
/manage-dependents/add-remove-form-21-686c-674/686-report-add-child/0/additional-information-part-one,3878,www.va.gov,,,6806,97.27,,/manage-dependents/add-remove-form-21-...
/disability/file-disability-claim-form-21-526ez/additional-disability-benefits-summary,3878,www.va.gov,,,6807,97.27,,/disability/file-disability-claim-form...
/screener/sep/change-of-residence/,3878,www.healthcare.gov,,,6808,97.28,,/screener/sep/change-of-residence/
/news-events/news-releases/video-gaming-may-be-associated-better-cognitive-performance-children,3878,nih.gov,,,6809,97.28,,/news-events/news-releases/video-gamin...
/health-information/disorders/parkinsons-disease,3878,ninds.nih.gov,,,6810,97.28,,/health-information/disorders/parkinso...
/grca/planyourvisit/key-messages.htm,3878,nps.gov,,,6811,97.28,,/grca/planyourvisit/key-messages.htm
/about/k-12-education/severe-weather/what-causes-tornadoes,3878,nesdis.noaa.gov,,,6812,97.28,,/about/k-12-education/severe-weather/w...
/fedshirevets/,3878,opm.gov,,,6813,97.28,,/fedshirevets/
/be-informed,3878,ready.gov,,,6814,97.28,,/be-informed
/toolkit/training/find-licenses.aspx,3878,careeronestop.org,,,6815,97.29,,/toolkit/training/find-licenses.aspx
/travel/us-citizens/know-before-you-go,3878,cbp.gov,,,6816,97.29,,/travel/us-citizens/know-before-you-go
/articles/pmc9373497/,3878,pmc.ncbi.nlm.nih.gov,,,6817,97.29,,/articles/pmc9373497/
/electoral-college/about,3878,archives.gov,,,6818,97.29,,/electoral-college/about
/apod/ap250602.html,3878,apod.nasa.gov,,,6819,97.29,,/apod/ap250602.html
/amc-travel-site/terminals/conus-terminals/joint-base-charleston-passenger-terminal/,3878,amc.af.mil,,,6820,97.29,,/amc-travel-site/terminals/conus-termi...
/wanted/ecap,3878,fbi.gov,,,6821,97.29,,/wanted/ecap
/history/cases-and-criminals/jonestown,3878,fbi.gov,,,6822,97.3,,/history/cases-and-criminals/jonestown
/air_traffic/flight_info/aeronav/procedures/application/index.cfm,3878,faa.gov,,,6823,97.3,,/air_traffic/flight_info/aeronav/proce...
/history/cases-and-criminals/911-investigation,3878,fbi.gov,,,6824,97.3,,/history/cases-and-criminals/911-inves...
/boi-faqs,3878,fincen.gov,,,6825,97.3,,/boi-faqs
/portal/datasets/il/il2025/select_geography.odn,3878,huduser.gov,,,6826,97.3,,/portal/datasets/il/il2025/select_geog...
/meningococcal/hcp/vaccine-recommendations/index.html,3878,cdc.gov,,,6827,97.3,,/meningococcal/hcp/vaccine-recommendat...
/viral-hemorrhagic-fevers/about/index.html,3878,cdc.gov,,,6828,97.31,,/viral-hemorrhagic-fevers/about/index....
/thank-you,3878,cfo.usps.com,,,6829,97.31,,/thank-you
/ccmis/,3878,dcp.psc.gov,,,6830,97.31,,/ccmis/
/blue-campaign/what-human-trafficking,3878,dhs.gov,,,6831,97.31,,/blue-campaign/what-human-trafficking
/caseStatus,3878,egov.uscis.gov,,,6832,97.31,,/caseStatus
/dpdx/malaria/index.html,3845,cdc.gov,,,6833,97.31,,/dpdx/malaria/index.html
/s/get-updates,3845,careers.bop.gov,,,6834,97.31,,/s/get-updates
/report,3845,cameochemicals.noaa.gov,,,6835,97.32,,/report
/s/article/how-to-find-your-tracking-number,3845,faq.usps.com,,,6836,97.32,,/s/article/how-to-find-your-tracking-n...
/how.htm,3845,everykidoutdoors.gov,,,6837,97.32,,/how.htm
/footer,3845,esta.cbp.dhs.gov,,,6838,97.32,,/footer
/cmmc/about/,3845,dodcio.defense.gov,,,6839,97.32,,/cmmc/about/
/rabies/hcp/clinical-care/post-exposure-prophylaxis.html,3845,cdc.gov,,,6840,97.32,,/rabies/hcp/clinical-care/post-exposur...
/hand-foot-mouth/causes/index.html,3845,cdc.gov,,,6841,97.32,,/hand-foot-mouth/causes/index.html
/ossnap/public/start,3845,secure.ssa.gov,,,6842,97.33,,/ossnap/public/start
/blog/national-sex-offender-public-website-your-go-resource-sex-offender-information,3845,smart.ojp.gov,,,6843,97.33,,/blog/national-sex-offender-public-web...
/oact/babynames/decades/names1950s.html,3845,ssa.gov,,,6844,97.33,,/oact/babynames/decades/names1950s.htm...
/store/product/bruce-lee-stamps-s_488004,3845,store.usps.com,,,6845,97.33,,/store/product/bruce-lee-stamps-s_4880...
/articles/financial-aid-not-enough/,3845,studentaid.gov,,,6846,97.33,,/articles/financial-aid-not-enough/
/communitycare/providers/community-care-network.asp,3845,va.gov,,,6847,97.33,,/communitycare/providers/community-car...
/news/transcripts/,3845,war.gov,,,6848,97.33,,/news/transcripts/
/mrx/,3845,weather.gov,,,6849,97.34,,/mrx/
/index.shtml,3845,wpc.ncep.noaa.gov,,,6850,97.34,,/index.shtml
/family-and-caregiver-benefits/health-and-disability/champva/apply-form-10-10d/veteran-contact-information,3845,www.va.gov,,,6851,97.34,,/family-and-caregiver-benefits/health-...
/family-and-caregiver-benefits/health-and-disability/champva/apply-form-10-10d/veteran-mailing-address,3845,www.va.gov,,,6852,97.34,,/family-and-caregiver-benefits/health-...
/nasa/home,3845,homeandcity.nasa.gov,,,6853,97.34,,/nasa/home
/grants/find-funding,3845,hrsa.gov,,,6854,97.34,,/grants/find-funding
/portal/mailpieceitemdetail/3,3845,informeddelivery.usps.com,,,6855,97.34,,/portal/mailpieceitemdetail/3
/events/tours/,3845,jpl.nasa.gov,,,6856,97.35,,/events/tours/
/join-our-team/careers/find-your-job,3845,llnl.gov,,,6857,97.35,,/join-our-team/careers/find-your-job
/about/using/citation/,3845,medlineplus.gov,,,6858,97.35,,/about/using/citation/
/spanish/ency/article/000252.htm,3845,medlineplus.gov,,,6859,97.35,,/spanish/ency/article/000252.htm
/books/nbk594763/,3845,ncbi.nlm.nih.gov,,,6860,97.35,,/books/nbk594763/
/stormevents/,3845,ncei.noaa.gov,,,6861,97.35,,/stormevents/
/146130/knowledge-power-free-mental-health-courses/,3845,news.va.gov,,,6862,97.36,,/146130/knowledge-power-free-mental-he...
/research-topics/fentanyl,3845,nida.nih.gov,,,6863,97.36,,/research-topics/fentanyl
/health-information/kidney-disease/kidneys-how-they-work,3845,niddk.nih.gov,,,6864,97.36,,/health-information/kidney-disease/kid...
/glac/planyourvisit/goingtothesunroad.htm,3845,nps.gov,,,6865,97.36,,/glac/planyourvisit/goingtothesunroad....
/frequently-asked-questions/personnel-documentation-faq/personnel-documentation/what-is-the-electronic-official-personnel-folder-eopf/,3845,opm.gov,,,6866,97.36,,/frequently-asked-questions/personnel-...
/paygov/home,3845,pay.gov,,,6867,97.36,,/paygov/home
/articles/pmc12162053/,3845,pmc.ncbi.nlm.nih.gov,,,6868,97.36,,/articles/pmc12162053/
/promotion/enlisted-promotions/,3845,afpc.af.mil,,,6869,97.37,,/promotion/enlisted-promotions/
/es-co/niv/signup,3845,ais.usvisa-info.com,,,6870,97.37,,/es-co/niv/signup
/apod/ap250321.html,3845,apod.nasa.gov,,,6871,97.37,,/apod/ap250321.html
/apod/ap250717.html,3845,apod.nasa.gov,,,6872,97.37,,/apod/ap250717.html
/articles/pmc5363138/,3845,pmc.ncbi.nlm.nih.gov,,,6873,97.37,,/articles/pmc5363138/
/calculator/index,3845,postcalc.usps.com,,,6874,97.37,,/calculator/index
/public/do/eagendamain,3845,reginfo.gov,,,6875,97.37,,/public/do/eagendamain
/eclipses/future-eclipses/,3845,science.nasa.gov,,,6876,97.38,,/eclipses/future-eclipses/
/travel/destinations/traveler/none/kenya,3845,wwwnc.cdc.gov,,,6877,97.38,,/travel/destinations/traveler/none/ken...
/resource/solar-system-temperatures/,3845,science.nasa.gov,,,6878,97.38,,/resource/solar-system-temperatures/
/communitycare/providers/care-coordination-facilities.asp,3812,va.gov,,,6879,97.38,,/communitycare/providers/care-coordina...
/visaapplicantui/resetpassword,3812,usvisaappt.com,,,6880,97.38,,/visaapplicantui/resetpassword
/resources/reimbursed-va-travel-expenses-and-mileage-rate/,3812,va.gov,,,6881,97.38,,/resources/reimbursed-va-travel-expens...
/afg,3812,weather.gov,,,6882,97.38,,/afg
/safety/,3812,weather.gov,,,6883,97.39,,/safety/
/advantage/ws/search/refine_search,3812,www.gsaadvantage.gov,,,6884,97.39,,/advantage/ws/search/refine_search
/slbe/index.htm,3812,nps.gov,,,6885,97.39,,/slbe/index.htm
/efoia-reading-room/,3812,aaro.mil,,,6886,97.39,,/efoia-reading-room/
/newsroom/events/,3812,about.usps.com,,,6887,97.39,,/newsroom/events/
/forms/sf180/,3812,va.gov,,,6888,97.39,,/forms/sf180/
/articles/pmc3588056/,3812,pmc.ncbi.nlm.nih.gov,,,6889,97.39,,/articles/pmc3588056/
/19239752/,3812,pubmed.ncbi.nlm.nih.gov,,,6890,97.4,,/19239752/
/8323934/,3812,pubmed.ncbi.nlm.nih.gov,,,6891,97.4,,/8323934/
/public/forward,3812,reginfo.gov,,,6892,97.4,,/public/forward
/build-your-quit-plan,3812,smokefree.gov,,,6893,97.4,,/build-your-quit-plan
/blue-sky/en/,3812,spaceplace.nasa.gov,,,6894,97.4,,/blue-sky/en/
/products/watch/ww0186.html,3812,spc.noaa.gov,,,6895,97.4,,/products/watch/ww0186.html
/oact/babynames/decades/names1970s.html,3812,ssa.gov,,,6896,97.4,,/oact/babynames/decades/names1970s.htm...
/store/product/angels-trumpets-stamps-s_129504,3812,store.usps.com,,,6897,97.41,,/store/product/angels-trumpets-stamps-...
/tcli/directory-search,3812,studentaid.gov,,,6898,97.41,,/tcli/directory-search
/initial-application/goods-services-supporting-information,3812,trademarkcenter.uspto.gov,,,6899,97.41,,/initial-application/goods-services-su...
/travel-transportation-rates/dislocation-allowance/,3812,travel.dod.mil,,,6900,97.41,,/travel-transportation-rates/dislocati...
/fugitives,3812,dea.gov,,,6901,97.41,,/fugitives
/cx,3812,dhs.gov,,,6902,97.41,,/cx
/how-we-can-help-you/scams-and-safety,3812,fbi.gov,,,6903,97.42,,/how-we-can-help-you/scams-and-safety
/far-overhaul/far-part-deviation-guide/far-overhaul-part-15,3812,acquisition.gov,,,6904,97.42,,/far-overhaul/far-part-deviation-guide...
/confirm-voter-registration,3812,usa.gov,,,6905,97.42,,/confirm-voter-registration
/event/,3812,usajobs.gov,,,6906,97.42,,/event/
/humanitarian/refugees-and-asylum/asylum,3812,uscis.gov,,,6907,97.42,,/humanitarian/refugees-and-asylum/asyl...
/i-9-central/form-i-9-resources/handbook-for-employers-m-274/130-acceptable-documents-for-verifying-employment-authorization-and-identity,3812,uscis.gov,,,6908,97.42,,/i-9-central/form-i-9-resources/handbo...
/hk/en/,3812,ustraveldocs.com,,,6909,97.42,,/hk/en/
/organization/,3812,airpac.navy.mil,,,6910,97.43,,/organization/
/apod/ap241221.html,3812,apod.nasa.gov,,,6911,97.43,,/apod/ap241221.html
/zhtw/visas-zhtw/,3812,ait.org.tw,,,6912,97.43,,/zhtw/visas-zhtw/
/acute-bronchitis/es/about/informacion-basica-sobre-el-resfriado-de-pecho-bronquitis-aguda.html,3812,cdc.gov,,,6913,97.43,,/acute-bronchitis/es/about/informacion...
/act-early/milestones/15-months.html,3812,cdc.gov,,,6914,97.43,,/act-early/milestones/15-months.html
/apod/ap250412.html,3812,apod.nasa.gov,,,6915,97.43,,/apod/ap250412.html
/apod/ap250404.html,3812,apod.nasa.gov,,,6916,97.43,,/apod/ap250404.html
/disability/file-disability-claim-form-21-526ez/mental-health-form-0781/behavior-changes,3812,www.va.gov,,,6917,97.44,,/disability/file-disability-claim-form...
/education/gi-bill-comparison-tool/licenses-certifications-and-prep-courses/results,3812,www.va.gov,,,6918,97.44,,/education/gi-bill-comparison-tool/lic...
/family-and-caregiver-benefits/health-and-disability/champva/apply-form-10-10d/applicant-birth-sex/0,3812,www.va.gov,,,6919,97.44,,/family-and-caregiver-benefits/health-...
/apod/ap250215.html,3812,apod.nasa.gov,,,6920,97.44,,/apod/ap250215.html
/s/article/annex-i-introduction-dpf,3812,dataprivacyframework.gov,,,6921,97.44,,/s/article/annex-i-introduction-dpf
/medicare/prevention/prevntiongeninfo/medicare-preventive-services/mps-quickreferencechart-1.html,3812,cms.gov,,,6922,97.44,,/medicare/prevention/prevntiongeninfo/...
/vaccines/hcp/current-vis/shingles.html,3812,cdc.gov,,,6923,97.44,,/vaccines/hcp/current-vis/shingles.htm...
/uti/about/index.html,3812,cdc.gov,,,6924,97.45,,/uti/about/index.html
/image-detail/amf-art002e000193/,3812,nasa.gov,,,6925,97.45,,/image-detail/amf-art002e000193/
/health/fatigue/fatigue-older-adults,3812,nia.nih.gov,,,6926,97.45,,/health/fatigue/fatigue-older-adults
/career-management/boards/,3812,mynavyhr.navy.mil,,,6927,97.45,,/career-management/boards/
/mp/member/trusthome.do,3812,my.americorps.gov,,,6928,97.45,,/mp/member/trusthome.do
/funding/explore-nih-opportunities/parent-announcements,3812,grants.nih.gov,,,6929,97.45,,/funding/explore-nih-opportunities/par...
/dmaf/form/f15227,3812,irs.gov,,,6930,97.45,,/dmaf/form/f15227
/glossary/qualifying-life-event/,3812,healthcare.gov,,,6931,97.46,,/glossary/qualifying-life-event/
/es/browse/resource-type/article,3812,headstart.gov,,,6932,97.46,,/es/browse/resource-type/article
/news-events/press-announcements/fda-approves-novel-non-opioid-treatment-moderate-severe-acute-pain,3812,fda.gov,,,6933,97.46,,/news-events/press-announcements/fda-a...
/safety/recalls-market-withdrawals-safety-alerts/jcb-flavors-llc-issues-voluntary-recall-topical-seasonings-due-potential-health-risk,3812,fda.gov,,,6934,97.46,,/safety/recalls-market-withdrawals-saf...
/inspections-compliance-enforcement-and-criminal-investigations/warning-letters/purolea-cosmetics-lab-722591-04022026,3812,fda.gov,,,6935,97.46,,/inspections-compliance-enforcement-an...
/family-and-caregiver-benefits/health-and-disability/champva/apply-form-10-10d/applicant-contact-information/0,3812,www.va.gov,,,6936,97.46,,/family-and-caregiver-benefits/health-...
/family-and-caregiver-benefits/health-and-disability/champva/apply-form-10-10d/applicant-relationship-to-veteran/0,3812,www.va.gov,,,6937,97.46,,/family-and-caregiver-benefits/health-...
/marketable-securities/treasury-notes/,3812,treasurydirect.gov,,,6938,97.47,,/marketable-securities/treasury-notes/
/contact-center/form/precheck,3812,tsa.gov,,,6939,97.47,,/contact-center/form/precheck
/travel/frequently-asked-questions/do-minors-need-identification-fly-within-us,3812,tsa.gov,,,6940,97.47,,/travel/frequently-asked-questions/do-...
/content/travel/en/legal/visa-law0/visa-bulletin/2026/visa-bulletin-for-february-2026.html,3812,travel.state.gov,,,6941,97.47,,/content/travel/en/legal/visa-law0/vis...
/articles/pmc10519890/,3812,pmc.ncbi.nlm.nih.gov,,,6942,97.47,,/articles/pmc10519890/
/articles/pmc10572225/,3812,pmc.ncbi.nlm.nih.gov,,,6943,97.47,,/articles/pmc10572225/
/articles/pmc11066927/,3812,pmc.ncbi.nlm.nih.gov,,,6944,97.47,,/articles/pmc11066927/
/a-z,3812,osha.gov,,,6945,97.48,,/a-z
/how-we-can-help-you/scams-and-safety/common-frauds-and-scams,3812,fbi.gov,,,6946,97.48,,/how-we-can-help-you/scams-and-safety/...
/retirement-center/calculators/,3778,opm.gov,,,6947,97.48,,/retirement-center/calculators/
/policy-data-oversight/pay-leave/pay-systems/federal-wage-system/,3778,opm.gov,,,6948,97.48,,/policy-data-oversight/pay-leave/pay-s...
/articles/pmc8373698/,3778,pmc.ncbi.nlm.nih.gov,,,6949,97.48,,/articles/pmc8373698/
/41990131/,3778,pubmed.ncbi.nlm.nih.gov,,,6950,97.48,,/41990131/
/search-filings/mutual-funds-search,3778,sec.gov,,,6951,97.48,,/search-filings/mutual-funds-search
/articles/pmc6519473/,3778,pmc.ncbi.nlm.nih.gov,,,6952,97.49,,/articles/pmc6519473/
/tools-and-resources,3778,noaa.gov,,,6953,97.49,,/tools-and-resources
/yell/planyourvisit/geyser-activity.htm,3778,nps.gov,,,6954,97.49,,/yell/planyourvisit/geyser-activity.ht...
/grca/planyourvisit/index.htm,3778,nps.gov,,,6955,97.49,,/grca/planyourvisit/index.htm
/cong/index.htm,3778,nps.gov,,,6956,97.49,,/cong/index.htm
/fgz/,3778,weather.gov,,,6957,97.49,,/fgz/
/family-and-caregiver-benefits/health-and-disability/champva/apply-form-10-10d/review-applicants,3778,www.va.gov,,,6958,97.5,,/family-and-caregiver-benefits/health-...
/bwn/afwageschedules/,3778,wageandsalary.dcpas.osd.mil,,,6959,97.5,,/bwn/afwageschedules/
/ohrm/pay/,3778,va.gov,,,6960,97.5,,/ohrm/pay/
/legal-aid,3778,usa.gov,,,6961,97.5,,/legal-aid
/real-id,3778,usa.gov,,,6962,97.5,,/real-id
/forms/filing-fees/uscis-immigrant-fee/immigrant-fee-payment-tips-on-finding-your-a-number-and-dos-case-id,3778,uscis.gov,,,6963,97.5,,/forms/filing-fees/uscis-immigrant-fee...
/forms/filing-guidance/how-to-track-delivery-of-your-notice-or-secure-identity-document-or-card,3778,uscis.gov,,,6964,97.5,,/forms/filing-guidance/how-to-track-de...
/tools/designated-civil-surgeons/vaccination-requirements,3778,uscis.gov,,,6965,97.51,,/tools/designated-civil-surgeons/vacci...
/tools/reports-and-studies/h-1b-employer-data-hub,3778,uscis.gov,,,6966,97.51,,/tools/reports-and-studies/h-1b-employ...
/commission_publications_library,3778,usitc.gov,,,6967,97.51,,/commission_publications_library
/nebula/en/,3778,spaceplace.nasa.gov,,,6968,97.51,,/nebula/en/
/salmonella/outbreaks/saintpaul-04-26/index.html,3778,cdc.gov,,,6969,97.51,,/salmonella/outbreaks/saintpaul-04-26/...
/bureaus-offices/under-secretary-for-public-diplomacy/bureau-of-educational-and-cultural-affairs/,3778,state.gov,,,6970,97.51,,/bureaus-offices/under-secretary-for-p...
/content/travel/en/news/passports/passports-realid.html,3778,travel.state.gov,,,6971,97.51,,/content/travel/en/news/passports/pass...
/h/apply-for-aid/fafsa/,3778,studentaid.gov,,,6972,97.52,,/h/apply-for-aid/fafsa/
/medicare/cms-forms/cms-forms/cms-forms-items/cms017353,3778,cms.gov,,,6973,97.52,,/medicare/cms-forms/cms-forms/cms-form...
/std/treatment-guidelines/herpes.htm,3778,cdc.gov,,,6974,97.52,,/std/treatment-guidelines/herpes.htm
/general/topic/hiring/i9-central,3778,dol.gov,,,6975,97.52,,/general/topic/hiring/i9-central
/recent-actions/20260501_33,3778,ofac.treasury.gov,,,6976,97.52,,/recent-actions/20260501_33
/policy-data-oversight/pay-leave/leave-administration/fact-sheets/annual-leave/,3778,opm.gov,,,6977,97.52,,/policy-data-oversight/pay-leave/leave...
/taxtopics/tc202,3778,irs.gov,,,6978,97.52,,/taxtopics/tc202
/ev_results.aspx,3778,j1visawaiverstatus.state.gov,,,6979,97.53,,/ev_results.aspx
/careers/pathways/,3778,nasa.gov,,,6980,97.53,,/careers/pathways/
/data/dataset.php,3778,gml.noaa.gov,,,6981,97.53,,/data/dataset.php
/image-detail/amf-art002e009567/,3778,nasa.gov,,,6982,97.53,,/image-detail/amf-art002e009567/
/learning-resources/for-kids-and-students/,3778,nasa.gov,,,6983,97.53,,/learning-resources/for-kids-and-stude...
/health-information/weight-management/prescription-medications-treat-overweight-obesity,3778,niddk.nih.gov,,,6984,97.53,,/health-information/weight-management/...
/registration/daily-decisionsdaily-fmcsa-registration-decisions-letters-certificates-permits-and,3778,fmcsa.dot.gov,,,6985,97.53,,/registration/daily-decisionsdaily-fmc...
/intelligence-analysts,3778,fbijobs.gov,,,6986,97.54,,/intelligence-analysts
/licenses_certificates/aircraft_certification/aircraft_registry,3778,faa.gov,,,6987,97.54,,/licenses_certificates/aircraft_certif...
/game_end.htm,3778,everykidoutdoors.gov,,,6988,97.54,,/game_end.htm
/gallery/artemis-ii-flight-day-highlights/,3778,nasa.gov,,,6989,97.54,,/gallery/artemis-ii-flight-day-highlig...
/cgi-bin/data_display_aod_v3,3778,aeronet.gsfc.nasa.gov,,,6990,97.54,,/cgi-bin/data_display_aod_v3
/apod/ap250407.html,3778,apod.nasa.gov,,,6991,97.54,,/apod/ap250407.html
/apod/ap250410.html,3778,apod.nasa.gov,,,6992,97.54,,/apod/ap250410.html
/pt/non-immigrant-visas-overview-portuguese/,3778,br.usembassy.gov,,,6993,97.55,,/pt/non-immigrant-visas-overview-portu...
/apod/ap250814.html,3778,apod.nasa.gov,,,6994,97.55,,/apod/ap250814.html
/apod/ap250724.html,3778,apod.nasa.gov,,,6995,97.55,,/apod/ap250724.html
/apod/ap250715.html,3778,apod.nasa.gov,,,6996,97.55,,/apod/ap250715.html
/lyme/data-research/facts-stats/lyme-disease-case-map.html,3778,cdc.gov,,,6997,97.55,,/lyme/data-research/facts-stats/lyme-d...
/children-mental-health/data-research/index.html,3778,cdc.gov,,,6998,97.55,,/children-mental-health/data-research/...
/adhd/es/articles/que-es-el-trastorno-por-deficit-de-atencion-e-hiperactividad-tdah.html,3778,cdc.gov,,,6999,97.55,,/adhd/es/articles/que-es-el-trastorno-...
/about-cancer/treatment/side-effects/nutrition/high-fiber-foods,3778,cancer.gov,,,7000,97.56,,/about-cancer/treatment/side-effects/n...
/apod/ap250622.html,3745,apod.nasa.gov,,,7001,97.56,,/apod/ap250622.html
/apod/ap250425.html,3745,apod.nasa.gov,,,7002,97.56,,/apod/ap250425.html
/promotion/officer-promotions/,3745,afpc.af.mil,,,7003,97.56,,/promotion/officer-promotions/
/apod/ap250710.html,3745,apod.nasa.gov,,,7004,97.56,,/apod/ap250710.html
/news/article-display/article/4477064/air-force-greenlights-t-7a-red-hawk-for-production-following-milestone-c/,3745,af.mil,,,7005,97.56,,/news/article-display/article/4477064/...
/applicant/profile/federalservice/,3745,usajobs.gov,,,7006,97.56,,/applicant/profile/federalservice/
/ksms.htm,3745,tsaapps.tsa.dhs.gov,,,7007,97.57,,/ksms.htm
/health-care/apply-for-health-care-form-10-10ez/military-service/service-information,3745,www.va.gov,,,7008,97.57,,/health-care/apply-for-health-care-for...
/news-events/news/2026/05/caisi-evaluation-deepseek-v4-pro,3745,www.nist.gov,,,7009,97.57,,/news-events/news/2026/05/caisi-evalua...
/education/other-va-education-benefits/,3745,va.gov,,,7010,97.57,,/education/other-va-education-benefits...
/bd/en/nonimmigrant-visa,3745,ustraveldocs.com,,,7011,97.57,,/bd/en/nonimmigrant-visa
/vpv404/specials/,3745,science.nasa.gov,,,7012,97.57,,/vpv404/specials/
/search-filings/standard-industrial-classification-sic-code-list,3745,sec.gov,,,7013,97.57,,/search-filings/standard-industrial-cl...
/content/travel/en/international-travel/international-travel-country-information-pages/israelthewestbankandgaza.html,3745,travel.state.gov,,,7014,97.58,,/content/travel/en/international-trave...
/content/travel/en/traveladvisories/traveladvisories/israel-west-bank-and-gaza-travel-advisory.html,3745,travel.state.gov,,,7015,97.58,,/content/travel/en/traveladvisories/tr...
/trade/automated/how-to-use-ace,3745,cbp.gov,,,7016,97.58,,/trade/automated/how-to-use-ace
/find-studies,3745,clinicaltrials.gov,,,7017,97.58,,/find-studies
/medicare/regulations-guidance/administrative-simplification/data-dissemination,3745,cms.gov,,,7018,97.58,,/medicare/regulations-guidance/adminis...
/fugitives/all,3745,dea.gov,,,7019,97.58,,/fugitives/all
/civilianemployees/militaryservice/militaryservicedeposits/,3745,dfas.mil,,,7020,97.58,,/civilianemployees/militaryservice/mil...
/current/title-14/chapter-i/subchapter-f/part-107,3745,ecfr.gov,,,7021,97.59,,/current/title-14/chapter-i/subchapter...
/animal-veterinary/safety-health/recalls-withdrawals,3745,fda.gov,,,7022,97.59,,/animal-veterinary/safety-health/recal...
/drugs/disposal-unused-medicines-what-you-should-know/drug-disposal-fdas-flush-list-certain-medicines,3745,fda.gov,,,7023,97.59,,/drugs/disposal-unused-medicines-what-...
/disaster/4899,3745,fema.gov,,,7024,97.59,,/disaster/4899
/accounting/intragov,3745,fiscal.treasury.gov,,,7025,97.59,,/accounting/intragov
/es/web/india/home/news,3745,globe.gov,,,7026,97.59,,/es/web/india/home/news
/federal-credentialing-services/get-appointment-help,3745,gsa.gov,,,7027,97.59,,/federal-credentialing-services/get-ap...
/spanish/druginfo/meds/a689011-es.html,3745,medlineplus.gov,,,7028,97.6,,/spanish/druginfo/meds/a689011-es.html
/usao-wdny/pr/williamsville-man-arrested-charged-complaint-multi-million-dollar-fraud-scheme,3745,justice.gov,,,7029,97.6,,/usao-wdny/pr/williamsville-man-arrest...
/usao-sdca/pr/man-sentenced-10-years-sex-trafficking-16-year-old-girl,3745,justice.gov,,,7030,97.6,,/usao-sdca/pr/man-sentenced-10-years-s...
/usao-ma/pr/three-charged-fentanyl-distribution,3745,justice.gov,,,7031,97.6,,/usao-ma/pr/three-charged-fentanyl-dis...
/books/nbk519712/table/ch3.t3/,3745,ncbi.nlm.nih.gov,,,7032,97.6,,/books/nbk519712/table/ch3.t3/
/image-detail/amf-art002e024014/,3745,nasa.gov,,,7033,97.6,,/image-detail/amf-art002e024014/
/image-detail/amf-art002e016318/,3745,nasa.gov,,,7034,97.6,,/image-detail/amf-art002e016318/
/spanish/heatillness.html,3745,medlineplus.gov,,,7035,97.61,,/spanish/heatillness.html
/arch/planyourvisit/conditions.htm,3745,nps.gov,,,7036,97.61,,/arch/planyourvisit/conditions.htm
/policy-data-oversight/snow-dismissal-procedures/current-status/,3745,opm.gov,,,7037,97.61,,/policy-data-oversight/snow-dismissal-...
/articles/pmc5675205/,3745,pmc.ncbi.nlm.nih.gov,,,7038,97.61,,/articles/pmc5675205/
/articles/pmc8643533/,3745,pmc.ncbi.nlm.nih.gov,,,7039,97.61,,/articles/pmc8643533/
/help/ita/should-i-file-an-amended-return,3745,irs.gov,,,7040,97.61,,/help/ita/should-i-file-an-amended-ret...
/businesses/small-businesses-self-employed/responsible-parties-and-nominees,3745,irs.gov,,,7041,97.61,,/businesses/small-businesses-self-empl...
/ero,3745,ice.gov,,,7042,97.62,,/ero
/portal/dataset/fmr-api.html,3745,huduser.gov,,,7043,97.62,,/portal/dataset/fmr-api.html
/programs/vhp,3745,usgs.gov,,,7044,97.62,,/programs/vhp
/health-care/order-hearing-aid-or-CPAP-supplies-form/confirmation,3745,www.va.gov,,,7045,97.62,,/health-care/order-hearing-aid-or-CPAP...
/job/867935200,3745,usajobs.gov,,,7046,97.62,,/job/867935200
/programs/lodging/,3711,travel.dod.mil,,,7047,97.62,,/programs/lodging/
/credits-deductions/residential-clean-energy-credit,3711,irs.gov,,,7048,97.62,,/credits-deductions/residential-clean-...
/ko/downloads/irs-drop,3711,irs.gov,,,7049,97.63,,/ko/downloads/irs-drop
/content/travel/en/passports/get-fast/passport-agencies/miami.html,3711,travel.state.gov,,,7050,97.63,,/content/travel/en/passports/get-fast/...
/newsroom/news-releases/making-america-safe-again-us-citizenship-and-immigration-services-end-of-year-review-demonstrates,3711,uscis.gov,,,7051,97.63,,/newsroom/news-releases/making-america...
/resources/scams,3711,studentaid.gov,,,7052,97.63,,/resources/scams
/who-uses-login/,3711,login.gov,,,7053,97.63,,/who-uses-login/
/labcas-ui/index.html,3711,mcl-labcas.jpl.nasa.gov,,,7054,97.63,,/labcas-ui/index.html
/spanish/ency/article/007741.htm,3711,medlineplus.gov,,,7055,97.63,,/spanish/ency/article/007741.htm
/spanish/hpv.html,3711,medlineplus.gov,,,7056,97.64,,/spanish/hpv.html
/military-basics/new-to-the-military/military-basics-101/,3711,militaryonesource.mil,,,7057,97.64,,/military-basics/new-to-the-military/m...
/humans-in-space/orion-spacecraft/,3711,nasa.gov,,,7058,97.64,,/humans-in-space/orion-spacecraft/
/image-detail/amf-art002e009294/,3711,nasa.gov,,,7059,97.64,,/image-detail/amf-art002e009294/
/articles/pmc10633996/,3711,pmc.ncbi.nlm.nih.gov,,,7060,97.64,,/articles/pmc10633996/
/ways-to-serve/service-assignments/browse-opportunities/peace-corps-response/,3711,peacecorps.gov,,,7061,97.64,,/ways-to-serve/service-assignments/bro...
/retirement-center/apply/fegli-calculator/employee-summary/,3711,opm.gov,,,7062,97.64,,/retirement-center/apply/fegli-calcula...
/bisc/index.htm,3711,nps.gov,,,7063,97.65,,/bisc/index.htm
/tools/calculators/alcohol-drink-size-calculator,3711,rethinkingdrinking.niaaa.nih.gov,,,7064,97.65,,/tools/calculators/alcohol-drink-size-...
/listing/,3711,printerdirectory.usps.com,,,7065,97.65,,/listing/
/nchs/fastats/life-expectancy.htm,3711,cdc.gov,,,7066,97.65,,/nchs/fastats/life-expectancy.htm
/niosh/docs/2025-103/default.html,3711,cdc.gov,,,7067,97.65,,/niosh/docs/2025-103/default.html
/IVApp/IVApp/complete/complete_contact2.aspx,3711,ceac.state.gov,,,7068,97.65,,/IVApp/IVApp/complete/complete_contact...
/medicare/payment/fee-schedules/physician/pfs-relative-value-files/rvu26a,3711,cms.gov,,,7069,97.65,,/medicare/payment/fee-schedules/physic...
/dataviewer/,3711,coast.noaa.gov,,,7070,97.66,,/dataviewer/
/news-releases/press-releases,3711,dhs.gov,,,7071,97.66,,/news-releases/press-releases
/programs/autoskills/abv-auction,3711,drum.armymwr.com,,,7072,97.66,,/programs/autoskills/abv-auction
/earthquakes/eventpage/us7000si2z/map,3711,earthquake.usgs.gov,,,7073,97.66,,/earthquakes/eventpage/us7000si2z/map
/ne/articles/nuclear-101-how-does-nuclear-reactor-work,3711,energy.gov,,,7074,97.66,,/ne/articles/nuclear-101-how-does-nucl...
/about/leadership-and-structure/director-patel,3711,fbi.gov,,,7075,97.66,,/about/leadership-and-structure/direct...
/federal-contracting/contracting-guide/size-standards,3711,sba.gov,,,7076,97.66,,/federal-contracting/contracting-guide...
/kids/earth/mission-biomes/biodesert/,3711,science.nasa.gov,,,7077,97.67,,/kids/earth/mission-biomes/biodesert/
/menu/activities/,3711,spaceplace.nasa.gov,,,7078,97.67,,/menu/activities/
/oact/anypia/anypia.html,3711,ssa.gov,,,7079,97.67,,/oact/anypia/anypia.html
/articles/pmc4338652/,3711,pmc.ncbi.nlm.nih.gov,,,7080,97.67,,/articles/pmc4338652/
/articles/pmc11174018/,3711,pmc.ncbi.nlm.nih.gov,,,7081,97.67,,/articles/pmc11174018/
/publications/p15t,3711,irs.gov,,,7082,97.67,,/publications/p15t
/action-center/report-crime-or-submit-complaint,3711,justice.gov,,,7083,97.67,,/action-center/report-crime-or-submit-...
/pardon/january-17-2025-commutation-recipients,3711,justice.gov,,,7084,97.68,,/pardon/january-17-2025-commutation-re...
/mob/katrina,3711,weather.gov,,,7085,97.68,,/mob/katrina
/business/manage-mail.htm,3711,usps.com,,,7086,97.68,,/business/manage-mail.htm
/forms/21-526ez/,3711,va.gov,,,7087,97.68,,/forms/21-526ez/
/archive/publications/national_transportation_statistics/2008/table_01_15,3711,bts.gov,,,7088,97.68,,/archive/publications/national_transpo...
/trade,3711,cbp.gov,,,7089,97.68,,/trade
/disability/file-disability-claim-form-21-526ez/mental-health-form-0781/behavior-changes-summary,3711,www.va.gov,,,7090,97.68,,/disability/file-disability-claim-form...
/careers/deputy-us-marshals,3711,usmarshals.gov,,,7091,97.69,,/careers/deputy-us-marshals
/pages/home.aspx,3711,aspr.hhs.gov,,,7092,97.69,,/pages/home.aspx
/scripts/cdrh/cfdocs/cfpmn/denovo.cfm,3711,accessdata.fda.gov,,,7093,97.69,,/scripts/cdrh/cfdocs/cfpmn/denovo.cfm
/misc/list/index.htm,3711,2009-2017.state.gov,,,7094,97.69,,/misc/list/index.htm
/flood-maps/products-tools,3711,fema.gov,,,7095,97.69,,/flood-maps/products-tools
/credits-deductions/individuals/earned-income-tax-credit/earned-income-and-earned-income-tax-credit-eitc-tables,3711,irs.gov,,,7096,97.69,,/credits-deductions/individuals/earned...
/portal/i,3711,informeddelivery.usps.com,,,7097,97.69,,/portal/i
/portal/datasets/il.html/tabs/data_2026,3711,huduser.gov,,,7098,97.7,,/portal/datasets/il.html/tabs/data_202...
/vef/,3711,weather.gov,,,7099,97.7,,/vef/
/trade/programs-administration/entry-summary/232-tariffs-aluminum-and-steel-faqs,3711,cbp.gov,,,7100,97.7,,/trade/programs-administration/entry-s...
/bacterial-vaginosis/about/index.html,3711,cdc.gov,,,7101,97.7,,/bacterial-vaginosis/about/index.html
/hearher/maternal-warning-signs/index.html,3711,cdc.gov,,,7102,97.7,,/hearher/maternal-warning-signs/index....
/breast-cancer/symptoms/index.html,3711,cdc.gov,,,7103,97.7,,/breast-cancer/symptoms/index.html
/digital-collections/search/photo-library,3711,noaa.gov,,,7104,97.7,,/digital-collections/search/photo-libr...
/health/publications/social-anxiety-disorder-more-than-just-shyness,3711,nimh.nih.gov,,,7105,97.71,,/health/publications/social-anxiety-di...
/health/publications/so-stressed-out-fact-sheet,3711,nimh.nih.gov,,,7106,97.71,,/health/publications/so-stressed-out-f...
/vehicle-safety/seat-belts,3711,nhtsa.gov,,,7107,97.71,,/vehicle-safety/seat-belts
/state/fl/index.htm,3678,nps.gov,,,7108,97.71,,/state/fl/index.htm
/seki/planyourvisit/road-conditions.htm,3678,nps.gov,,,7109,97.71,,/seki/planyourvisit/road-conditions.ht...
/romo/planyourvisit/maps.htm,3678,nps.gov,,,7110,97.71,,/romo/planyourvisit/maps.htm
/olym/planyourvisit/fees.htm,3678,nps.gov,,,7111,97.71,,/olym/planyourvisit/fees.htm
/research/research-conducted-at-nimh/asq-toolkit-materials,3678,nimh.nih.gov,,,7112,97.72,,/research/research-conducted-at-nimh/a...
/aboutus/national-park-system.htm,3678,nps.gov,,,7113,97.72,,/aboutus/national-park-system.htm
/grca/planyourvisit/conditions.htm,3678,nps.gov,,,7114,97.72,,/grca/planyourvisit/conditions.htm
/lavo/planyourvisit/conditions.htm,3678,nps.gov,,,7115,97.72,,/lavo/planyourvisit/conditions.htm
/image-detail/amf-art002e009298/,3678,nasa.gov,,,7116,97.72,,/image-detail/amf-art002e009298/
/health-information/kidney-disease/chronic-kidney-disease-ckd/healthy-eating-adults-chronic-kidney-disease,3678,niddk.nih.gov,,,7117,97.72,,/health-information/kidney-disease/chr...
/humans-in-space/humans-to-mars/,3678,nasa.gov,,,7118,97.72,,/humans-in-space/humans-to-mars/
/usao-ma/case/us-v-ebay-inc,3678,justice.gov,,,7119,97.72,,/usao-ma/case/us-v-ebay-inc
/basics/forms-publications-mailings/forms,3678,medicare.gov,,,7120,97.73,,/basics/forms-publications-mailings/fo...
/career-management/boards/active-duty-enlisted/,3678,mynavyhr.navy.mil,,,7121,97.73,,/career-management/boards/active-duty-...
/blogs/artemis/,3678,nasa.gov,,,7122,97.73,,/blogs/artemis/
/centers-and-facilities/johnson/artemis-ii-mission-milestones-an-image-and-video-recap/,3678,nasa.gov,,,7123,97.73,,/centers-and-facilities/johnson/artemi...
/taxes,3678,usa.gov,,,7124,97.73,,/taxes
/authenticationendpoint/login.do,3678,ttbonline.gov,,,7125,97.73,,/authenticationendpoint/login.do
/content/travel/en/us-visas/visa-information-resources/photos/frequently-asked-questions.html,3678,travel.state.gov,,,7126,97.73,,/content/travel/en/us-visas/visa-infor...
/news/nta-blog/how-to-use-irs-tax-account-transcripts-to-identify-potential-covid-19-disaster-relief-refunds-part-ii/2026/05/,3678,taxpayeradvocate.irs.gov,,,7127,97.74,,/news/nta-blog/how-to-use-irs-tax-acco...
/loan-simulator/repayment/wizard/personal-info/other-income,3678,studentaid.gov,,,7128,97.74,,/loan-simulator/repayment/wizard/perso...
/programs/national-geospatial-program/national-map,3678,usgs.gov,,,7129,97.74,,/programs/national-geospatial-program/...
/tools/uscis-tools-and-resources/immigration-documents-and-how-to-correct-update-or-replace-them,3678,uscis.gov,,,7130,97.74,,/tools/uscis-tools-and-resources/immig...
/job/861914900,3678,usajobs.gov,,,7131,97.74,,/job/861914900
/es/number-card/request-number-first-time,3678,ssa.gov,,,7132,97.74,,/es/number-card/request-number-first-t...
/help-center/answers/article/what-is-an-income-driven-plan-recertification-date,3678,studentaid.gov,,,7133,97.74,,/help-center/answers/article/what-is-a...
/16533068/,3678,pubmed.ncbi.nlm.nih.gov,,,7134,97.75,,/16533068/
/subjects/nationalregister/database-research.htm,3678,nps.gov,,,7135,97.75,,/subjects/nationalregister/database-re...
/factsheets/vitamind-consumer/,3678,ods.od.nih.gov,,,7136,97.75,,/factsheets/vitamind-consumer/
/retirement-center/my-annuity-and-benefits/annuity-payments/,3678,opm.gov,,,7137,97.75,,/retirement-center/my-annuity-and-bene...
/articles/pmc7464265/,3678,pmc.ncbi.nlm.nih.gov,,,7138,97.75,,/articles/pmc7464265/
/compound/morphine,3678,pubchem.ncbi.nlm.nih.gov,,,7139,97.75,,/compound/morphine
/bwn/wageindex,3678,wageandsalary.dcpas.osd.mil,,,7140,97.75,,/bwn/wageindex
/education/after-you-apply/,3678,va.gov,,,7141,97.76,,/education/after-you-apply/
/cn/zh/payment-options,3678,ustraveldocs.com,,,7142,97.76,,/cn/zh/payment-options
/helping-americans/housing-choice-vouchers-homeless-veterans,3678,www.hud.gov,,,7143,97.76,,/helping-americans/housing-choice-vouc...
/hud-partners/limited-denial,3678,www.hud.gov,,,7144,97.76,,/hud-partners/limited-denial
/vawa,3678,www.hud.gov,,,7145,97.76,,/vawa
/cmei/ssl/flicker-basics,3678,energy.gov,,,7146,97.76,,/cmei/ssl/flicker-basics
/ghgemissions/carbon-footprint-calculator,3678,epa.gov,,,7147,97.76,,/ghgemissions/carbon-footprint-calcula...
/air_traffic/flight_info/aeronav/digital_products/aero_guide/,3678,faa.gov,,,7148,97.77,,/air_traffic/flight_info/aeronav/digit...
/how-we-can-help-you/more-fbi-services-and-information/compact-council/privacy-act-statement,3678,fbi.gov,,,7149,97.77,,/how-we-can-help-you/more-fbi-services...
/fdic-search,3678,fdic.gov,,,7150,97.77,,/fdic-search
/snap/work-requirements,3678,fns.usda.gov,,,7151,97.77,,/snap/work-requirements
/medicare/coding-billing/medicare-administrative-contractors-macs/who-are-macs,3678,cms.gov,,,7152,97.77,,/medicare/coding-billing/medicare-admi...
/army/costs_and_funding/index.html,3678,cool.osd.mil,,,7153,97.77,,/army/costs_and_funding/index.html
/agencies/whd/workers,3678,dol.gov,,,7154,97.77,,/agencies/whd/workers
/rob_intro,3678,ecomp.dol.gov,,,7155,97.78,,/rob_intro
/milestone-documents/chinese-exclusion-act,3678,archives.gov,,,7156,97.78,,/milestone-documents/chinese-exclusion...
/ooh/legal/home.htm,3678,bls.gov,,,7157,97.78,,/ooh/legal/home.htm
/es-ar/niv/information/announcements,3678,ais.usvisa-info.com,,,7158,97.78,,/es-ar/niv/information/announcements
/apod/ap250519.html,3678,apod.nasa.gov,,,7159,97.78,,/apod/ap250519.html
/ooh/transportation-and-material-moving/airline-and-commercial-pilots.htm,3678,bls.gov,,,7160,97.78,,/ooh/transportation-and-material-movin...
/resourcesfor/resources-for.aspx,3678,careeronestop.org,,,7161,97.78,,/resourcesfor/resources-for.aspx
/refunds/direct-deposit-limits,3678,irs.gov,,,7162,97.79,,/refunds/direct-deposit-limits
/businesses/small-businesses-self-employed/closing-a-business,3678,irs.gov,,,7163,97.79,,/businesses/small-businesses-self-empl...
/web/european-phenology-campaign/overview/discussion-forums/-/message_boards/category,3678,globe.gov,,,7164,97.79,,/web/european-phenology-campaign/overv...
/cpt-agreement,3678,health.mil,,,7165,97.79,,/cpt-agreement
/capabilities/flight-dynamics-facility/,3678,etd.gsfc.nasa.gov,,,7166,97.79,,/capabilities/flight-dynamics-facility...
/espanol/10-consejos-utiles-para-eliminar-las-chinches-de-cama,3678,espanol.epa.gov,,,7167,97.79,,/espanol/10-consejos-utiles-para-elimi...
/diabetes/about/low-blood-sugar-hypoglycemia.html,3678,cdc.gov,,,7168,97.79,,/diabetes/about/low-blood-sugar-hypogl...
/vaccines/hcp/current-vis/meningococcal-acwy.html,3678,cdc.gov,,,7169,97.8,,/vaccines/hcp/current-vis/meningococca...
/study-basics/how-to-read-study-record,3678,clinicaltrials.gov,,,7170,97.8,,/study-basics/how-to-read-study-record
/mac-info,3678,cms.gov,,,7171,97.8,,/mac-info
/portal/whatsnew/whatsnew.html,3644,huduser.gov,,,7172,97.8,,/portal/whatsnew/whatsnew.html
/observatories/hvo,3644,usgs.gov,,,7173,97.8,,/observatories/hvo
/workspace/profile/email-settings,3644,sam.gov,,,7174,97.8,,/workspace/profile/email-settings
/funding-programs,3644,sba.gov,,,7175,97.8,,/funding-programs
/citizen-science/,3644,science.nasa.gov,,,7176,97.81,,/citizen-science/
/planetary-science/programs/mars-exploration/,3644,science.nasa.gov,,,7177,97.81,,/planetary-science/programs/mars-explo...
/measles/about/index.html,3644,cdc.gov,,,7178,97.81,,/measles/about/index.html
/medicare/payment/fee-schedules,3644,cms.gov,,,7179,97.81,,/medicare/payment/fee-schedules
/account/fieldtest,3644,dcs1.noaa.gov,,,7180,97.81,,/account/fieldtest
/submit-tip,3644,dea.gov,,,7181,97.81,,/submit-tip
/agencies/whd/fact-sheets/28o-mental-health,3644,dol.gov,,,7182,97.81,,/agencies/whd/fact-sheets/28o-mental-h...
/cmei/scep/wap/how-apply-weatherization-assistance,3644,energy.gov,,,7183,97.81,,/cmei/scep/wap/how-apply-weatherizatio...
/greenvehicles/electric-vehicle-myths,3644,epa.gov,,,7184,97.82,,/greenvehicles/electric-vehicle-myths
/print/app,3644,esta.cbp.dhs.gov,,,7185,97.82,,/print/app
/industry/prior-notice-imported-foods/filing-prior-notice-imported-foods,3644,fda.gov,,,7186,97.82,,/industry/prior-notice-imported-foods/...
/r02/psicc/recreation,3644,fs.usda.gov,,,7187,97.82,,/r02/psicc/recreation
/search_results,3644,gettested.cdc.gov,,,7188,97.82,,/search_results
/green-card/after-we-grant-your-green-card/international-travel-as-a-permanent-resident,3644,uscis.gov,,,7189,97.82,,/green-card/after-we-grant-your-green-...
/es/acerca-de-nosotros/contactenos/centro-de-contacto-de-uscis,3644,uscis.gov,,,7190,97.82,,/es/acerca-de-nosotros/contactenos/cen...
/referrals,3644,tricare.mil,,,7191,97.83,,/referrals
/savings-bonds/comparing-ee-and-i-bonds/,3644,treasurydirect.gov,,,7192,97.83,,/savings-bonds/comparing-ee-and-i-bond...
/releases/office-of-the-spokesperson/2026/05/u-s-sanctions-target-cubas-military-regime-elites,3644,state.gov,,,7193,97.83,,/releases/office-of-the-spokesperson/2...
/apod/ap250414.html,3644,apod.nasa.gov,,,7194,97.83,,/apod/ap250414.html
/articles/pmc3099351/,3644,pmc.ncbi.nlm.nih.gov,,,7195,97.83,,/articles/pmc3099351/
/articles/pmc4951085/,3644,pmc.ncbi.nlm.nih.gov,,,7196,97.83,,/articles/pmc4951085/
/pm/reports,3644,portfoliomanager.energystar.gov,,,7197,97.83,,/pm/reports
/22146392/,3644,pubmed.ncbi.nlm.nih.gov,,,7198,97.84,,/22146392/
/29786478/,3644,pubmed.ncbi.nlm.nih.gov,,,7199,97.84,,/29786478/
/tornadoes,3644,ready.gov,,,7200,97.84,,/tornadoes
/businesses/small-businesses-self-employed/webinars-for-tax-practitioners,3644,irs.gov,,,7201,97.84,,/businesses/small-businesses-self-empl...
/individuals/deceased-person,3644,irs.gov,,,7202,97.84,,/individuals/deceased-person
/retirement-plans,3644,irs.gov,,,7203,97.84,,/retirement-plans
/usao-sdny/pr/public-company-ceo-and-chairman-convicted-fraud,3644,justice.gov,,,7204,97.84,,/usao-sdny/pr/public-company-ceo-and-c...
/romo/planyourvisit/trail_conditions.htm,3644,nps.gov,,,7205,97.85,,/romo/planyourvisit/trail_conditions.h...
/aboutus/how-to-apply.htm,3644,nps.gov,,,7206,97.85,,/aboutus/how-to-apply.htm
/who/legal/no-fear-act/,3644,about.usps.com,,,7207,97.85,,/who/legal/no-fear-act/
/scripts/cdrh/cfdocs/cfrl/textresults.cfm,3644,accessdata.fda.gov,,,7208,97.85,,/scripts/cdrh/cfdocs/cfrl/textresults....
/apod/ap250611.html,3644,apod.nasa.gov,,,7209,97.85,,/apod/ap250611.html
/variation/view/,3644,ncbi.nlm.nih.gov,,,7210,97.85,,/variation/view/
/insurance/,3644,benefits.va.gov,,,7211,97.85,,/insurance/
/soc/2018/major_groups.htm,3644,bls.gov,,,7212,97.86,,/soc/2018/major_groups.htm
/flu/about/coldflu.html,3644,cdc.gov,,,7213,97.86,,/flu/about/coldflu.html
/details/02300402/pov,3644,bwt.cbp.gov,,,7214,97.86,,/details/02300402/pov
/care-compare/compare,3644,medicare.gov,,,7215,97.86,,/care-compare/compare
/learning-resources/for-students-grades-k-4/,3644,nasa.gov,,,7216,97.86,,/learning-resources/for-students-grade...
/mission/artemis-iv/,3644,nasa.gov,,,7217,97.86,,/mission/artemis-iv/
/business/postage-options.htm,3644,usps.com,,,7218,97.86,,/business/postage-options.htm
/resources/insignias/,3644,war.gov,,,7219,97.86,,/resources/insignias/
/publications/experiments-dilute-atomic-bose-einstein-condensation,3644,www.nist.gov,,,7220,97.87,,/publications/experiments-dilute-atomi...
/apod/ap250201.html,3644,apod.nasa.gov,,,7221,97.87,,/apod/ap250201.html
/apod/ap250331.html,3644,apod.nasa.gov,,,7222,97.87,,/apod/ap250331.html
/articles/pmc8235586/,3611,pmc.ncbi.nlm.nih.gov,,,7223,97.87,,/articles/pmc8235586/
/articles/pmc4805306/,3611,pmc.ncbi.nlm.nih.gov,,,7224,97.87,,/articles/pmc4805306/
/facilities/facility-search,3611,echo.epa.gov,,,7225,97.87,,/facilities/facility-search
/medical-devices/safety-communications/risks-using-true-metrix-blood-glucose-monitoring-systems-trividia-health-fda-safety-communication,3611,fda.gov,,,7226,97.87,,/medical-devices/safety-communications...
/hiv-basics/overview/about-hiv-and-aids/how-is-hiv-transmitted,3611,hiv.gov,,,7227,97.88,,/hiv-basics/overview/about-hiv-and-aid...
/services/bonds-and-securities,3611,home.treasury.gov,,,7228,97.88,,/services/bonds-and-securities
/es/payments/direct-pay-help,3611,irs.gov,,,7229,97.88,,/es/payments/direct-pay-help
/filing/individuals/when-to-file,3611,irs.gov,,,7230,97.88,,/filing/individuals/when-to-file
/individuals/seniors-retirees,3611,irs.gov,,,7231,97.88,,/individuals/seniors-retirees
/substance/,3611,pubchem.ncbi.nlm.nih.gov,,,7232,97.88,,/substance/
/16177341/,3611,pubmed.ncbi.nlm.nih.gov,,,7233,97.88,,/16177341/
/green-card/green-card-processes-and-procedures/child-status-protection-act-cspa,3611,uscis.gov,,,7234,97.89,,/green-card/green-card-processes-and-p...
/green-card/green-card-eligibility/green-card-for-employment-based-immigrants,3611,uscis.gov,,,7235,97.89,,/green-card/green-card-eligibility/gre...
/locate-a-reserve-unit/reserve-unit-locations/,3611,usar.army.mil,,,7236,97.89,,/locate-a-reserve-unit/reserve-unit-lo...
/family-and-caregiver-benefits/health-and-disability/champva/apply-form-10-10d/other-health-insurance-plans,3611,www.va.gov,,,7237,97.89,,/family-and-caregiver-benefits/health-...
/family-and-caregiver-benefits/health-and-disability/champva/apply-form-10-10d/medicare-and-other-health-insurance,3611,www.va.gov,,,7238,97.89,,/family-and-caregiver-benefits/health-...
/disability/file-disability-claim-form-21-526ez/mental-health-form-0781/behavior-changes-5-description,3611,www.va.gov,,,7239,97.89,,/disability/file-disability-claim-form...
/family-and-caregiver-benefits/health-and-disability/champva/apply-form-10-10d/applicant-address/0,3611,www.va.gov,,,7240,97.89,,/family-and-caregiver-benefits/health-...
/twc/,3611,weather.gov,,,7241,97.9,,/twc/
/satellite,3611,weather.gov,,,7242,97.9,,/satellite
/oun/efscale,3611,weather.gov,,,7243,97.9,,/oun/efscale
/states/florida,3611,www.hud.gov,,,7244,97.9,,/states/florida
/healthbenefits/vtp/beneficiary_travel_pocs.asp,3611,va.gov,,,7245,97.9,,/healthbenefits/vtp/beneficiary_travel...
/disability/eligibility/hazardous-materials-exposure/,3611,va.gov,,,7246,97.9,,/disability/eligibility/hazardous-mate...
/about-usda/general-information/staff-offices/office-chief-economist/commodity-markets/wasde-report,3611,usda.gov,,,7247,97.9,,/about-usda/general-information/staff-...
/international/first-class-package-international-service.htm,3611,usps.com,,,7248,97.91,,/international/first-class-package-int...
/laws-and-policy/legislation/immigration-and-nationality-act,3611,uscis.gov,,,7249,97.91,,/laws-and-policy/legislation/immigrati...
/medicare/coding-billing/national-correct-coding-initiative-ncci-edits/medicare-ncci-policy-manual,3611,cms.gov,,,7250,97.91,,/medicare/coding-billing/national-corr...
/file-a-complaint/,3611,ada.gov,,,7251,97.91,,/file-a-complaint/
/medicare/enrollment-renewal/original-part-a-b,3611,cms.gov,,,7252,97.91,,/medicare/enrollment-renewal/original-...
/apod/ap250630.html,3611,apod.nasa.gov,,,7253,97.91,,/apod/ap250630.html
/news.release/archives/empsit_05082026.htm,3611,bls.gov,,,7254,97.91,,/news.release/archives/empsit_05082026...
/publications/brochures-and-fact-sheets/underage-drinking,3611,niaaa.nih.gov,,,7255,97.91,,/publications/brochures-and-fact-sheet...
/the-apollo-program/,3611,nasa.gov,,,7256,97.92,,/the-apollo-program/
/job/867960500,3611,usajobs.gov,,,7257,97.92,,/job/867960500
/mrds/grade-summary.php,3611,mrdata.usgs.gov,,,7258,97.92,,/mrds/grade-summary.php
/region/southeast/standard,3611,radar.weather.gov,,,7259,97.92,,/region/southeast/standard
/earth/explore/earth-indicators/,3611,science.nasa.gov,,,7260,97.92,,/earth/explore/earth-indicators/
/content/retaila-new-passenger-car-sales-thousands-units,3611,bts.gov,,,7261,97.92,,/content/retaila-new-passenger-car-sal...
/ooh/healthcare/pharmacists.htm,3611,bls.gov,,,7262,97.92,,/ooh/healthcare/pharmacists.htm
/articles/pmc10457939/,3611,pmc.ncbi.nlm.nih.gov,,,7263,97.93,,/articles/pmc10457939/
/factsheets/zinc-healthprofessional/,3611,ods.od.nih.gov,,,7264,97.93,,/factsheets/zinc-healthprofessional/
/yell/learn/nature/hydrothermal-features.htm,3611,nps.gov,,,7265,97.93,,/yell/learn/nature/hydrothermal-featur...
/articles/series.htm,3611,nps.gov,,,7266,97.93,,/articles/series.htm
/health/publications/generalized-anxiety-disorder-gad,3611,nimh.nih.gov,,,7267,97.93,,/health/publications/generalized-anxie...
/health-information/weight-management/body-weight-planner,3611,niddk.nih.gov,,,7268,97.93,,/health-information/weight-management/...
/travel/trusted-traveler-programs/global-entry/airports-with-global-entry,3611,cbp.gov,,,7269,97.93,,/travel/trusted-traveler-programs/glob...
/sti/,3611,cdc.gov,,,7270,97.94,,/sti/
/legal-careers/vacancies,3611,justice.gov,,,7271,97.94,,/legal-careers/vacancies
/basics/costs/pay-premiums/medicare-easy-pay,3611,medicare.gov,,,7272,97.94,,/basics/costs/pay-premiums/medicare-ea...
/wanted/topten/wilver-villegas-palomino,3611,fbi.gov,,,7273,97.94,,/wanted/topten/wilver-villegas-palomin...
/wanted/seeking-information,3611,fbi.gov,,,7274,97.94,,/wanted/seeking-information
/orderonline/start.swe,3611,eservices.archives.gov,,,7275,97.94,,/orderonline/start.swe
/spanish/genetica/entender/basica/adn/,3611,medlineplus.gov,,,7276,97.94,,/spanish/genetica/entender/basica/adn/
/apod/ap241101.html,3611,apod.nasa.gov,,,7277,97.95,,/apod/ap241101.html
/apod/ap250405.html,3611,apod.nasa.gov,,,7278,97.95,,/apod/ap250405.html
/en-mx/niv/information/niv_questions,3611,ais.usvisa-info.com,,,7279,97.95,,/en-mx/niv/information/niv_questions
/law-and-regs/design-standards/,3611,ada.gov,,,7280,97.95,,/law-and-regs/design-standards/
/learn/about-jfk/jfk-in-history/the-cold-war,3611,jfklibrary.org,,,7281,97.95,,/learn/about-jfk/jfk-in-history/the-co...
/publications/p523,3611,irs.gov,,,7282,97.95,,/publications/p523
/newsroom/ways-to-tell-if-the-irs-is-reaching-out-or-if-its-a-scammer,3611,irs.gov,,,7283,97.95,,/newsroom/ways-to-tell-if-the-irs-is-r...
/instructions/i709,3611,irs.gov,,,7284,97.95,,/instructions/i709
/medicare/regulations-guidance/manuals/internet-only-manuals-ioms,3578,cms.gov,,,7285,97.96,,/medicare/regulations-guidance/manuals...
/ar/,3578,eg.usembassy.gov,,,7286,97.96,,/ar/
/infant-toddler-nutrition/formula-feeding/preparation-and-storage.html,3578,cdc.gov,,,7287,97.96,,/infant-toddler-nutrition/formula-feed...
/fluview/surveillance/usmap.html,3578,cdc.gov,,,7288,97.96,,/fluview/surveillance/usmap.html
/funds/,3578,closedbanks.fdic.gov,,,7289,97.96,,/funds/
/parvovirus-b19/about/index.html,3578,cdc.gov,,,7290,97.96,,/parvovirus-b19/about/index.html
/about/mobile-apps-directory/cbplink,3578,cbp.gov,,,7291,97.96,,/about/mobile-apps-directory/cbplink
/eclipses/en/,3578,spaceplace.nasa.gov,,,7292,97.97,,/eclipses/en/
/id/481616493,3578,catalog.archives.gov,,,7293,97.97,,/id/481616493
/details/09250401/POV,3578,bwt.cbp.gov,,,7294,97.97,,/details/09250401/POV
/archive/publications/national_transportation_statistics/table_01_15,3578,bts.gov,,,7295,97.97,,/archive/publications/national_transpo...
/personnel-records-center/address-list,3578,archives.gov,,,7296,97.97,,/personnel-records-center/address-list
/newsroom/2026-filing-season-updates-and-resources-for-seniors,3578,irs.gov,,,7297,97.97,,/newsroom/2026-filing-season-updates-a...
/retirement-plans/401k-plans,3578,irs.gov,,,7298,97.97,,/retirement-plans/401k-plans
//apps/fmpxml.pl,3578,midcdmz.nlr.gov,,,7299,97.98,,//apps/fmpxml.pl
/self-check,3578,myeverify.uscis.gov,,,7300,97.98,,/self-check
/career-management/records-management/decorations-and-medals/,3578,mynavyhr.navy.mil,,,7301,97.98,,/career-management/records-management/...
/humans-in-space/astronauts/become-an-astronaut/,3578,nasa.gov,,,7302,97.98,,/humans-in-space/astronauts/become-an-...
/earth/earth-observatory/ahuachapan-and-its-restive-neighbors/,3578,science.nasa.gov,,,7303,97.98,,/earth/earth-observatory/ahuachapan-an...
/articles/pmc9330251/,3578,pmc.ncbi.nlm.nih.gov,,,7304,97.98,,/articles/pmc9330251/
/jetstream/clouds/ten-basic-clouds,3578,noaa.gov,,,7305,97.98,,/jetstream/clouds/ten-basic-clouds
/factsheets/vitaminb6-healthprofessional/,3578,ods.od.nih.gov,,,7306,97.98,,/factsheets/vitaminb6-healthprofession...
/retirement-center/apply/quick-guide,3578,opm.gov,,,7307,97.99,,/retirement-center/apply/quick-guide
/public/form/start/1156527186/,3578,pay.gov,,,7308,97.99,,/public/form/start/1156527186/
/articles/pmc5624990/,3578,pmc.ncbi.nlm.nih.gov,,,7309,97.99,,/articles/pmc5624990/
/articles/pmc8764304/,3578,pmc.ncbi.nlm.nih.gov,,,7310,97.99,,/articles/pmc8764304/
/health/publications/understanding-psychosis,3578,nimh.nih.gov,,,7311,97.99,,/health/publications/understanding-psy...
/news/contracts/contract/article/4477039/contracts-for-may-4-2026/,3578,war.gov,,,7312,97.99,,/news/contracts/contract/article/44770...
/taxes/,3578,healthcare.gov,,,7313,97.99,,/taxes/
/products/watch/ww0187.html,3578,spc.noaa.gov,,,7314,98.0,,/products/watch/ww0187.html
/foreign-terrorist-organizations/,3578,state.gov,,,7315,98.0,,/foreign-terrorist-organizations/
/store/product/betty-white-stamps-s_486604,3578,store.usps.com,,,7316,98.0,,/store/product/betty-white-stamps-s_48...
/store/product/military-care-kit-p_militarykit,3578,store.usps.com,,,7317,98.0,,/store/product/military-care-kit-p_mil...
/newsroom/images/igphoto/2001656575/,3578,stratcom.mil,,,7318,98.0,,/newsroom/images/igphoto/2001656575/
/apod/ap250308.html,3578,apod.nasa.gov,,,7319,98.0,,/apod/ap250308.html
/apod/ap250203.html,3578,apod.nasa.gov,,,7320,98.0,,/apod/ap250203.html
/apod/ap250408.html,3578,apod.nasa.gov,,,7321,98.01,,/apod/ap250408.html
/apod/ap250329.html,3578,apod.nasa.gov,,,7322,98.01,,/apod/ap250329.html
/market-news/feeder-and-replacement-cattle-auctions,3578,ams.usda.gov,,,7323,98.01,,/market-news/feeder-and-replacement-ca...
/profiles/site,3578,ncsesdata.nsf.gov,,,7324,98.01,,/profiles/site
/milestones/1945-1952/chinese-rev,3578,history.state.gov,,,7325,98.01,,/milestones/1945-1952/chinese-rev
/news/press-releases/jy1939,3578,home.treasury.gov,,,7326,98.01,,/news/press-releases/jy1939
/oli/landing,3578,internationalclaims.usps.com,,,7327,98.01,,/oli/landing
/charities-non-profits/applying-for-tax-exempt-status,3578,irs.gov,,,7328,98.01,,/charities-non-profits/applying-for-ta...
/education/other-va-education-benefits/vet-tec-2/,3578,va.gov,,,7329,98.02,,/education/other-va-education-benefits...
/health-care/eligibility/priority-groups/,3578,va.gov,,,7330,98.02,,/health-care/eligibility/priority-grou...
/resources/choosing-a-decision-review-option/,3578,va.gov,,,7331,98.02,,/resources/choosing-a-decision-review-...
/resources/how-to-check-in-with-your-smartphone-for-some-va-appointments/,3578,va.gov,,,7332,98.02,,/resources/how-to-check-in-with-your-s...
/resources/support-for-common-logingov-and-idme-issues/,3578,va.gov,,,7333,98.02,,/resources/support-for-common-logingov...
/multimedia/experience/category/22642/,3578,war.gov,,,7334,98.02,,/multimedia/experience/category/22642/
/consumers/health-fraud-scams/health-fraud-product-database,3578,fda.gov,,,7335,98.02,,/consumers/health-fraud-scams/health-f...
/news/stories/serial-killers-part-7-jeffrey-dahmer,3578,fbi.gov,,,7336,98.03,,/news/stories/serial-killers-part-7-je...
/aboutepa/forms/contact-epa,3578,epa.gov,,,7337,98.03,,/aboutepa/forms/contact-epa
/drugs/medication-health-fraud/public-notification-big-penis-male-sexual-stimulant-contains-hidden-drug-ingredient,3578,fda.gov,,,7338,98.03,,/drugs/medication-health-fraud/public-...
/borrower-defense/instructions,3578,studentaid.gov,,,7339,98.03,,/borrower-defense/instructions
/preventive-care-women/,3578,www.healthcare.gov,,,7340,98.03,,/preventive-care-women/
/rnk/,3578,weather.gov,,,7341,98.03,,/rnk/
/programs/defense-travel-system/,3578,travel.dod.mil,,,7342,98.03,,/programs/defense-travel-system/
/job/867989300,3578,usajobs.gov,,,7343,98.04,,/job/867989300
/job/867877400,3578,usajobs.gov,,,7344,98.04,,/job/867877400
/job/867520400,3578,usajobs.gov,,,7345,98.04,,/job/867520400
/state-corrections,3578,usa.gov,,,7346,98.04,,/state-corrections
/travel/security-screening/whatcanibring/items/power-banks,3578,tsa.gov,,,7347,98.04,,/travel/security-screening/whatcanibri...
/plans/healthplans/ts,3578,tricare.mil,,,7348,98.04,,/plans/healthplans/ts
/about-usda/working-usda/careers,3578,usda.gov,,,7349,98.04,,/about-usda/working-usda/careers
/cn/en/collection-locations/,3578,ustraveldocs.com,,,7350,98.05,,/cn/en/collection-locations/
/news/news-stories/article/article/4477864/project-freedom-aims-to-get-thousands-of-commercial-ships-safely-through-strait/,3578,war.gov,,,7351,98.05,,/news/news-stories/article/article/447...
/search.html,3544,history.navy.mil,,,7352,98.05,,/search.html
/ws/profile/adv_qualtrics_survey,3544,gsaadvantage.gov,,,7353,98.05,,/ws/profile/adv_qualtrics_survey
/businesses/small-businesses-self-employed/understanding-a-federal-tax-lien,3544,irs.gov,,,7354,98.05,,/businesses/small-businesses-self-empl...
/tipline,3544,ice.gov,,,7355,98.05,,/tipline
/scabies/about/index.html,3544,cdc.gov,,,7356,98.05,,/scabies/about/index.html
/ooh/business-and-financial/financial-analysts.htm,3544,bls.gov,,,7357,98.05,,/ooh/business-and-financial/financial-...
/zika/geo/index.html,3544,cdc.gov,,,7358,98.06,,/zika/geo/index.html
/hiv/testing/index.html,3544,cdc.gov,,,7359,98.06,,/hiv/testing/index.html
/hantavirus/es/prevention/prevencion-del-hantavirus.html,3544,cdc.gov,,,7360,98.06,,/hantavirus/es/prevention/prevencion-d...
/learn/fedvip/fedvip-plans,3544,benefeds.gov,,,7361,98.06,,/learn/fedvip/fedvip-plans
/publications/drugfacts/understanding-drug-use-addiction,3544,nida.nih.gov,,,7362,98.06,,/publications/drugfacts/understanding-...
/laws-regs/regulations/standardnumber/1910/1910.147,3544,osha.gov,,,7363,98.06,,/laws-regs/regulations/standardnumber/...
/individuals/understanding-your-cp49-notice,3544,irs.gov,,,7364,98.06,,/individuals/understanding-your-cp49-n...
/view-all,3544,installations.militaryonesource.mil,,,7365,98.07,,/view-all
/geographies/mapping-files/time-series/geo/tiger-line-file.html,3544,census.gov,,,7366,98.07,,/geographies/mapping-files/time-series...
/about-federal-courts/educational-resources/educational-activities/first-amendment-activities/engel-v-vitale/facts-and-case-summary-engel-v-vitale,3544,uscourts.gov,,,7367,98.07,,/about-federal-courts/educational-reso...
/health-care/apply-for-health-care-form-10-10ez/household-information/financial-information-use,3544,www.va.gov,,,7368,98.07,,/health-care/apply-for-health-care-for...
/pension/veterans-pension-rates/,3544,va.gov,,,7369,98.07,,/pension/veterans-pension-rates/
/manage-dependents/add-remove-form-21-686c-674/,3544,va.gov,,,7370,98.07,,/manage-dependents/add-remove-form-21-...
/browse-state,3544,rd.usda.gov,,,7371,98.07,,/browse-state
/public/do/praviewic,3544,reginfo.gov,,,7372,98.07,,/public/do/praviewic
/site/site_profile.aspx,3544,response.epa.gov,,,7373,98.08,,/site/site_profile.aspx
/ems/05_radiowaves/,3544,science.nasa.gov,,,7374,98.08,,/ems/05_radiowaves/
/articles/pmc5688644/,3544,pmc.ncbi.nlm.nih.gov,,,7375,98.08,,/articles/pmc5688644/
/account-creation/personal-info,3544,www.benefeds.gov,,,7376,98.08,,/account-creation/personal-info
/health-care/apply-for-health-care-form-10-10ez/household-information/share-financial-information,3544,www.va.gov,,,7377,98.08,,/health-care/apply-for-health-care-for...
/my-health/appointments/schedule/eye-care,3544,www.va.gov,,,7378,98.08,,/my-health/appointments/schedule/eye-c...
/united-kingdom/,3544,usembassy.gov,,,7379,98.08,,/united-kingdom/
/forms-rules/current-rules-practice-procedure/federal-rules-civil-procedure,3544,uscourts.gov,,,7380,98.09,,/forms-rules/current-rules-practice-pr...
/industryoversight/industryfilings/tradingorganizationproducts,3544,cftc.gov,,,7381,98.09,,/industryoversight/industryfilings/tra...
/scheduled-events/,3544,plus.nasa.gov,,,7382,98.09,,/scheduled-events/
/image-article/unlocking-the-mystery-of-x-ray-dots/,3544,nasa.gov,,,7383,98.09,,/image-article/unlocking-the-mystery-o...
/books/nbk574514/,3544,ncbi.nlm.nih.gov,,,7384,98.09,,/books/nbk574514/
/my-health/secure-messages/new-message/care-team-help/,3544,www.va.gov,,,7385,98.09,,/my-health/secure-messages/new-message...
/records/request-personal-records-form-20-10206/preparer-type,3544,www.va.gov,,,7386,98.09,,/records/request-personal-records-form...
/references/messages/navadmin-2025/,3544,mynavyhr.navy.mil,,,7387,98.1,,/references/messages/navadmin-2025/
/policy-data-oversight/assessment-and-selection/other-assessment-methods/assessment-centers/,3544,opm.gov,,,7388,98.1,,/policy-data-oversight/assessment-and-...
/facts/coral_bleach.html,3544,oceanservice.noaa.gov,,,7389,98.1,,/facts/coral_bleach.html
/node/328996,3544,obamawhitehouse.archives.gov,,,7390,98.1,,/node/328996
/research/jfk/release-2025,3544,archives.gov,,,7391,98.1,,/research/jfk/release-2025
/productmaps/pubform/daform7001_8000.aspx,3544,armypubs.army.mil,,,7392,98.1,,/productmaps/pubform/daform7001_8000.a...
/archive/xgtwo/gtwo_archive.php,3544,nhc.noaa.gov,,,7393,98.1,,/archive/xgtwo/gtwo_archive.php
/apod/ap241224.html,3544,apod.nasa.gov,,,7394,98.1,,/apod/ap241224.html
/ada/,3544,access-board.gov,,,7395,98.11,,/ada/
/life-with-dementia/tips-caregivers,3544,alzheimers.gov,,,7396,98.11,,/life-with-dementia/tips-caregivers
/amc-travel-site/terminals/pacom-terminals/kadena-ab-passenger-terminal/,3544,amc.af.mil,,,7397,98.11,,/amc-travel-site/terminals/pacom-termi...
/newsroom/4-million-children-have-been-signed-up-for-trump-accounts-with-1-million-claiming-the-1000-pilot-program-contribution,3544,irs.gov,,,7398,98.11,,/newsroom/4-million-children-have-been...
/content/travel/en/us-visas/business/b-1-fact-sheet.html,3544,travel.state.gov,,,7399,98.11,,/content/travel/en/us-visas/business/b...
/content/travel/en/passports/get-fast/courier-and-expeditor-companies.html,3544,travel.state.gov,,,7400,98.11,,/content/travel/en/passports/get-fast/...
/know-your-incoterms,3544,trade.gov,,,7401,98.11,,/know-your-incoterms
/get-help/refunds/held-or-stopped-refunds/,3544,taxpayeradvocate.irs.gov,,,7402,98.12,,/get-help/refunds/held-or-stopped-refu...
/store/stamps/roll-coil/_/n-1epzyr0,3544,store.usps.com,,,7403,98.12,,/store/stamps/roll-coil/_/n-1epzyr0
/zhou-shuai,3544,state.gov,,,7404,98.12,,/zhou-shuai
/explore/dcfsa,3544,fsafeds.gov,,,7405,98.12,,/explore/dcfsa
/research/cnpp/usda-food-plans/cost-food-monthly-reports,3544,fns.usda.gov,,,7406,98.12,,/research/cnpp/usda-food-plans/cost-fo...
/food/hazard-analysis-critical-control-point-haccp/haccp-principles-application-guidelines,3544,fda.gov,,,7407,98.12,,/food/hazard-analysis-critical-control...
/consumers/consumer-updates/rinsing-your-sinuses-neti-pots-safe,3544,fda.gov,,,7408,98.12,,/consumers/consumer-updates/rinsing-yo...
/how-we-can-help-you/more-fbi-services-and-information/nics,3544,fbi.gov,,,7409,98.12,,/how-we-can-help-you/more-fbi-services...
/globalapp/patient/search,3544,eqrs.cms.gov,,,7410,98.13,,/globalapp/patient/search
/documents/-/document_library/qxonrrt67ej3/view/3804211,3544,doingbusiness.msfc.nasa.gov,,,7411,98.13,,/documents/-/document_library/qxonrrt6...
/dhs-trip,3544,dhs.gov,,,7412,98.13,,/dhs-trip
/experiences/attractions/attraction-tickets,3544,shadesofgreen.org,,,7413,98.13,,/experiences/attractions/attraction-ti...
/disability/determination.htm,3544,ssa.gov,,,7414,98.13,,/disability/determination.htm
/spanish/ency/article/000647.htm,3544,medlineplus.gov,,,7415,98.13,,/spanish/ency/article/000647.htm
/druginfo/meds/a689006.html,3544,medlineplus.gov,,,7416,98.13,,/druginfo/meds/a689006.html
/druginfo/herb_all.html,3544,medlineplus.gov,,,7417,98.14,,/druginfo/herb_all.html
/start-business,3544,usa.gov,,,7418,98.14,,/start-business
/station/koax/standard,3544,radar.weather.gov,,,7419,98.14,,/station/koax/standard
/gallery/,3544,nasa.gov,,,7420,98.14,,/gallery/
/gallery/great-observatories-chandra-x-ray-observatory/,3544,nasa.gov,,,7421,98.14,,/gallery/great-observatories-chandra-x...
/image-article/glowing-views-from-the-space-station/,3544,nasa.gov,,,7422,98.14,,/image-article/glowing-views-from-the-...
/articles/pmc6043915/,3544,pmc.ncbi.nlm.nih.gov,,,7423,98.14,,/articles/pmc6043915/
/job/868166400,3511,usajobs.gov,,,7424,98.15,,/job/868166400
/tsp/toxfaqs/toxfaqsdetails.aspx,3511,wwwn.cdc.gov,,,7425,98.15,,/tsp/toxfaqs/toxfaqsdetails.aspx
/i-290b,3511,uscis.gov,,,7426,98.15,,/i-290b
/travel/,3511,wwwnc.cdc.gov,,,7427,98.15,,/travel/
/niv-applying-for-the-visa/,3511,uk.usembassy.gov,,,7428,98.15,,/niv-applying-for-the-visa/
/students/prepare/students-and-the-form-i-20,3511,studyinthestates.dhs.gov,,,7429,98.15,,/students/prepare/students-and-the-for...
/forms/ssa-1724.html,3511,ssa.gov,,,7430,98.15,,/forms/ssa-1724.html
/retailpi/actions/index.action,3511,retail-pi.usps.com,,,7431,98.15,,/retailpi/actions/index.action
/business-guide/launch-your-business/choose-your-business-name,3511,sba.gov,,,7432,98.16,,/business-guide/launch-your-business/c...
/articles/pmc6346628/,3511,pmc.ncbi.nlm.nih.gov,,,7433,98.16,,/articles/pmc6346628/
/articles/pmc6474573/,3511,pmc.ncbi.nlm.nih.gov,,,7434,98.16,,/articles/pmc6474573/
/articles/pmc8234027/,3511,pmc.ncbi.nlm.nih.gov,,,7435,98.16,,/articles/pmc8234027/
/26187279/,3511,pubmed.ncbi.nlm.nih.gov,,,7436,98.16,,/26187279/
/profile/health-care-settings/messages-signature,3511,www.va.gov,,,7437,98.16,,/profile/health-care-settings/messages...
/articles/pmc4215489/,3511,pmc.ncbi.nlm.nih.gov,,,7438,98.16,,/articles/pmc4215489/
/station/kjax/standard,3511,radar.weather.gov,,,7439,98.17,,/station/kjax/standard
/commenton/ed-2026-ope-0100-0001,3511,regulations.gov,,,7440,98.17,,/commenton/ed-2026-ope-0100-0001
/content/travel/en/us-visas/immigrate/national-visa-center/immigrant-visas-processing-general-faqs.html,3511,travel.state.gov,,,7441,98.17,,/content/travel/en/us-visas/immigrate/...
/content/travel/en/legal/visa-law0/visa-statistics.html,3511,travel.state.gov,,,7442,98.17,,/content/travel/en/legal/visa-law0/vis...
/content/travel/en/international-travel/international-travel-country-information-pages/indonesia.html,3511,travel.state.gov,,,7443,98.17,,/content/travel/en/international-trave...
/tr/visas/,3511,tr.usembassy.gov,,,7444,98.17,,/tr/visas/
/apod/ap250303.html,3511,apod.nasa.gov,,,7445,98.17,,/apod/ap250303.html
/apod/ap250310.html,3511,apod.nasa.gov,,,7446,98.17,,/apod/ap250310.html
/en-co/niv,3511,ais.usvisa-info.com,,,7447,98.18,,/en-co/niv
/apod/ap250202.html,3511,apod.nasa.gov,,,7448,98.18,,/apod/ap250202.html
/r03/coconino,3511,fs.usda.gov,,,7449,98.18,,/r03/coconino
/wanted/cyber/behzad-mohammadzadeh,3511,fbi.gov,,,7450,98.18,,/wanted/cyber/behzad-mohammadzadeh
/lead/protect-your-family-lead-your-home-english,3511,epa.gov,,,7451,98.18,,/lead/protect-your-family-lead-your-ho...
/nnsa/articles/nnsa-removes-highly-enriched-uranium-venezuela-reducing-risk-south-america-and-us,3511,energy.gov,,,7452,98.18,,/nnsa/articles/nnsa-removes-highly-enr...
/spirit,3511,dol.gov,,,7453,98.18,,/spirit
/drugs/drug-safety-and-availability/drug-recalls,3511,fda.gov,,,7454,98.19,,/drugs/drug-safety-and-availability/dr...
/regional/downloadzip.htm,3511,apps.bea.gov,,,7455,98.19,,/regional/downloadzip.htm
/health-topics/gout,3511,niams.nih.gov,,,7456,98.19,,/health-topics/gout
/gett/index.htm,3511,nps.gov,,,7457,98.19,,/gett/index.htm
/subjects/digital/nps-apps.htm,3511,nps.gov,,,7458,98.19,,/subjects/digital/nps-apps.htm
/factsheets/iron-healthprofessional/,3511,ods.od.nih.gov,,,7459,98.19,,/factsheets/iron-healthprofessional/
/articles/pmc10384334/,3511,pmc.ncbi.nlm.nih.gov,,,7460,98.19,,/articles/pmc10384334/
/yose/planyourvisit/halfdome.htm,3511,nps.gov,,,7461,98.19,,/yose/planyourvisit/halfdome.htm
/r06/passes,3511,fs.usda.gov,,,7462,98.2,,/r06/passes
/launching-into-space/en/,3511,spaceplace.nasa.gov,,,7463,98.2,,/launching-into-space/en/
/ossnap/public/individualsCapability,3511,secure.ssa.gov,,,7464,98.2,,/ossnap/public/individualsCapability
/enforcement-litigation/litigation-releases/lr-26548,3511,sec.gov,,,7465,98.2,,/enforcement-litigation/litigation-rel...
/mission/mars-exploration-rovers-spirit-and-opportunity/,3511,science.nasa.gov,,,7466,98.2,,/mission/mars-exploration-rovers-spiri...
/heliophysics/focus-areas/space-weather/,3511,science.nasa.gov,,,7467,98.2,,/heliophysics/focus-areas/space-weathe...
/ems/02_anatomy/,3511,science.nasa.gov,,,7468,98.2,,/ems/02_anatomy/
/agencies/vets/veterans/findajob,3511,dol.gov,,,7469,98.21,,/agencies/vets/veterans/findajob
/information-operations/services/applications/amps/,3511,dla.mil,,,7470,98.21,,/information-operations/services/appli...
/newsroom/fact-sheets/2027-medicare-advantage-part-d-rate-announcement,3511,cms.gov,,,7471,98.21,,/newsroom/fact-sheets/2027-medicare-ad...
/IVApp/IVApp/complete/complete_previousustravel.aspx,3511,ceac.state.gov,,,7472,98.21,,/IVApp/IVApp/complete/complete_previou...
/GenNIV/General/complete/complete_ExchangeVisitorStudentVisa.aspx,3511,ceac.state.gov,,,7473,98.21,,/GenNIV/General/complete/complete_Exch...
/std/treatment-guidelines/syphilis.htm,3511,cdc.gov,,,7474,98.21,,/std/treatment-guidelines/syphilis.htm
/gonorrhea/about/index.html,3511,cdc.gov,,,7475,98.21,,/gonorrhea/about/index.html
/ecoli/about/index.html,3511,cdc.gov,,,7476,98.22,,/ecoli/about/index.html
/document/guidance/ace-reports-trade-refund-report-qrc,3511,cbp.gov,,,7477,98.22,,/document/guidance/ace-reports-trade-r...
/articles/pmc3921207/,3511,pmc.ncbi.nlm.nih.gov,,,7478,98.22,,/articles/pmc3921207/
/health-care/appointment-pre-check-in/what-to-bring,3511,www.va.gov,,,7479,98.22,,/health-care/appointment-pre-check-in/...
/health-care/apply-for-health-care-form-10-10ez/military-service/additional-information,3511,www.va.gov,,,7480,98.22,,/health-care/apply-for-health-care-for...
/family-and-caregiver-benefits/health-and-disability/champva/apply-form-10-10d/medicare-plans,3511,www.va.gov,,,7481,98.22,,/family-and-caregiver-benefits/health-...
/content/history/nhhc/search.html,3511,www.history.navy.mil,,,7482,98.22,,/content/history/nhhc/search.html
/cn/zh/renew-visa,3511,ustraveldocs.com,,,7483,98.22,,/cn/zh/renew-visa
/i-864a,3511,uscis.gov,,,7484,98.23,,/i-864a
/ways-to-watch/,3511,nasa.gov,,,7485,98.23,,/ways-to-watch/
/image-detail/amf-art002e012028/,3511,nasa.gov,,,7486,98.23,,/image-detail/amf-art002e012028/
/humans-in-space/astronauts/christina-koch/,3511,nasa.gov,,,7487,98.23,,/humans-in-space/astronauts/christina-...
/lab-tests/white-blood-count-wbc/,3511,medlineplus.gov,,,7488,98.23,,/lab-tests/white-blood-count-wbc/
/help/create-account/authentication-methods/security-key/,3511,login.gov,,,7489,98.23,,/help/create-account/authentication-me...
/authentication/welcome,3511,idcf.bls.gov,,,7490,98.23,,/authentication/welcome
/hudexchange-portal/,3511,hudexchange.info,,,7491,98.24,,/hudexchange-portal/
/glossary/affordable-care-act/,3511,healthcare.gov,,,7492,98.24,,/glossary/affordable-care-act/
/hbeweb/ehbs/dashboard,3511,health-benefits.opm.gov,,,7493,98.24,,/hbeweb/ehbs/dashboard
/agency/performance/,3511,ssa.gov,,,7494,98.24,,/agency/performance/
/rgdb/index,3477,beaconregistration.noaa.gov,,,7495,98.24,,/rgdb/index
/article/292117/fort_campbell_soldier_convicted_for_the_sexual_abuse_of_a_child_sentenced_to_prison,3477,army.mil,,,7496,98.24,,/article/292117/fort_campbell_soldier_...
/ooh/arts-and-design/multimedia-artists-and-animators.htm,3477,bls.gov,,,7497,98.24,,/ooh/arts-and-design/multimedia-artist...
/jlt/,3477,bls.gov,,,7498,98.24,,/jlt/
/about-cancer/causes-prevention/genetics/brca-fact-sheet,3477,cancer.gov,,,7499,98.25,,/about-cancer/causes-prevention/geneti...
/topics/national-transportation-statistics,3477,bts.gov,,,7500,98.25,,/topics/national-transportation-statis...
/earth/earth-observatory/image-of-the-day/,3477,science.nasa.gov,,,7501,98.25,,/earth/earth-observatory/image-of-the-...
/auctions/not-found,3477,gsaauctions.gov,,,7502,98.25,,/auctions/not-found
/books/nbk274566/,3477,ncbi.nlm.nih.gov,,,7503,98.25,,/books/nbk274566/
/books/nbk568743/,3477,ncbi.nlm.nih.gov,,,7504,98.25,,/books/nbk568743/
/publications/forms/pay_period_calendar.php,3477,nfc.usda.gov,,,7505,98.25,,/publications/forms/pay_period_calenda...
/aboutsshws.php,3477,nhc.noaa.gov,,,7506,98.26,,/aboutsshws.php
/health/statistics/major-depression,3477,nimh.nih.gov,,,7507,98.26,,/health/statistics/major-depression
/blri/planyourvisit/maps.htm,3477,nps.gov,,,7508,98.26,,/blri/planyourvisit/maps.htm
/wica/planyourvisit/guidedtours.htm,3477,nps.gov,,,7509,98.26,,/wica/planyourvisit/guidedtours.htm
/breastfeeding-special-circumstances/hcp/vaccine-medication-drugs/alcohol.html,3477,cdc.gov,,,7510,98.26,,/breastfeeding-special-circumstances/h...
/diabetes/treatment/index.html,3477,cdc.gov,,,7511,98.26,,/diabetes/treatment/index.html
/lice/about/head-lice.html,3477,cdc.gov,,,7512,98.26,,/lice/about/head-lice.html
/social-connectedness/risk-factors/index.html,3477,cdc.gov,,,7513,98.26,,/social-connectedness/risk-factors/ind...
/IVApp/IVApp/complete/complete_family3.aspx,3477,ceac.state.gov,,,7514,98.27,,/IVApp/IVApp/complete/complete_family3...
/IVApp/IVApp/complete/complete_family4.aspx,3477,ceac.state.gov,,,7515,98.27,,/IVApp/IVApp/complete/complete_family4...
/official-business,3477,cfo.usps.com,,,7516,98.27,,/official-business
/regulations-and-guidance/guidance/manuals/internet-only-manuals-ioms-items/cms018912,3477,cms.gov,,,7517,98.27,,/regulations-and-guidance/guidance/man...
/program-overview,3477,dataprivacyframework.gov,,,7518,98.27,,/program-overview
/climate-change/faq/what-is-the-greenhouse-effect/,3477,science.nasa.gov,,,7519,98.27,,/climate-change/faq/what-is-the-greenh...
/apod/ap250703.html,3477,apod.nasa.gov,,,7520,98.27,,/apod/ap250703.html
/apod/ap250604.html,3477,apod.nasa.gov,,,7521,98.28,,/apod/ap250604.html
/apod/ap250529.html,3477,apod.nasa.gov,,,7522,98.28,,/apod/ap250529.html
/apod/ap250106.html,3477,apod.nasa.gov,,,7523,98.28,,/apod/ap250106.html
/apod/ap241202.html,3477,apod.nasa.gov,,,7524,98.28,,/apod/ap241202.html
/submit-a-report/,3477,aaro.mil,,,7525,98.28,,/submit-a-report/
/news-events/news/04-30-2026/usda-opens-enrollment-grassland-conservation-reserve-program,3477,fsa.usda.gov,,,7526,98.28,,/news-events/news/04-30-2026/usda-open...
/apod/ap250731.html,3477,apod.nasa.gov,,,7527,98.28,,/apod/ap250731.html
/id/218517913,3477,catalog.archives.gov,,,7528,98.28,,/id/218517913
/research/online-documents/korean-war,3477,eisenhowerlibrary.gov,,,7529,98.29,,/research/online-documents/korean-war
/agencies/eta/advisories/tegl-09-24-change-1,3477,dol.gov,,,7530,98.29,,/agencies/eta/advisories/tegl-09-24-ch...
/uas/commercial_operators,3477,faa.gov,,,7531,98.29,,/uas/commercial_operators
/history/cases-and-criminals/db-cooper-hijacking,3477,fbi.gov,,,7532,98.29,,/history/cases-and-criminals/db-cooper...
/registration/request-pin-number,3477,fmcsa.dot.gov,,,7533,98.29,,/registration/request-pin-number
/collections/artemis/artemis2/,3477,eol.jsc.nasa.gov,,,7534,98.29,,/collections/artemis/artemis2/
/ency/patientinstructions/000885.htm,3477,medlineplus.gov,,,7535,98.29,,/ency/patientinstructions/000885.htm
/vpv404/auctions/not-found,3477,gsaauctions.gov,,,7536,98.3,,/vpv404/auctions/not-found
/moon/tides/,3477,science.nasa.gov,,,7537,98.3,,/moon/tides/
/newsroom/whats-new,3477,sec.gov,,,7538,98.3,,/newsroom/whats-new
/cybersecurity/index.htm,3477,securityawareness.dcsa.mil,,,7539,98.3,,/cybersecurity/index.htm
/planet-compare/,3477,solarsystem.nasa.gov,,,7540,98.3,,/planet-compare/
/blog/en/posts/2026-05-07.html,3477,ssa.gov,,,7541,98.3,,/blog/en/posts/2026-05-07.html
/resources/beginning-farmers-and-ranchers-loans,3477,fsa.usda.gov,,,7542,98.3,,/resources/beginning-farmers-and-ranch...
/spanish/cholesterollevelswhatyouneedtoknow.html,3477,medlineplus.gov,,,7543,98.3,,/spanish/cholesterollevelswhatyouneedt...
/lab-tests/natriuretic-peptide-tests-bnp-nt-probnp/,3477,medlineplus.gov,,,7544,98.31,,/lab-tests/natriuretic-peptide-tests-b...
/help/lbi-secure-messaging,3477,irs.gov,,,7545,98.31,,/help/lbi-secure-messaging
/retirement-plans/plan-participant-employee/retirement-topics-401k-and-profit-sharing-plan-contribution-limits,3477,irs.gov,,,7546,98.31,,/retirement-plans/plan-participant-emp...
/data-and-reports/fatality-reports/search,3477,msha.gov,,,7547,98.31,,/data-and-reports/fatality-reports/sea...
/about-federal-courts/court-role-and-structure,3477,uscourts.gov,,,7548,98.31,,/about-federal-courts/court-role-and-s...
/communitycare/providers/prct-requirements.asp,3477,va.gov,,,7549,98.31,,/communitycare/providers/prct-requirem...
/education/about-gi-bill-benefits/post-9-11/yellow-ribbon-program/,3477,va.gov,,,7550,98.31,,/education/about-gi-bill-benefits/post...
/oact/babynames/decades/names2020s.html,3477,ssa.gov,,,7551,98.32,,/oact/babynames/decades/names2020s.htm...
/business-guide/plan-your-business/calculate-your-startup-costs,3477,sba.gov,,,7552,98.32,,/business-guide/plan-your-business/cal...
/station/kmrx/standard,3477,radar.weather.gov,,,7553,98.32,,/station/kmrx/standard
/earthquakes,3477,ready.gov,,,7554,98.32,,/earthquakes
/station/kgrr/standard,3477,radar.weather.gov,,,7555,98.32,,/station/kgrr/standard
/articles/pmc9123295/,3477,pmc.ncbi.nlm.nih.gov,,,7556,98.32,,/articles/pmc9123295/
/articles/pmc5664031/,3477,pmc.ncbi.nlm.nih.gov,,,7557,98.32,,/articles/pmc5664031/
/station/kmob/standard,3477,radar.weather.gov,,,7558,98.32,,/station/kmob/standard
/articles/pmc3199602/,3477,pmc.ncbi.nlm.nih.gov,,,7559,98.33,,/articles/pmc3199602/
/yose/planyourvisit/hdpermits.htm,3477,nps.gov,,,7560,98.33,,/yose/planyourvisit/hdpermits.htm
/supporting-forms-for-claims/intent-to-file-form-21-0966/get-itf-status,3477,www.va.gov,,,7561,98.33,,/supporting-forms-for-claims/intent-to...
/supporting-forms-for-claims/intent-to-file-form-21-0966/confirmation,3477,www.va.gov,,,7562,98.33,,/supporting-forms-for-claims/intent-to...
/family-and-caregiver-benefits/health-and-disability/champva/apply-form-10-10d/report-medicare,3477,www.va.gov,,,7563,98.33,,/family-and-caregiver-benefits/health-...
/search/docket,3477,www.regulations.gov,,,7564,98.33,,/search/docket
/lsx/weatherstory,3477,weather.gov,,,7565,98.33,,/lsx/weatherstory
/ewx/radar,3477,weather.gov,,,7566,98.33,,/ewx/radar
/releases/office-of-the-spokesperson/2026/05/secretary-of-state-marco-rubio-remarks-to-press-9/,3477,state.gov,,,7567,98.34,,/releases/office-of-the-spokesperson/2...
/news/tax-tips/direct-deposit-changes-for-2026-could-affect-how-and-when-you-get-your-refund/2026/01/,3477,taxpayeradvocate.irs.gov,,,7568,98.34,,/news/tax-tips/direct-deposit-changes-...
/financial-aid,3477,usa.gov,,,7569,98.34,,/financial-aid
/family/family-of-us-citizens/visas-for-fiancees-of-us-citizens,3477,uscis.gov,,,7570,98.34,,/family/family-of-us-citizens/visas-fo...
/humanitarian/temporary-protected-status/temporary-protected-status-designated-country-haiti,3477,uscis.gov,,,7571,98.34,,/humanitarian/temporary-protected-stat...
/operations-and-exercises/epic-fury/,3444,centcom.mil,,,7572,98.34,,/operations-and-exercises/epic-fury/
/budget-materials/,3444,comptroller.war.gov,,,7573,98.34,,/budget-materials/
/es-mx/iv,3444,ais.usvisa-info.com,,,7574,98.35,,/es-mx/iv
/norovirus/causes/index.html,3444,cdc.gov,,,7575,98.35,,/norovirus/causes/index.html
/ear-infection/about/index.html,3444,cdc.gov,,,7576,98.35,,/ear-infection/about/index.html
/hepatitis-b/about/index.html,3444,cdc.gov,,,7577,98.35,,/hepatitis-b/about/index.html
/group-a-strep/hcp/clinical-guidance/strep-throat.html,3444,cdc.gov,,,7578,98.35,,/group-a-strep/hcp/clinical-guidance/s...
/training-education/medicare-learning-networkr-mln/resources-training/mln-web-based-training,3444,cms.gov,,,7579,98.35,,/training-education/medicare-learning-...
/state/wa/index.htm,3444,nps.gov,,,7580,98.35,,/state/wa/index.htm
/perl/uss-arizona-memorial-programs.htm,3444,nps.gov,,,7581,98.35,,/perl/uss-arizona-memorial-programs.ht...
/acad/planyourvisit/maps.htm,3444,nps.gov,,,7582,98.36,,/acad/planyourvisit/maps.htm
/travel/trusted-traveler-programs/global-entry/enrollment-centers/california,3444,cbp.gov,,,7583,98.36,,/travel/trusted-traveler-programs/glob...
/about/mobile-apps-directory,3444,cbp.gov,,,7584,98.36,,/about/mobile-apps-directory
/career-paths/foreign-service/foreign-service-officer/,3444,careers.state.gov,,,7585,98.36,,/career-paths/foreign-service/foreign-...
/schedule/2026/03_sched.htm,3444,bls.gov,,,7586,98.36,,/schedule/2026/03_sched.htm
/education/lessons/woman-suffrage,3444,archives.gov,,,7587,98.36,,/education/lessons/woman-suffrage
/apod/ap250421.html,3444,apod.nasa.gov,,,7588,98.36,,/apod/ap250421.html
/apod/ap250316.html,3444,apod.nasa.gov,,,7589,98.37,,/apod/ap250316.html
/amc-travel-site/terminals/conus-terminals/joint-base-andrews-passenger-terminal/,3444,amc.af.mil,,,7590,98.37,,/amc-travel-site/terminals/conus-termi...
/es-mx/niv/information/fee,3444,ais.usvisa-info.com,,,7591,98.37,,/es-mx/niv/information/fee
/forms-pubs/about-form-8821,3444,irs.gov,,,7592,98.37,,/forms-pubs/about-form-8821
/forms-pubs/about-form-56,3444,irs.gov,,,7593,98.37,,/forms-pubs/about-form-56
/forms-pubs/about-form-1120,3444,irs.gov,,,7594,98.37,,/forms-pubs/about-form-1120
/faq/application/documents,3444,help.usajobs.gov,,,7595,98.37,,/faq/application/documents
/travel/plan-a-trip/per-diem-rates/per-diem-files,3444,gsa.gov,,,7596,98.37,,/travel/plan-a-trip/per-diem-rates/per...
/sfmnp/senior-farmers-market-nutrition-program,3444,fns.usda.gov,,,7597,98.38,,/sfmnp/senior-farmers-market-nutrition...
/drugs/drug-alerts-and-statements/fda-warns-consumers-not-purchase-or-use-certain-eye-drops-several-major-brands-due-risk-eye,3444,fda.gov,,,7598,98.38,,/drugs/drug-alerts-and-statements/fda-...
/consolidated-screening-list,3444,trade.gov,,,7599,98.38,,/consolidated-screening-list
/content/travel/en/legal/travel-legal-considerations/us-citizenship/acquisition-us-citizenship-child-born-abroad.html,3444,travel.state.gov,,,7600,98.38,,/content/travel/en/legal/travel-legal-...
/content/travel/en/passports/have-passport/passport-records.html,3444,travel.state.gov,,,7601,98.38,,/content/travel/en/passports/have-pass...
/bc/sbcgrw,3444,treasurydirect.gov,,,7602,98.38,,/bc/sbcgrw
/dashboard/card-replacement-confirm-selection,3444,ttp.cbp.dhs.gov,,,7603,98.38,,/dashboard/card-replacement-confirm-se...
/job/857815600,3444,usajobs.gov,,,7604,98.39,,/job/857815600
/forms/all-forms/form-i-797c-notice-of-action,3444,uscis.gov,,,7605,98.39,,/forms/all-forms/form-i-797c-notice-of...
/individuals/understanding-your-cp30-notice,3444,irs.gov,,,7606,98.39,,/individuals/understanding-your-cp30-n...
/usao-dc/pr/eleven-men-charged-dc-federal-indictment-targeting-transnational-methamphetamine-and-gbl,3444,justice.gov,,,7607,98.39,,/usao-dc/pr/eleven-men-charged-dc-fede...
/es/help/manage-your-account/add-or-change-your-authentication-method/,3444,login.gov,,,7608,98.39,,/es/help/manage-your-account/add-or-ch...
/sales/register,3444,marketplace.gsafleet.gov,,,7609,98.39,,/sales/register
/image-detail/amf-art002e016204/,3444,nasa.gov,,,7610,98.39,,/image-detail/amf-art002e016204/
/books/nbk1828/,3444,ncbi.nlm.nih.gov,,,7611,98.39,,/books/nbk1828/
/data/tcr/index.php,3444,nhc.noaa.gov,,,7612,98.4,,/data/tcr/index.php
/marine/forecast/enhanced_carib.php,3444,nhc.noaa.gov,,,7613,98.4,,/marine/forecast/enhanced_carib.php
/health-information/public-education/brain-basics/brain-basics-understanding-sleep,3444,ninds.nih.gov,,,7614,98.4,,/health-information/public-education/b...
/news/releases/release/article/4482439/statement-by-chief-pentagon-spokesman-sean-parnell-on-establishment-of-the-depa/,3444,war.gov,,,7615,98.4,,/news/releases/release/article/4482439...
/wrh/fire,3444,weather.gov,,,7616,98.4,,/wrh/fire
/family-and-caregiver-benefits/health-and-disability/champva/apply-form-10-10d/review-and-submit,3444,www.va.gov,,,7617,98.4,,/family-and-caregiver-benefits/health-...
/articles/pmc5566288/,3444,pmc.ncbi.nlm.nih.gov,,,7618,98.4,,/articles/pmc5566288/
/rcra/,3444,sandia.gov,,,7619,98.4,,/rcra/
/grants/grants-dashboard,3444,samhsa.gov,,,7620,98.41,,/grants/grants-dashboard
/public/jsp/eo/eodashboard.myjsp,3444,reginfo.gov,,,7621,98.41,,/public/jsp/eo/eodashboard.myjsp
/entreg/registrationgatewayfailureaction_input,3444,reg.usps.com,,,7622,98.41,,/entreg/registrationgatewayfailureacti...
/federal-contracting/contracting-assistance-programs/veteran-contracting-assistance-programs,3444,sba.gov,,,7623,98.41,,/federal-contracting/contracting-assis...
/faqs/en/questions/ka-02017.html,3444,ssa.gov,,,7624,98.41,,/faqs/en/questions/ka-02017.html
/ssi/get-more-help,3444,ssa.gov,,,7625,98.41,,/ssi/get-more-help
/s/explore-opportunities,3444,stemgateway.nasa.gov,,,7626,98.41,,/s/explore-opportunities
/forms/10-10ez/,3444,va.gov,,,7627,98.42,,/forms/10-10ez/
/forms/20-10206/,3444,va.gov,,,7628,98.42,,/forms/20-10206/
/supporting-forms-for-claims/intent-to-file-form-21-0966/,3444,va.gov,,,7629,98.42,,/supporting-forms-for-claims/intent-to...
/forms/filing-guidance/checklist-of-required-initial-evidence-for-form-i-485-for-informational-purposes-only,3444,uscis.gov,,,7630,98.42,,/forms/filing-guidance/checklist-of-re...
/multimedia/photos/igpage/3/,3444,war.gov,,,7631,98.42,,/multimedia/photos/igpage/3/
/cn/zh/collection-locations,3444,ustraveldocs.com,,,7632,98.42,,/cn/zh/collection-locations
/trademarks/basics/trademark-patent-copyright,3444,uspto.gov,,,7633,98.42,,/trademarks/basics/trademark-patent-co...
/working-in-the-united-states/permanent-workers/employment-based-immigration-third-preference-eb-3,3444,uscis.gov,,,7634,98.42,,/working-in-the-united-states/permanen...
/burials-memorials/pre-need-eligibility/,3444,va.gov,,,7635,98.43,,/burials-memorials/pre-need-eligibilit...
/hazcom,3444,osha.gov,,,7636,98.43,,/hazcom
/articles/pmc10079813/,3444,pmc.ncbi.nlm.nih.gov,,,7637,98.43,,/articles/pmc10079813/
/ask-cfpb/does-a-persons-debt-go-away-when-they-die-en-1463/,3444,consumerfinance.gov,,,7638,98.43,,/ask-cfpb/does-a-persons-debt-go-away-...
/dataset/3ddf85bc-f71b-4417-b271-410cbf9e0905,3444,data.healthcare.gov,,,7639,98.43,,/dataset/3ddf85bc-f71b-4417-b271-410cb...
/visa-waiver-program,3444,dhs.gov,,,7640,98.43,,/visa-waiver-program
/need-help,3444,era.nih.gov,,,7641,98.43,,/need-help
/s/article/How-is-Undeliverable-and-Misdelivered-Mail-Handled,3444,faq.usps.com,,,7642,98.44,,/s/article/How-is-Undeliverable-and-Mi...
/s/article/USPS-Tracking-The-Basics,3444,faq.usps.com,,,7643,98.44,,/s/article/USPS-Tracking-The-Basics
/wanted/wanted_terrorists/ahlam-ahmad-al-tamimi,3444,fbi.gov,,,7644,98.44,,/wanted/wanted_terrorists/ahlam-ahmad-...
/special-agents/physical-requirements/event-2,3444,fbijobs.gov,,,7645,98.44,,/special-agents/physical-requirements/...
/animal-veterinary/approved-animal-drug-products-green-book/recent-animal-drug-approvals,3444,fda.gov,,,7646,98.44,,/animal-veterinary/approved-animal-dru...
/education/svrwx101/floods/,3444,nssl.noaa.gov,,,7647,98.44,,/education/svrwx101/floods/
/voya/index.htm,3444,nps.gov,,,7648,98.44,,/voya/index.htm
/help-center/answers/topic/managing_your_account/articles,3410,studentaid.gov,,,7649,98.44,,/help-center/answers/topic/managing_yo...
/benefits/joint-services-transcript/,3410,militaryonesource.mil,,,7650,98.45,,/benefits/joint-services-transcript/
/research/military/army,3410,archives.gov,,,7651,98.45,,/research/military/army
/marketable-securities/buying-a-marketable-security/,3410,treasurydirect.gov,,,7652,98.45,,/marketable-securities/buying-a-market...
/contact-us/ask-va/about-myself-relationship-veteran-11,3410,www.va.gov,,,7653,98.45,,/contact-us/ask-va/about-myself-relati...
/arbocat/virusdetails.aspx,3410,wwwn.cdc.gov,,,7654,98.45,,/arbocat/virusdetails.aspx
/fattyliverdisease.html,3410,medlineplus.gov,,,7655,98.45,,/fattyliverdisease.html
/amc-travel-site/terminals/conus-terminals/joint-base-lewis-mcchord-passenger-terminal/,3410,amc.af.mil,,,7656,98.45,,/amc-travel-site/terminals/conus-termi...
/special-rates/index.aspx,3410,opm.gov,,,7657,98.45,,/special-rates/index.aspx
/stateplans,3410,osha.gov,,,7658,98.46,,/stateplans
/text/dmm300/173.htm,3410,pe.usps.com,,,7659,98.46,,/text/dmm300/173.htm
/articles/pmc7002362/,3410,pmc.ncbi.nlm.nih.gov,,,7660,98.46,,/articles/pmc7002362/
/21683265/,3410,pubmed.ncbi.nlm.nih.gov,,,7661,98.46,,/21683265/
/22648160/,3410,pubmed.ncbi.nlm.nih.gov,,,7662,98.46,,/22648160/
/station/ktwx/standard,3410,radar.weather.gov,,,7663,98.46,,/station/ktwx/standard
/passports/,3410,mx.usembassy.gov,,,7664,98.46,,/passports/
/es/appointment/v2,3410,my.uscis.gov,,,7665,98.47,,/es/appointment/v2
/image-article/kepler-22b-closer-finding-an-earth/,3410,nasa.gov,,,7666,98.47,,/image-article/kepler-22b-closer-findi...
/image-detail/amf-art002e009276/,3410,nasa.gov,,,7667,98.47,,/image-detail/amf-art002e009276/
/image-detail/amf-art002e016136/,3410,nasa.gov,,,7668,98.47,,/image-detail/amf-art002e016136/
/datasets/genome/gcf_000001405.40/,3410,ncbi.nlm.nih.gov,,,7669,98.47,,/datasets/genome/gcf_000001405.40/
/2024/08/14/popset-to-retire-january-2025/,3410,ncbiinsights.ncbi.nlm.nih.gov,,,7670,98.47,,/2024/08/14/popset-to-retire-january-2...
/store/product/thank-you-stamps-s_572904,3410,store.usps.com,,,7671,98.47,,/store/product/thank-you-stamps-s_5729...
/store/product/priority-mail-flat-rate-side-loading-medium-box-p_o_frb2,3410,store.usps.com,,,7672,98.47,,/store/product/priority-mail-flat-rate...
/ssi/text-resources-ussi.htm,3410,ssa.gov,,,7673,98.48,,/ssi/text-resources-ussi.htm
/agency/privacy.html,3410,ssa.gov,,,7674,98.48,,/agency/privacy.html
/solar-system/asteroids/apophis/,3410,science.nasa.gov,,,7675,98.48,,/solar-system/asteroids/apophis/
/resource/first-image-of-a-black-hole/,3410,science.nasa.gov,,,7676,98.48,,/resource/first-image-of-a-black-hole/
/kids/earth/mission-biomes/biograssland/,3410,science.nasa.gov,,,7677,98.48,,/kids/earth/mission-biomes/biograsslan...
/military-basics/new-to-the-military/military-id-and-cac-cards-for-military-community/,3410,militaryonesource.mil,,,7678,98.48,,/military-basics/new-to-the-military/m...
/substance-use/treatment/find-treatment/buprenorphine-practitioner-locator,3410,samhsa.gov,,,7679,98.48,,/substance-use/treatment/find-treatmen...
/founding-docs/amendments-11-27,3410,archives.gov,,,7680,98.48,,/founding-docs/amendments-11-27
/apod/ap250730.html,3410,apod.nasa.gov,,,7681,98.49,,/apod/ap250730.html
/apod/ap250413.html,3410,apod.nasa.gov,,,7682,98.49,,/apod/ap250413.html
/apod/ap241225.html,3410,apod.nasa.gov,,,7683,98.49,,/apod/ap241225.html
/amc-travel-site/terminals/conus-terminals/ns-norfolk-passenger-terminal/,3410,amc.af.mil,,,7684,98.49,,/amc-travel-site/terminals/conus-termi...
/act-early/milestones/18-months.html,3410,cdc.gov,,,7685,98.49,,/act-early/milestones/18-months.html
/chickenpox/about/index.html,3410,cdc.gov,,,7686,98.49,,/chickenpox/about/index.html
/piro/index.htm,3410,nps.gov,,,7687,98.49,,/piro/index.htm
/muwo/planyourvisit/fees.htm,3410,nps.gov,,,7688,98.5,,/muwo/planyourvisit/fees.htm
/grca/planyourvisit/basicinfo.htm,3410,nps.gov,,,7689,98.5,,/grca/planyourvisit/basicinfo.htm
/displaydir.cfm,3410,nodis3.gsfc.nasa.gov,,,7690,98.5,,/displaydir.cfm
/health-information/digestive-diseases/gas-digestive-tract/symptoms-causes,3410,niddk.nih.gov,,,7691,98.5,,/health-information/digestive-diseases...
/services/hrlob/index.php,3410,nfc.usda.gov,,,7692,98.5,,/services/hrlob/index.php
/content/travel/en/us-visas/immigrate/the-immigrant-visa-process/step-1-submit-a-petition/i-864-affidavit-faqs.html,3410,travel.state.gov,,,7693,98.5,,/content/travel/en/us-visas/immigrate/...
/content/travel/es/pasaportes.html,3410,travel.state.gov,,,7694,98.5,,/content/travel/es/pasaportes.html
/enrollment-dvc,3410,www.benefeds.gov,,,7695,98.5,,/enrollment-dvc
/sa/en/nonimmigrant-visa,3410,ustraveldocs.com,,,7696,98.51,,/sa/en/nonimmigrant-visa
/business/web-tools-apis/,3410,usps.com,,,7697,98.51,,/business/web-tools-apis/
/voter-registration-card,3410,usa.gov,,,7698,98.51,,/voter-registration-card
/travel/frequently-asked-questions/my-personal-information-has-changed-how-do-i-update-my,3410,tsa.gov,,,7699,98.51,,/travel/frequently-asked-questions/my-...
/scripts/drugshortages/dsp_activeingredientdetails.cfm,3410,accessdata.fda.gov,,,7700,98.51,,/scripts/drugshortages/dsp_activeingre...
/law-and-regs/ada/,3410,ada.gov,,,7701,98.51,,/law-and-regs/ada/
/news/active-amber-alerts,3410,amberalert.ojp.gov,,,7702,98.51,,/news/active-amber-alerts
/faq/,3410,aaro.mil,,,7703,98.51,,/faq/
/es/node/11286,3410,dea.gov,,,7704,98.52,,/es/node/11286
/ceslite/displaywelcome,3410,cesdata.bls.gov,,,7705,98.52,,/ceslite/displaywelcome
/recalls/2026/wagner-spray-tech-recalls-900-series-power-steamers-due-to-burn-hazard,3410,cpsc.gov,,,7706,98.52,,/recalls/2026/wagner-spray-tech-recall...
/growthcharts/who-charts.html,3410,cdc.gov,,,7707,98.52,,/growthcharts/who-charts.html
/vaccine-safety/about/autism.html,3410,cdc.gov,,,7708,98.52,,/vaccine-safety/about/autism.html
/drinking-water/about/how-water-treatment-works.html,3410,cdc.gov,,,7709,98.52,,/drinking-water/about/how-water-treatm...
/vaccines/hcp/current-vis/dtap.html,3410,cdc.gov,,,7710,98.52,,/vaccines/hcp/current-vis/dtap.html
/es/web/paraguay/home/news,3410,globe.gov,,,7711,98.53,,/es/web/paraguay/home/news
/buy-through-us/purchasing-programs/shared-services/payroll-shared-services/payroll-calendars,3410,gsa.gov,,,7712,98.53,,/buy-through-us/purchasing-programs/sh...
/milestones/1945-1952/creation-israel,3410,history.state.gov,,,7713,98.53,,/milestones/1945-1952/creation-israel
/servlet/logoutservlet,3410,iqrs.npdb.hrsa.gov,,,7714,98.53,,/servlet/logoutservlet
/instructions/i1023ez,3410,irs.gov,,,7715,98.53,,/instructions/i1023ez
/participants/how-to-apply/sponsor-search/,3410,j1visa.state.gov,,,7716,98.53,,/participants/how-to-apply/sponsor-sea...
/funding/opportunities/career-faculty-early-career-development-program,3410,nsf.gov,,,7717,98.53,,/funding/opportunities/career-faculty-...
/agencies/whd/fact-sheets/28-fmla,3410,dol.gov,,,7718,98.53,,/agencies/whd/fact-sheets/28-fmla
/laws-and-policy/individuals-disabilities/section-504,3410,ed.gov,,,7719,98.54,,/laws-and-policy/individuals-disabilit...
/bedbugs/how-find-bed-bugs,3410,epa.gov,,,7720,98.54,,/bedbugs/how-find-bed-bugs
/recycle/recycling-basics-and-benefits,3410,epa.gov,,,7721,98.54,,/recycle/recycling-basics-and-benefits
/data-products/food-price-outlook/summary-findings,3410,ers.usda.gov,,,7722,98.54,,/data-products/food-price-outlook/summ...
/training_testing/testing,3410,faa.gov,,,7723,98.54,,/training_testing/testing
/s/topic/0tot00000004hfrgam/moving-change-of-address-and-forwarding-mail,3410,faq.usps.com,,,7724,98.54,,/s/topic/0tot00000004hfrgam/moving-cha...
/special-agents/physical-requirements/event-4,3410,fbijobs.gov,,,7725,98.54,,/special-agents/physical-requirements/...
/news-events/news/press-releases,3410,ftc.gov,,,7726,98.54,,/news-events/news/press-releases
/scripts/cdrh/cfdocs/cfrl/textsearch.cfm,3377,accessdata.fda.gov,,,7727,98.55,,/scripts/cdrh/cfdocs/cfrl/textsearch.c...
/apod/ap250209.html,3377,apod.nasa.gov,,,7728,98.55,,/apod/ap250209.html
/funding/nih-guide-for-grants-and-contracts,3377,grants.nih.gov,,,7729,98.55,,/funding/nih-guide-for-grants-and-cont...
/apod/ap240913.html,3377,apod.nasa.gov,,,7730,98.55,,/apod/ap240913.html
/es-do/niv/information/niv_questions,3377,ais.usvisa-info.com,,,7731,98.55,,/es-do/niv/information/niv_questions
/about-us/biographies/,3377,af.mil,,,7732,98.55,,/about-us/biographies/
/it-it/niv,3377,ais.usvisa-info.com,,,7733,98.55,,/it-it/niv
/individuals/employees/tax-withholding,3377,irs.gov,,,7734,98.55,,/individuals/employees/tax-withholding
/individuals/international-taxpayers/tax-treaties,3377,irs.gov,,,7735,98.56,,/individuals/international-taxpayers/t...
/ja/,3377,jp.usembassy.gov,,,7736,98.56,,/ja/
/print/publications/date/,3377,lhncbc.nlm.nih.gov,,,7737,98.56,,/print/publications/date/
/press-office/news-stories/,3377,navy.mil,,,7738,98.56,,/press-office/news-stories/
/health/hospice-and-palliative-care/what-are-palliative-care-and-hospice-care,3377,nia.nih.gov,,,7739,98.56,,/health/hospice-and-palliative-care/wh...
/news/media-library/18162,3377,niddk.nih.gov,,,7740,98.56,,/news/media-library/18162
/external/member/main.do,3377,nspires.nasaprs.com,,,7741,98.56,,/external/member/main.do
/healthinformation/nutrientrecommendations.aspx,3377,ods.od.nih.gov,,,7742,98.57,,/healthinformation/nutrientrecommendat...
/healthcare-insurance/healthcare/plan-information/department-of-defense-employees/,3377,opm.gov,,,7743,98.57,,/healthcare-insurance/healthcare/plan-...
/retirement-services/benefits-officers-center/agency-benefits-officers/,3377,opm.gov,,,7744,98.57,,/retirement-services/benefits-officers...
/about/covid-19/,3377,pmc.ncbi.nlm.nih.gov,,,7745,98.57,,/about/covid-19/
/apod/ap250326.html,3377,apod.nasa.gov,,,7746,98.57,,/apod/ap250326.html
/apod/ap250526.html,3377,apod.nasa.gov,,,7747,98.57,,/apod/ap250526.html
/research/census,3377,archives.gov,,,7748,98.57,,/research/census
/visit,3377,arlingtoncemetery.mil,,,7749,98.57,,/visit
/errors/socialloginerror.asp,3377,auth.nih.gov,,,7750,98.58,,/errors/socialloginerror.asp
/ooh/entertainment-and-sports/actors.htm,3377,bls.gov,,,7751,98.58,,/ooh/entertainment-and-sports/actors.h...
/adhd/treatment/index.html,3377,cdc.gov,,,7752,98.58,,/adhd/treatment/index.html
/heads-up/signs-symptoms/index.html,3377,cdc.gov,,,7753,98.58,,/heads-up/signs-symptoms/index.html
/priorities/rural-health-transformation-rht-program/overview,3377,cms.gov,,,7754,98.58,,/priorities/rural-health-transformatio...
/training-education/medicare-learning-network/newsletter/mln-connects-newsletter-april-30-2026,3377,cms.gov,,,7755,98.58,,/training-education/medicare-learning-...
/cmei/systems/advantages-and-challenges-wind-energy,3377,energy.gov,,,7756,98.58,,/cmei/systems/advantages-and-challenge...
/nnsa/articles/us-secures-largest-ever-haleu-shipment-power-american-nuclear-industry,3377,energy.gov,,,7757,98.58,,/nnsa/articles/us-secures-largest-ever...
/about/federal-tax-credits,3377,energystar.gov,,,7758,98.59,,/about/federal-tax-credits
/dashboard/,3377,flag.dol.gov,,,7759,98.59,,/dashboard/
/for-patients-and-families/genetic-disorders,3377,genome.gov,,,7760,98.59,,/for-patients-and-families/genetic-dis...
/articles/pmc11457672/,3377,pmc.ncbi.nlm.nih.gov,,,7761,98.59,,/articles/pmc11457672/
/articles/pmc4588759/,3377,pmc.ncbi.nlm.nih.gov,,,7762,98.59,,/articles/pmc4588759/
/articles/pmc5856642/,3377,pmc.ncbi.nlm.nih.gov,,,7763,98.59,,/articles/pmc5856642/
/articles/pmc6199309/,3377,pmc.ncbi.nlm.nih.gov,,,7764,98.59,,/articles/pmc6199309/
/portal/faq.aspx,3377,publicportal.eeoc.gov,,,7765,98.6,,/portal/faq.aspx
/psas/hisa2.asp,3377,prosthetics.va.gov,,,7766,98.6,,/psas/hisa2.asp
/prs/app/template/home.vm,3377,register.clinicaltrials.gov,,,7767,98.6,,/prs/app/template/home.vm
/rrs,3377,rrs.usace.army.mil,,,7768,98.6,,/rrs
/fsa-id/sign-in/unlock-fsaid,3377,studentaid.gov,,,7769,98.6,,/fsa-id/sign-in/unlock-fsaid
/vpv404/specials,3377,science.nasa.gov,,,7770,98.6,,/vpv404/specials
/disclosure/index.html,3377,securityawareness.dcsa.mil,,,7771,98.6,,/disclosure/index.html
/store/product/save-vanishing-species-stamps-s_576674,3377,store.usps.com,,,7772,98.6,,/store/product/save-vanishing-species-...
/order-cancelled.htm,3377,tools.usps.com,,,7773,98.61,,/order-cancelled.htm
/loan-simulator/borrow-more/wizard/enrollment-info/borrow-amount,3377,studentaid.gov,,,7774,98.61,,/loan-simulator/borrow-more/wizard/enr...
/about/regions/west-region/referrals-and-pre-authorizations,3377,tricare.mil,,,7775,98.61,,/about/regions/west-region/referrals-a...
/plans/eligibility/rsmandfamilies,3377,tricare.mil,,,7776,98.61,,/plans/eligibility/rsmandfamilies
/portal/datasets/il.html/tabs/year2025,3377,huduser.gov,,,7777,98.61,,/portal/datasets/il.html/tabs/year2025
/resource-center/data-chart-center/interest-rates/daily-treasury-rate-archives,3377,home.treasury.gov,,,7778,98.61,,/resource-center/data-chart-center/int...
/milestones/1989-1992/collapse-soviet-union,3377,history.state.gov,,,7779,98.61,,/milestones/1989-1992/collapse-soviet-...
/join,3377,ice.gov,,,7780,98.61,,/join
/family-and-caregiver-benefits/health-and-disability/champva/apply-form-10-10d/report-other-health-insurance,3377,www.va.gov,,,7781,98.62,,/family-and-caregiver-benefits/health-...
/prepare/check-eligibility-for-benefits/questionnaire/income-married,3377,www.ssa.gov,,,7782,98.62,,/prepare/check-eligibility-for-benefit...
/pdt/,3377,weather.gov,,,7783,98.62,,/pdt/
/health-care/apply-for-health-care-form-10-10ez/household-information/marital-status,3377,www.va.gov,,,7784,98.62,,/health-care/apply-for-health-care-for...
/news/from-the-services/,3377,war.gov,,,7785,98.62,,/news/from-the-services/
/vacanteen/vcsretail.asp,3377,vacanteen.va.gov,,,7786,98.62,,/vacanteen/vcsretail.asp
/uts/messenger,3377,uts.nlm.nih.gov,,,7787,98.62,,/uts/messenger
/resources/helpful-va-phone-numbers/,3377,va.gov,,,7788,98.62,,/resources/helpful-va-phone-numbers/
/applicant/profile/language/,3377,usajobs.gov,,,7789,98.63,,/applicant/profile/language/
/rent-help-groups,3377,usa.gov,,,7790,98.63,,/rent-help-groups
/making-contributions/contribution-limits/,3377,tsp.gov,,,7791,98.63,,/making-contributions/contribution-lim...
/contact/lost-and-found,3377,tsa.gov,,,7792,98.63,,/contact/lost-and-found
/records/request-personal-records-form-20-10206/personal-information,3377,www.va.gov,,,7793,98.63,,/records/request-personal-records-form...
/glossary,3344,csrc.nist.gov,,,7794,98.63,,/glossary
/medialibrary/assets/video/65945,3344,cbp.gov,,,7795,98.63,,/medialibrary/assets/video/65945
/regulations-and-guidance/administrative-simplification/nationalprovidentstand,3344,cms.gov,,,7796,98.64,,/regulations-and-guidance/administrati...
/id/445887258,3344,catalog.archives.gov,,,7797,98.64,,/id/445887258
/research/project/,3344,ars.usda.gov,,,7798,98.64,,/research/project/
/article/292243/army_warrant_officer_convicted_of_raping_two_victims_during_trial_at_fort_rucker_authorities_seeking_other_possible_victims,3344,army.mil,,,7799,98.64,,/article/292243/army_warrant_officer_c...
/apod/ap250605.html,3344,apod.nasa.gov,,,7800,98.64,,/apod/ap250605.html
/apod/ap250422.html,3344,apod.nasa.gov,,,7801,98.64,,/apod/ap250422.html
/apod/ap250406.html,3344,apod.nasa.gov,,,7802,98.64,,/apod/ap250406.html
/apod/ap250323.html,3344,apod.nasa.gov,,,7803,98.64,,/apod/ap250323.html
/apod/ap250309.html,3344,apod.nasa.gov,,,7804,98.65,,/apod/ap250309.html
/apod/ap250222.html,3344,apod.nasa.gov,,,7805,98.65,,/apod/ap250222.html
/amc-travel-site/terminals/pacom-terminals/osan-ab-passenger-terminal/,3344,amc.af.mil,,,7806,98.65,,/amc-travel-site/terminals/pacom-termi...
/en-gb/niv/information/announcements,3344,ais.usvisa-info.com,,,7807,98.65,,/en-gb/niv/information/announcements
/data-and-reports/mine-data-retrieval-system,3344,msha.gov,,,7808,98.65,,/data-and-reports/mine-data-retrieval-...
/who/profile/history/postmaster-finder/postmasters-by-city.htm,3344,about.usps.com,,,7809,98.65,,/who/profile/history/postmaster-finder...
/newsroom/national-releases/2026/0505-postmaster-general-david-steiner-highlights-usps-progress-growth-strategy-foundational-role-in-american-commerce.htm,3344,about.usps.com,,,7810,98.65,,/newsroom/national-releases/2026/0505-...
/civilianemployees/,3344,dfas.mil,,,7811,98.65,,/civilianemployees/
/id/86027191,3344,catalog.archives.gov,,,7812,98.66,,/id/86027191
/career-management/decorations-and-ribbons/,3344,afpc.af.mil,,,7813,98.66,,/career-management/decorations-and-rib...
/factsheets/i9-inspection,3344,ice.gov,,,7814,98.66,,/factsheets/i9-inspection
/hiv-basics/overview/history/hiv-and-aids-timeline,3344,hiv.gov,,,7815,98.66,,/hiv-basics/overview/history/hiv-and-a...
/website-information/accessibility-statement,3344,gsa.gov,,,7816,98.66,,/website-information/accessibility-sta...
/r05,3344,fs.usda.gov,,,7817,98.66,,/r05
/disaster/4898,3344,fema.gov,,,7818,98.66,,/disaster/4898
/medical-devices/letters-health-care-providers/disruptions-availability-neurosurgical-patties-sponges-and-strips-letter-health-care-providers,3344,fda.gov,,,7819,98.66,,/medical-devices/letters-health-care-p...
/drugs/drug-alerts-and-statements/cder-proposes-withdraw-approval-tavneos,3344,fda.gov,,,7820,98.67,,/drugs/drug-alerts-and-statements/cder...
/wanted/topten/fausto-isidro-meza-flores,3344,fbi.gov,,,7821,98.67,,/wanted/topten/fausto-isidro-meza-flor...
/wanted/kidnap/isiah-jenifer,3344,fbi.gov,,,7822,98.67,,/wanted/kidnap/isiah-jenifer
/ebuy/pkce/logout,3344,ebuy.gsa.gov,,,7823,98.67,,/ebuy/pkce/logout
/policy-data-oversight/veterans-services/vet-guide-for-hr-professionals/,3344,opm.gov,,,7824,98.67,,/policy-data-oversight/veterans-servic...
/retirement-center/retirement-faqs/,3344,opm.gov,,,7825,98.67,,/retirement-center/retirement-faqs/
/articles/pmc11790242/,3344,pmc.ncbi.nlm.nih.gov,,,7826,98.67,,/articles/pmc11790242/
/19516283/,3344,pubmed.ncbi.nlm.nih.gov,,,7827,98.67,,/19516283/
/rppr-web/rppr,3344,research.gov,,,7828,98.68,,/rppr-web/rppr
/solar-system/comets/3i-atlas/,3344,science.nasa.gov,,,7829,98.68,,/solar-system/comets/3i-atlas/
/home/consolidatedlist,3344,sanctionslist.ofac.treas.gov,,,7830,98.68,,/home/consolidatedlist
/forms/ssa-2.html,3344,ssa.gov,,,7831,98.68,,/forms/ssa-2.html
/oact/babynames/decades/names1940s.html,3344,ssa.gov,,,7832,98.68,,/oact/babynames/decades/names1940s.htm...
/financial-hardship-worksheet/,3344,tsp.gov,,,7833,98.68,,/financial-hardship-worksheet/
/content/travel/en/passports/get-fast/passport-agencies/atlanta.html,3344,travel.state.gov,,,7834,98.68,,/content/travel/en/passports/get-fast/...
/content/travel/en/passports/need-passport/outside-us.html,3344,travel.state.gov,,,7835,98.68,,/content/travel/en/passports/need-pass...
/about/regions/east-region/enrollment/pcm,3344,tricare.mil,,,7836,98.69,,/about/regions/east-region/enrollment/...
/emergency-housing-assistance,3344,usa.gov,,,7837,98.69,,/emergency-housing-assistance
/change-address,3344,usa.gov,,,7838,98.69,,/change-address
/i-601,3344,uscis.gov,,,7839,98.69,,/i-601
/local-districts,3344,usmarshals.gov,,,7840,98.69,,/local-districts
/decision-reviews/supplemental-claim/file-supplemental-claim-form-20-0995/supporting-evidence/va-medical-records-v0,3344,www.va.gov,,,7841,98.69,,/decision-reviews/supplemental-claim/f...
/ph/en/immigrant-visa,3344,ustraveldocs.com,,,7842,98.69,,/ph/en/immigrant-visa
/sa/en/,3344,ustraveldocs.com,,,7843,98.7,,/sa/en/
/disability/compensation-rates/veteran-rates/past-rates-2025/,3344,va.gov,,,7844,98.7,,/disability/compensation-rates/veteran...
/multimedia/photos/igpage/5/,3344,war.gov,,,7845,98.7,,/multimedia/photos/igpage/5/
/job-opportunities/,3344,ve.usembassy.gov,,,7846,98.7,,/job-opportunities/
/news/news-stories/article/article/4482343/partner-nations-hammer-out-foundation-for-digital-transformation-at-leadership/,3344,war.gov,,,7847,98.7,,/news/news-stories/article/article/448...
/rlx/,3344,weather.gov,,,7848,98.7,,/rlx/
/disability/file-disability-claim-form-21-526ez/toxic-exposure/gulf-war-1990-summary,3344,www.va.gov,,,7849,98.7,,/disability/file-disability-claim-form...
/login/verify-medicare-medicaid,3344,www.benefeds.gov,,,7850,98.7,,/login/verify-medicare-medicaid
/science-education/science-topics/magnetic-resonance-imaging-mri,3344,nibib.nih.gov,,,7851,98.71,,/science-education/science-topics/magn...
/health-info/tooth-decay/more-info/tooth-decay-process,3344,nidcr.nih.gov,,,7852,98.71,,/health-info/tooth-decay/more-info/too...
/health-information/disorders/traumatic-brain-injury-tbi,3344,ninds.nih.gov,,,7853,98.71,,/health-information/disorders/traumati...
/havo/planyourvisit/fees.htm,3344,nps.gov,,,7854,98.71,,/havo/planyourvisit/fees.htm
/stli/planyourvisit/index.htm,3344,nps.gov,,,7855,98.71,,/stli/planyourvisit/index.htm
/policy-data-oversight/classification-qualifications/,3344,opm.gov,,,7856,98.71,,/policy-data-oversight/classification-...
/about-usda/news/press-releases/2026/04/30/usda-announces-actions-better-serve-states-nutrition-program-recipients-and-american-taxpayer,3344,usda.gov,,,7857,98.71,,/about-usda/news/press-releases/2026/0...
/es/passport-services-es/,3344,mx.usembassy.gov,,,7858,98.71,,/es/passport-services-es/
/mp/loginsubmit.do,3344,my.americorps.gov,,,7859,98.72,,/mp/loginsubmit.do
/mp/recruit/viewapplications.do,3344,my.americorps.gov,,,7860,98.72,,/mp/recruit/viewapplications.do
/appointmentscheduler-appointment/ca/en/office-search,3344,my.uscis.gov,,,7861,98.72,,/appointmentscheduler-appointment/ca/e...
/references/messages/alnav-2025/,3344,mynavyhr.navy.mil,,,7862,98.72,,/references/messages/alnav-2025/
/blogs/,3344,nasa.gov,,,7863,98.72,,/blogs/
/books/nbk470395/,3344,ncbi.nlm.nih.gov,,,7864,98.72,,/books/nbk470395/
/books/nbk562189/,3344,ncbi.nlm.nih.gov,,,7865,98.72,,/books/nbk562189/
/geoprofiles/,3344,ncbi.nlm.nih.gov,,,7866,98.72,,/geoprofiles/
/individuals/understanding-your-lt19-notice,3344,irs.gov,,,7867,98.73,,/individuals/understanding-your-lt19-n...
/es/help/the-irs2go-app,3344,irs.gov,,,7868,98.73,,/es/help/the-irs2go-app
/es/refunds/about-wheres-my-refund,3344,irs.gov,,,7869,98.73,,/es/refunds/about-wheres-my-refund
/individuals/understanding-your-letter-4883c,3344,irs.gov,,,7870,98.73,,/individuals/understanding-your-letter...
/newsroom/tax-withholding-how-to-get-it-right,3344,irs.gov,,,7871,98.73,,/newsroom/tax-withholding-how-to-get-i...
/ffc/warnings,3310,weather.gov,,,7872,98.73,,/ffc/warnings
/family-and-caregiver-benefits/health-and-disability/champva/apply-form-10-10d/confirmation,3310,www.va.gov,,,7873,98.73,,/family-and-caregiver-benefits/health-...
/job/853395100,3310,usajobs.gov,,,7874,98.73,,/job/853395100
/pn/hydromet/rtgraph.html,3310,usbr.gov,,,7875,98.74,,/pn/hydromet/rtgraph.html
/pk/en/step-4,3310,ustraveldocs.com,,,7876,98.74,,/pk/en/step-4
/th/en/,3310,ustraveldocs.com,,,7877,98.74,,/th/en/
/travel/security-screening/whatcanibring/items/alcoholic-beverages,3310,tsa.gov,,,7878,98.74,,/travel/security-screening/whatcanibri...
/exit/,3310,tsp.gov,,,7879,98.74,,/exit/
/applicant/application/867872100/resumes/,3310,usajobs.gov,,,7880,98.74,,/applicant/application/867872100/resum...
/news/tag/246580/uap/,3310,war.gov,,,7881,98.74,,/news/tag/246580/uap/
/th/en/nonimmigrant-visa,3310,ustraveldocs.com,,,7882,98.74,,/th/en/nonimmigrant-visa
/complete-aid-process/accept-aid,3310,studentaid.gov,,,7883,98.75,,/complete-aid-process/accept-aid
/borrower-defense/login,3310,studentaid.gov,,,7884,98.75,,/borrower-defense/login
/store/product/love-2024-stamps-s_581104,3310,store.usps.com,,,7885,98.75,,/store/product/love-2024-stamps-s_5811...
/ssi/limits-exceptions,3310,ssa.gov,,,7886,98.75,,/ssi/limits-exceptions
/manage-benefits/communicate-changes-personal-situation,3310,ssa.gov,,,7887,98.75,,/manage-benefits/communicate-changes-p...
/savings-bonds/forms/,3310,treasurydirect.gov,,,7888,98.75,,/savings-bonds/forms/
/basic-search-results,3310,plants.sc.egov.usda.gov,,,7889,98.75,,/basic-search-results
/yose/planyourvisit/weathermap.htm,3310,nps.gov,,,7890,98.75,,/yose/planyourvisit/weathermap.htm
/yell/planyourvisit/safety.htm,3310,nps.gov,,,7891,98.76,,/yell/planyourvisit/safety.htm
/seki/planyourvisit/maps.htm,3310,nps.gov,,,7892,98.76,,/seki/planyourvisit/maps.htm
/health/publications/attention-deficit-hyperactivity-disorder-what-you-need-to-know,3310,nimh.nih.gov,,,7893,98.76,,/health/publications/attention-deficit...
/books/nbk589708/,3310,ncbi.nlm.nih.gov,,,7894,98.76,,/books/nbk589708/
/specials/kidsclub/games/color-nasa/,3310,nasa.gov,,,7895,98.76,,/specials/kidsclub/games/color-nasa/
/kennedy/,3310,nasa.gov,,,7896,98.76,,/kennedy/
/references/bupers-instructions/,3310,mynavyhr.navy.mil,,,7897,98.76,,/references/bupers-instructions/
/app/va-video-connect,3310,mobile.va.gov,,,7898,98.77,,/app/va-video-connect
/spanish/ency/article/000356.htm,3310,medlineplus.gov,,,7899,98.77,,/spanish/ency/article/000356.htm
/ency/article/003031.htm,3310,medlineplus.gov,,,7900,98.77,,/ency/article/003031.htm
/help/manage-your-account/resolve-duplicate-accounts/,3310,login.gov,,,7901,98.77,,/help/manage-your-account/resolve-dupl...
/usao-ndny/pr/glen-park-woman-pleads-guilty-accessing-intent-view-child-pornography,3310,justice.gov,,,7902,98.77,,/usao-ndny/pr/glen-park-woman-pleads-g...
/grants,3310,justice.gov,,,7903,98.77,,/grants
/people/donald-j-trump/,3310,trumpwhitehouse.archives.gov,,,7904,98.77,,/people/donald-j-trump/
/search-filings/cik-lookup,3310,sec.gov,,,7905,98.77,,/search-filings/cik-lookup
/solar-system/planet-x/,3310,science.nasa.gov,,,7906,98.78,,/solar-system/planet-x/
/articles/pmc8002799/,3310,pmc.ncbi.nlm.nih.gov,,,7907,98.78,,/articles/pmc8002799/
/articles/pmc6019640/,3310,pmc.ncbi.nlm.nih.gov,,,7908,98.78,,/articles/pmc6019640/
/articles/pmc6008846/,3310,pmc.ncbi.nlm.nih.gov,,,7909,98.78,,/articles/pmc6008846/
/articles/pmc5961938/,3310,pmc.ncbi.nlm.nih.gov,,,7910,98.78,,/articles/pmc5961938/
/records/request-personal-records-form-20-10206/citizen-identification-information,3310,www.va.gov,,,7911,98.78,,/records/request-personal-records-form...
/days/en/,3310,spaceplace.nasa.gov,,,7912,98.78,,/days/en/
/press-release/commerce-department-announces-final-results-softwood-lumber-canada-countervailing,3310,trade.gov,,,7913,98.78,,/press-release/commerce-department-ann...
/cwoutcomes,3310,test-cwo.cwigng.com,,,7914,98.79,,/cwoutcomes
/apod/ap250103.html,3310,apod.nasa.gov,,,7915,98.79,,/apod/ap250103.html
/takebackday,3310,dea.gov,,,7916,98.79,,/takebackday
/news/article/4476320/b-52-engine-replacement-program-holds-critical-design-review-paves-way-for-b-52/,3310,aflcmc.af.mil,,,7917,98.79,,/news/article/4476320/b-52-engine-repl...
/pt-br/niv/forgot,3310,ais.usvisa-info.com,,,7918,98.79,,/pt-br/niv/forgot
/web920/per_diem_post_action.asp,3310,allowances.state.gov,,,7919,98.79,,/web920/per_diem_post_action.asp
/apod/ap241215.html,3310,apod.nasa.gov,,,7920,98.79,,/apod/ap241215.html
/zh-hant/downloads/irs-pdf,3310,irs.gov,,,7921,98.79,,/zh-hant/downloads/irs-pdf
/apod/ap250325.html,3310,apod.nasa.gov,,,7922,98.8,,/apod/ap250325.html
/apod/ap250417.html,3310,apod.nasa.gov,,,7923,98.8,,/apod/ap250417.html
/education/lessons/japanese-relocation,3310,archives.gov,,,7924,98.8,,/education/lessons/japanese-relocation
/milestone-documents/executive-order-9066,3310,archives.gov,,,7925,98.8,,/milestone-documents/executive-order-9...
/article/292316,3310,army.mil,,,7926,98.8,,/article/292316
/gibill/contact_us.asp,3310,benefits.va.gov,,,7927,98.8,,/gibill/contact_us.asp
/border-security/along-us-borders/missing-alien-program,3310,cbp.gov,,,7928,98.8,,/border-security/along-us-borders/miss...
/about/priorities/why-is-addressing-sdoh-important.html,3310,cdc.gov,,,7929,98.8,,/about/priorities/why-is-addressing-sd...
/dpdx/az.html,3310,cdc.gov,,,7930,98.81,,/dpdx/az.html
/lyme/causes/index.html,3310,cdc.gov,,,7931,98.81,,/lyme/causes/index.html
/rabies/about/index.html,3310,cdc.gov,,,7932,98.81,,/rabies/about/index.html
/vaccines/imz-schedules/adolescent-easyread.html,3310,cdc.gov,,,7933,98.81,,/vaccines/imz-schedules/adolescent-eas...
/IVApp/IVApp/complete/complete_petitioner.aspx,3310,ceac.state.gov,,,7934,98.81,,/IVApp/IVApp/complete/complete_petitio...
/consumer-alerts/2026/04/text-about-traffic-violation-probably-scam,3310,consumer.ftc.gov,,,7935,98.81,,/consumer-alerts/2026/04/text-about-tr...
/personnel-vetting/background-investigations-for-applicants/investigations-clearance-process/,3310,dcsa.mil,,,7936,98.81,,/personnel-vetting/background-investig...
/articles/pmc3767439/,3310,pmc.ncbi.nlm.nih.gov,,,7937,98.81,,/articles/pmc3767439/
/general/faq,3310,dol.gov,,,7938,98.82,,/general/faq
/pm-pollution/particulate-matter-pm-basics,3310,epa.gov,,,7939,98.82,,/pm-pollution/particulate-matter-pm-ba...
/consumers/consumer-updates/treating-cushings-disease-dogs,3310,fda.gov,,,7940,98.82,,/consumers/consumer-updates/treating-c...
/drugs/novel-drug-approvals-fda/novel-drug-approvals-2025,3310,fda.gov,,,7941,98.82,,/drugs/novel-drug-approvals-fda/novel-...
/documents/2026/05/06/2026-08943/designation-restrict-the-operation-of-unmanned-aircraft-in-close-proximity-to-a-fixed-site-facility,3310,federalregister.gov,,,7942,98.82,,/documents/2026/05/06/2026-08943/desig...
/openfema-data-page/fima-nfip-redacted-claims-v2,3310,fema.gov,,,7943,98.82,,/openfema-data-page/fima-nfip-redacted...
/datasets/treasury-reporting-rates-exchange/treasury-reporting-rates-of-exchange,3310,fiscaldata.treasury.gov,,,7944,98.82,,/datasets/treasury-reporting-rates-exc...
/r05/inyo/recreation,3310,fs.usda.gov,,,7945,98.82,,/r05/inyo/recreation
/media/71268,3310,ftc.gov,,,7946,98.83,,/media/71268
/rn-database/search,3310,ftc.gov,,,7947,98.83,,/rn-database/search
/details/survey/default.aspx,3310,glorecords.blm.gov,,,7948,98.83,,/details/survey/default.aspx
/apply-and-enroll/health-insurance-plans-estimator-overview/,3310,healthcare.gov,,,7949,98.83,,/apply-and-enroll/health-insurance-pla...
/news/press-releases/sb0472,3310,home.treasury.gov,,,7950,98.83,,/news/press-releases/sb0472
/taxpayer-bill-of-rights,3310,irs.gov,,,7951,98.83,,/taxpayer-bill-of-rights
/vi/downloads/irs-drop,3310,irs.gov,,,7952,98.83,,/vi/downloads/irs-drop
/oun,3277,weather.gov,,,7953,98.83,,/oun
/disability/file-disability-claim-form-21-526ez/new-disabilities/follow-up/5,3277,www.va.gov,,,7954,98.84,,/disability/file-disability-claim-form...
/nwhw,3277,womenshealth.gov,,,7955,98.84,,/nwhw
/enforcement-litigation/litigation-releases/lr-26540,3277,sec.gov,,,7956,98.84,,/enforcement-litigation/litigation-rel...
/solar-system/oort-cloud/,3277,science.nasa.gov,,,7957,98.84,,/solar-system/oort-cloud/
/skywatching/,3277,science.nasa.gov,,,7958,98.84,,/skywatching/
/kids/earth/what-are-greenhouse-gases/,3277,science.nasa.gov,,,7959,98.84,,/kids/earth/what-are-greenhouse-gases/
/topics/parking/,3277,ada.gov,,,7960,98.84,,/topics/parking/
/ncepcr/tools/search/index.html,3277,ahrq.gov,,,7961,98.84,,/ncepcr/tools/search/index.html
/scripts/cdrh/cfdocs/cfstandards/detail.cfm,3277,accessdata.fda.gov,,,7962,98.85,,/scripts/cdrh/cfdocs/cfstandards/detai...
/en/guidelines/hiv-clinical-guidelines-adult-and-adolescent-opportunistic-infections/toxoplasmosis,3277,clinicalinfo.hiv.gov,,,7963,98.85,,/en/guidelines/hiv-clinical-guidelines...
/medicare/forms-notices/cms-forms-list,3277,cms.gov,,,7964,98.85,,/medicare/forms-notices/cms-forms-list
/usmc/moc/index.html,3277,cool.osd.mil,,,7965,98.85,,/usmc/moc/index.html
/ooh/arts-and-design/graphic-designers.htm,3277,bls.gov,,,7966,98.85,,/ooh/arts-and-design/graphic-designers...
/ooh/management/advertising-promotions-and-marketing-managers.htm,3277,bls.gov,,,7967,98.85,,/ooh/management/advertising-promotions...
/apod/ap250423.html,3277,apod.nasa.gov,,,7968,98.85,,/apod/ap250423.html
/search/simple,3277,cameochemicals.noaa.gov,,,7969,98.85,,/search/simple
/about-cancer/understanding/what-is-cancer,3277,cancer.gov,,,7970,98.86,,/about-cancer/understanding/what-is-ca...
/s/applicant-resources,3277,careers.cbp.gov,,,7971,98.86,,/s/applicant-resources
/about/contact/ports/deferred-inspection-sites,3277,cbp.gov,,,7972,98.86,,/about/contact/ports/deferred-inspecti...
/alcohol/about-alcohol-use/index.html,3277,cdc.gov,,,7973,98.86,,/alcohol/about-alcohol-use/index.html
/c-diff/about/index.html,3277,cdc.gov,,,7974,98.86,,/c-diff/about/index.html
/dengue/es/signs-symptoms/sintomas-del-dengue-y-pruebas-de-deteccion.html,3277,cdc.gov,,,7975,98.86,,/dengue/es/signs-symptoms/sintomas-del...
/GenNIV/General/complete/Complete_Personal.aspx,3277,ceac.state.gov,,,7976,98.86,,/GenNIV/General/complete/Complete_Pers...
/GenNIV/General/complete/complete_ExchangeVisitorAddContact.aspx,3277,ceac.state.gov,,,7977,98.86,,/GenNIV/General/complete/complete_Exch...
/hazmat,3277,cfo.usps.com,,,7978,98.87,,/hazmat
/apod/ap250320.html,3277,apod.nasa.gov,,,7979,98.87,,/apod/ap250320.html
/chs/,3277,weather.gov,,,7980,98.87,,/chs/
/hfo/radar_loop,3277,weather.gov,,,7981,98.87,,/hfo/radar_loop
/42047660/,3277,pubmed.ncbi.nlm.nih.gov,,,7982,98.87,,/42047660/
/17643540/,3277,pubmed.ncbi.nlm.nih.gov,,,7983,98.87,,/17643540/
/following,3277,sam.gov,,,7984,98.87,,/following
/docket/fda-2025-p-1704,3277,regulations.gov,,,7985,98.87,,/docket/fda-2025-p-1704
/17622635/,3277,pubmed.ncbi.nlm.nih.gov,,,7986,98.88,,/17622635/
/12807304/,3277,pubmed.ncbi.nlm.nih.gov,,,7987,98.88,,/12807304/
/hale/planyourvisit/fees.htm,3277,nps.gov,,,7988,98.88,,/hale/planyourvisit/fees.htm
/external/,3277,nspires.nasaprs.com,,,7989,98.88,,/external/
/policy-data-oversight/pay-leave/leave-administration/fact-sheets/family-and-medical-leave/,3277,opm.gov,,,7990,98.88,,/policy-data-oversight/pay-leave/leave...
/text/dmm100/mailing-domestic.htm,3277,pe.usps.com,,,7991,98.88,,/text/dmm100/mailing-domestic.htm
/text/imm/immctry.htm,3277,pe.usps.com,,,7992,98.88,,/text/imm/immctry.htm
/articles/pmc10476631/,3277,pmc.ncbi.nlm.nih.gov,,,7993,98.88,,/articles/pmc10476631/
/articles/pmc4538852/,3277,pmc.ncbi.nlm.nih.gov,,,7994,98.89,,/articles/pmc4538852/
/articles/pmc9175419/,3277,pmc.ncbi.nlm.nih.gov,,,7995,98.89,,/articles/pmc9175419/
/business/mailservices,3277,postcalc.usps.com,,,7996,98.89,,/business/mailservices
/patent/us-6452044-b2,3277,pubchem.ncbi.nlm.nih.gov,,,7997,98.89,,/patent/us-6452044-b2
/zh-cn/archivepage,3277,cpsc.gov,,,7998,98.89,,/zh-cn/archivepage
/factsheets/spice-k2-synthetic-marijuana,3277,dea.gov,,,7999,98.89,,/factsheets/spice-k2-synthetic-marijua...
/get-assistance/find-assistance,3277,disasterassistance.gov,,,8000,98.89,,/get-assistance/find-assistance
/agencies/vets/programs/tap/efct,3277,dol.gov,,,8001,98.89,,/agencies/vets/programs/tap/efct
/wanted/ecap/unknown-individual---john-doe-47,3277,fbi.gov,,,8002,98.9,,/wanted/ecap/unknown-individual---john...
/national-rates-and-rate-caps,3277,fdic.gov,,,8003,98.9,,/national-rates-and-rate-caps
/regulations/search,3277,fmcsa.dot.gov,,,8004,98.9,,/regulations/search
/es/web/namibia/home/news,3277,globe.gov,,,8005,98.9,,/es/web/namibia/home/news
/hiv-basics/hiv-prevention/using-hiv-medication-to-reduce-risk/pre-exposure-prophylaxis,3277,hiv.gov,,,8006,98.9,,/hiv-basics/hiv-prevention/using-hiv-m...
/businesses/small-businesses-self-employed/offer-in-compromise-faqs,3277,irs.gov,,,8007,98.9,,/businesses/small-businesses-self-empl...
/disability/professionals/bluebook/2.00-specialsensesandspeech-adult.htm,3277,ssa.gov,,,8008,98.9,,/disability/professionals/bluebook/2.0...
/ssi/reporting/wages,3277,ssa.gov,,,8009,98.9,,/ssi/reporting/wages
/store/product/shipping-supplies/priority-mail-flat-rate-envelope-p_ep_14_f,3277,store.usps.com,,,8010,98.91,,/store/product/shipping-supplies/prior...
/job/866704200,3277,usajobs.gov,,,8011,98.91,,/job/866704200
/i-9-central/form-i-9-resources/handbook-for-employers-m-274/50-automatic-extensions-of-employment-authorization-andor-employment-authorization-documents-eads-in,3277,uscis.gov,,,8012,98.91,,/i-9-central/form-i-9-resources/handbo...
/cae/,3277,weather.gov,,,8013,98.91,,/cae/
/directorates/esdmd/nasa-strengthens-artemis-adds-mission-refines-overall-architecture/,3277,nasa.gov,,,8014,98.91,,/directorates/esdmd/nasa-strengthens-a...
/history/,3277,nasa.gov,,,8015,98.91,,/history/
/humans-in-space/spaceships-and-rockets/,3277,nasa.gov,,,8016,98.91,,/humans-in-space/spaceships-and-rocket...
/image-detail/amf-art002e000190/,3277,nasa.gov,,,8017,98.91,,/image-detail/amf-art002e000190/
/news/news.html,3277,nga.mil,,,8018,98.92,,/news/news.html
/dino/index.htm,3277,nps.gov,,,8019,98.92,,/dino/index.htm
/spanish/vitamind.html,3277,medlineplus.gov,,,8020,98.92,,/spanish/vitamind.html
/my-dashboard/,3277,militaryonesource.mil,,,8021,98.92,,/my-dashboard/
/applications/pseo/,3277,lehd.ces.census.gov,,,8022,98.92,,/applications/pseo/
/druginfo/meds/a603005.html,3277,medlineplus.gov,,,8023,98.92,,/druginfo/meds/a603005.html
/charities-non-profits/employer-identification-number,3277,irs.gov,,,8024,98.92,,/charities-non-profits/employer-identi...
/instructions/iw7,3277,irs.gov,,,8025,98.92,,/instructions/iw7
/id/542184,3243,catalog.archives.gov,,,8026,98.93,,/id/542184
/recipient,3243,usaspending.gov,,,8027,98.93,,/recipient
/news/2026/us-international-trade-goods-and-services-march-2026,3243,bea.gov,,,8028,98.93,,/news/2026/us-international-trade-good...
/explore/find-a-grave,3243,arlingtoncemetery.mil,,,8029,98.93,,/explore/find-a-grave
/family-and-caregiver-benefits/health-and-disability/champva/file-champva-claim-10-7959a/introduction,3243,www.va.gov,,,8030,98.93,,/family-and-caregiver-benefits/health-...
/health-care/apply-for-health-care-form-10-10ez/va-benefits/pension-information,3243,www.va.gov,,,8031,98.93,,/health-care/apply-for-health-care-for...
/records/request-personal-records-form-20-10206/contact-information,3243,www.va.gov,,,8032,98.93,,/records/request-personal-records-form...
/vn/vi/,3243,ustraveldocs.com,,,8033,98.93,,/vn/vi/
/visit/tickets,3243,visit.archives.gov,,,8034,98.94,,/visit/tickets
/meg/radar,3243,weather.gov,,,8035,98.94,,/meg/radar
/unr/,3243,weather.gov,,,8036,98.94,,/unr/
/stat/sfh/housing-counseling,3243,www.hud.gov,,,8037,98.94,,/stat/sfh/housing-counseling
/nchs/nhanes/default.aspx,3243,wwwn.cdc.gov,,,8038,98.94,,/nchs/nhanes/default.aspx
/nat/profile/displaypasswordretrieve.action,3243,wwwapp.nimh.nih.gov,,,8039,98.94,,/nat/profile/displaypasswordretrieve.a...
/citizenship/learn-about-citizenship/10-steps-to-naturalization,3243,uscis.gov,,,8040,98.94,,/citizenship/learn-about-citizenship/1...
/ooh/media-and-communication/home.htm,3243,bls.gov,,,8041,98.94,,/ooh/media-and-communication/home.htm
/es/i-90,3243,uscis.gov,,,8042,98.95,,/es/i-90
/ph/en/step-4,3243,ustraveldocs.com,,,8043,98.95,,/ph/en/step-4
/faqs/what-a-geographic-information-system-gis,3243,usgs.gov,,,8044,98.95,,/faqs/what-a-geographic-information-sy...
/i-130-addresses,3243,uscis.gov,,,8045,98.95,,/i-130-addresses
/apod/ap241231.html,3243,apod.nasa.gov,,,8046,98.95,,/apod/ap241231.html
/apod/ap250327.html,3243,apod.nasa.gov,,,8047,98.95,,/apod/ap250327.html
/apod/ap250301.html,3243,apod.nasa.gov,,,8048,98.95,,/apod/ap250301.html
/apod/ap250212.html,3243,apod.nasa.gov,,,8049,98.95,,/apod/ap250212.html
/apod/ap250419.html,3243,apod.nasa.gov,,,8050,98.96,,/apod/ap250419.html
/charts/consumer-price-index/consumer-price-index-by-category.htm,3243,bls.gov,,,8051,98.96,,/charts/consumer-price-index/consumer-...
/glac/planyourvisit/vehicle-reservations2026.htm,3243,nps.gov,,,8052,98.96,,/glac/planyourvisit/vehicle-reservatio...
/grte/planyourvisit/maps.htm,3243,nps.gov,,,8053,98.96,,/grte/planyourvisit/maps.htm
/news-release/nasa-kennedy-center-director-announces-plans-to-retire/,3243,nasa.gov,,,8054,98.96,,/news-release/nasa-kennedy-center-dire...
/projects/gap/cgi-bin/study.cgi,3243,ncbi.nlm.nih.gov,,,8055,98.96,,/projects/gap/cgi-bin/study.cgi
/bmi/child-teen-calculator/widget.html,3243,cdc.gov,,,8056,98.96,,/bmi/child-teen-calculator/widget.html
/IVApp/IVApp/complete/complete_workeducation1.aspx,3243,ceac.state.gov,,,8057,98.96,,/IVApp/IVApp/complete/complete_workedu...
/leptospirosis/about/index.html,3243,cdc.gov,,,8058,98.97,,/leptospirosis/about/index.html
/IVApp/IVApp/complete/complete_socialsecuritynumber.aspx,3243,ceac.state.gov,,,8059,98.97,,/IVApp/IVApp/complete/complete_socials...
/vaccines/hcp/current-vis/hpv.html,3243,cdc.gov,,,8060,98.97,,/vaccines/hcp/current-vis/hpv.html
/mental-health/caring/index.html,3243,cdc.gov,,,8061,98.97,,/mental-health/caring/index.html
/earth/explore/earth-indicators/sea-leve/,3243,science.nasa.gov,,,8062,98.97,,/earth/explore/earth-indicators/sea-le...
/earth-science/,3243,science.nasa.gov,,,8063,98.97,,/earth-science/
/noaa-sargassum-tool-now-provides-daily-update-of-risk-of-seaweed-washing-up-on-beaches/,3243,research.noaa.gov,,,8064,98.97,,/noaa-sargassum-tool-now-provides-dail...
/business-guide/launch-your-business/apply-licenses-permits,3243,sba.gov,,,8065,98.97,,/business-guide/launch-your-business/a...
/station/kevx/standard,3243,radar.weather.gov,,,8066,98.98,,/station/kevx/standard
/scheduler/home/search/found/status/cancelled,3243,portal.usaccess.gsa.gov,,,8067,98.98,,/scheduler/home/search/found/status/ca...
/articles/pmc12592072/,3243,pmc.ncbi.nlm.nih.gov,,,8068,98.98,,/articles/pmc12592072/
/prs/app/action/selectprotocol,3243,register.clinicaltrials.gov,,,8069,98.98,,/prs/app/action/selectprotocol
/series/,3243,plus.nasa.gov,,,8070,98.98,,/series/
/physrefdata/asd/ionenergy.html,3243,physics.nist.gov,,,8071,98.98,,/physrefdata/asd/ionenergy.html
/planyourvisit/trip-ideas.htm,3243,nps.gov,,,8072,98.98,,/planyourvisit/trip-ideas.htm
/policy-data-oversight/pay-leave/salaries-wages/2026/locality-pay-area-definitions/,3243,opm.gov,,,8073,98.98,,/policy-data-oversight/pay-leave/salar...
/job/867512900,3243,usajobs.gov,,,8074,98.99,,/job/867512900
/earthquakes/eventpage/us7000si8z/executive,3243,earthquake.usgs.gov,,,8075,98.99,,/earthquakes/eventpage/us7000si8z/exec...
/agencies/ebsa/about-ebsa/ask-a-question/ask-ebsa,3243,dol.gov,,,8076,98.99,,/agencies/ebsa/about-ebsa/ask-a-questi...
/recalls/2026/weber-recalls-over-3-2-million-metal-wire-bristle-grill-brushes-due-to-ingestion-hazard,3243,cpsc.gov,,,8077,98.99,,/recalls/2026/weber-recalls-over-3-2-m...
/food-help,3243,usa.gov,,,8078,98.99,,/food-help
/vpv404/content/visas/english/general/photos/digital-image-requirements.html,3243,travel.state.gov,,,8079,98.99,,/vpv404/content/visas/english/general/...
/savings-bonds/manage-bonds/death-of-owner/,3243,treasurydirect.gov,,,8080,98.99,,/savings-bonds/manage-bonds/death-of-o...
/missions/hubble/a-hubble-view-of-starburst-galaxy-messier-94/,3243,science.nasa.gov,,,8081,98.99,,/missions/hubble/a-hubble-view-of-star...
/enforcement-litigation/litigation-releases/lr-26542,3243,sec.gov,,,8082,99.0,,/enforcement-litigation/litigation-rel...
/galaxy/en/,3243,spaceplace.nasa.gov,,,8083,99.0,,/galaxy/en/
/switch-a-roo/en/,3243,spaceplace.nasa.gov,,,8084,99.0,,/switch-a-roo/en/
/foreign/,3243,ssa.gov,,,8085,99.0,,/foreign/
/catalog/facet/fdanj.title,3243,fdanj.nlm.nih.gov,,,8086,99.0,,/catalog/facet/fdanj.title
/biometrics-technology,3243,tsa.gov,,,8087,99.0,,/biometrics-technology
/education/resource-collections/marine-life/coral-reef-ecosystems,3243,noaa.gov,,,8088,99.0,,/education/resource-collections/marine...
/crla/learn/photosmultimedia/webcams.htm,3243,nps.gov,,,8089,99.0,,/crla/learn/photosmultimedia/webcams.h...
/image-detail/amf-art002e009212/,3243,nasa.gov,,,8090,99.01,,/image-detail/amf-art002e009212/
/mission/europa-clipper/,3243,science.nasa.gov,,,8091,99.01,,/mission/europa-clipper/
/kids/earth/what-is-the-carbon-cycle/,3243,science.nasa.gov,,,8092,99.01,,/kids/earth/what-is-the-carbon-cycle/
/data-center,3243,studentaid.gov,,,8093,99.01,,/data-center
/act-early/milestones/4-years.html,3243,cdc.gov,,,8094,99.01,,/act-early/milestones/4-years.html
/medical-devices/medical-device-recalls-and-early-alerts/insulin-pump-recall-insulet-removes-certain-omnipod-5-pods,3243,fda.gov,,,8095,99.01,,/medical-devices/medical-device-recall...
/news/press-releases/utah-valley-shooting-updates,3243,fbi.gov,,,8096,99.01,,/news/press-releases/utah-valley-shoot...
/regulations_policies/advisory_circulars/,3243,faa.gov,,,8097,99.01,,/regulations_policies/advisory_circula...
/air-traffic-controller-qualifications,3243,faa.gov,,,8098,99.02,,/air-traffic-controller-qualifications
/care-compare/details/long-term-care/442017,3243,es.medicare.gov,,,8099,99.02,,/care-compare/details/long-term-care/4...
/youth/how-file-complaint,3243,eeoc.gov,,,8100,99.02,,/youth/how-file-complaint
/gallery/james-webb-space-telescope/,3243,nasa.gov,,,8101,99.02,,/gallery/james-webb-space-telescope/
/career-management/detailing/mynavy-assignment/,3243,mynavyhr.navy.mil,,,8102,99.02,,/career-management/detailing/mynavy-as...
/coverage/hospice-care,3243,medicare.gov,,,8103,99.02,,/coverage/hospice-care
/opa/pr/justice-department-charges-light-rail-attacker-federal-crime,3243,justice.gov,,,8104,99.02,,/opa/pr/justice-department-charges-lig...
/eoir/customer-service-initiatives,3243,justice.gov,,,8105,99.02,,/eoir/customer-service-initiatives
/criminal/criminal-ceos/citizens-guide-us-federal-law-obscenity,3243,justice.gov,,,8106,99.03,,/criminal/criminal-ceos/citizens-guide...
/tax-professionals/iris-application-for-tcc,3243,irs.gov,,,8107,99.03,,/tax-professionals/iris-application-fo...
/dmaf/form/f14157,3243,irs.gov,,,8108,99.03,,/dmaf/form/f14157
/enforcement/refunds/fortnite-refunds,3243,ftc.gov,,,8109,99.03,,/enforcement/refunds/fortnite-refunds
/apod/ap250402.html,3210,apod.nasa.gov,,,8110,99.03,,/apod/ap250402.html
/apod/ap250429.html,3210,apod.nasa.gov,,,8111,99.03,,/apod/ap250429.html
/apod/ap250318.html,3210,apod.nasa.gov,,,8112,99.03,,/apod/ap250318.html
/document/forms/cbp-form-5106-createupdate-importer-identity-form,3210,cbp.gov,,,8113,99.03,,/document/forms/cbp-form-5106-createup...
/toolkit/jobs/practice-job-application-form.aspx,3210,careeronestop.org,,,8114,99.04,,/toolkit/jobs/practice-job-application...
/research/catalog/catalog-bulk-downloads/uap-bulk-download,3210,archives.gov,,,8115,99.04,,/research/catalog/catalog-bulk-downloa...
/newsroom/media-releases/all,3210,cbp.gov,,,8116,99.04,,/newsroom/media-releases/all
/constellations/en/,3210,spaceplace.nasa.gov,,,8117,99.04,,/constellations/en/
/black-holes/en/,3210,spaceplace.nasa.gov,,,8118,99.04,,/black-holes/en/
/ossnap/public/raceandethnicity,3210,secure.ssa.gov,,,8119,99.04,,/ossnap/public/raceandethnicity
/business-guide/grow-your-business/veteran-owned-businesses,3210,sba.gov,,,8120,99.04,,/business-guide/grow-your-business/vet...
/station/ksjt/standard,3210,radar.weather.gov,,,8121,99.04,,/station/ksjt/standard
/labs/virus/vssi/,3210,ncbi.nlm.nih.gov,,,8122,99.04,,/labs/virus/vssi/
/stormevents/choosedates.jsp,3210,ncei.noaa.gov,,,8123,99.05,,/stormevents/choosedates.jsp
/data/forecasts/fzus52.ktbw.html,3210,ndbc.noaa.gov,,,8124,99.05,,/data/forecasts/fzus52.ktbw.html
/press-releases/article/4480772/coast-guard-concludes-domestic-icebreaking-operations-in-the-eastern-united-sta/,3210,news.uscg.mil,,,8125,99.05,,/press-releases/article/4480772/coast-...
/health/clinical-trials-and-studies/what-are-clinical-trials-and-studies,3210,nia.nih.gov,,,8126,99.05,,/health/clinical-trials-and-studies/wh...
/health/topics/depression,3210,nimh.nih.gov,,,8127,99.05,,/health/topics/depression
/publication/open-safer-sex,3210,npin.cdc.gov,,,8128,99.05,,/publication/open-safer-sex
/nhsn/index.html,3210,cdc.gov,,,8129,99.05,,/nhsn/index.html
/GenNIV/general/ESign/Complete_Done.aspx,3210,ceac.state.gov,,,8130,99.05,,/GenNIV/general/ESign/Complete_Done.as...
/s/event-registration,3210,cmls.gsa.gov,,,8131,99.06,,/s/event-registration
/connector/,3210,connector.hrsa.gov,,,8132,99.06,,/connector/
/recalls/2026/shenzhen-baihang-recalls-veektomx-mini-power-banks-due-to-fire-and-burn-hazards-sold-on-amazon,3210,cpsc.gov,,,8133,99.06,,/recalls/2026/shenzhen-baihang-recalls...
/systems-applications/secure-web-fingerprint-transmission-swft/,3210,dcsa.mil,,,8134,99.06,,/systems-applications/secure-web-finge...
/employees/va-qualifications-standards/,3210,department.va.gov,,,8135,99.06,,/employees/va-qualifications-standards...
/topics/food-nutrition-assistance/food-security-in-the-us/key-statistics-graphics,3210,ers.usda.gov,,,8136,99.06,,/topics/food-nutrition-assistance/food...
/news/press-releases/2026/anchor-bank-assumes-insured-deposits-community-bank-and-trust-west-georgia,3210,fdic.gov,,,8137,99.06,,/news/press-releases/2026/anchor-bank-...
/wizard.html,3210,foia.gov,,,8138,99.06,,/wizard.html
/r03/tonto/recreation,3210,fs.usda.gov,,,8139,99.07,,/r03/tonto/recreation
/es/web/netherlands/home/news,3210,globe.gov,,,8140,99.07,,/es/web/netherlands/home/news
/science-snapshots/,3210,gmao.gsfc.nasa.gov,,,8141,99.07,,/science-snapshots/
/milestones/1961-1968/tet,3210,history.state.gov,,,8142,99.07,,/milestones/1961-1968/tet
/sevis/i901,3210,ice.gov,,,8143,99.07,,/sevis/i901
/coronavirus/get-my-payment,3210,irs.gov,,,8144,99.07,,/coronavirus/get-my-payment
/who/legal/accessibility-statement/,3210,about.usps.com,,,8145,99.07,,/who/legal/accessibility-statement/
/who/legal/terms-of-use.htm,3210,about.usps.com,,,8146,99.07,,/who/legal/terms-of-use.htm
/scripts/cdrh/cfdocs/cfmqsa/mqsa.cfm,3210,accessdata.fda.gov,,,8147,99.08,,/scripts/cdrh/cfdocs/cfmqsa/mqsa.cfm
/scripts/drugshortages/default.cfm,3210,accessdata.fda.gov,,,8148,99.08,,/scripts/drugshortages/default.cfm
/apod/ap240901.html,3210,apod.nasa.gov,,,8149,99.08,,/apod/ap240901.html
/apod/ap241206.html,3210,apod.nasa.gov,,,8150,99.08,,/apod/ap241206.html
/apod/ap250117.html,3210,apod.nasa.gov,,,8151,99.08,,/apod/ap250117.html
/apod/ap250304.html,3210,apod.nasa.gov,,,8152,99.08,,/apod/ap250304.html
/apod/ap250305.html,3210,apod.nasa.gov,,,8153,99.08,,/apod/ap250305.html
/store/stamps/postcard/_/n-16jpffz,3210,store.usps.com,,,8154,99.08,,/store/stamps/postcard/_/n-16jpffz
/identity-theft,3210,usa.gov,,,8155,99.09,,/identity-theft
/users,3210,urs.earthdata.nasa.gov,,,8156,99.09,,/users
/reset_passwords/new,3210,urs.earthdata.nasa.gov,,,8157,99.09,,/reset_passwords/new
/trump-administration-accomplishments/,3210,trumpwhitehouse.archives.gov,,,8158,99.09,,/trump-administration-accomplishments/
/patientresources,3210,tricare.mil,,,8159,99.09,,/patientresources
/en/international-travel/travel-advisories/iran.html,3210,travel.state.gov,,,8160,99.09,,/en/international-travel/travel-adviso...
/loan-simulator/borrow-more/wizard/personal-info/income-info,3210,studentaid.gov,,,8161,99.09,,/loan-simulator/borrow-more/wizard/per...
/media/images/general-reference-printable-map,3210,usgs.gov,,,8162,99.09,,/media/images/general-reference-printa...
/travel/destinations/traveler/none/peru,3210,wwwnc.cdc.gov,,,8163,99.1,,/travel/destinations/traveler/none/per...
/health-care/apply-for-health-care-form-10-10ez/military-service/other-toxic-exposure,3210,www.va.gov,,,8164,99.1,,/health-care/apply-for-health-care-for...
/health-care/apply-for-health-care-form-10-10ez/military-service/operation-support,3210,www.va.gov,,,8165,99.1,,/health-care/apply-for-health-care-for...
/login-gov-faq,3210,myaccount.uscis.gov,,,8166,99.1,,/login-gov-faq
/s/step/group-travel-confirmation-guest,3210,mytravel.state.gov,,,8167,99.1,,/s/step/group-travel-confirmation-gues...
/realtime/rainfall.php,3210,nc.water.usgs.gov,,,8168,99.1,,/realtime/rainfall.php
/books/nbk537248/,3210,ncbi.nlm.nih.gov,,,8169,99.1,,/books/nbk537248/
/station/kmpx/standard,3210,radar.weather.gov,,,8170,99.1,,/station/kmpx/standard
/articles/pmc6093191/,3210,pmc.ncbi.nlm.nih.gov,,,8171,99.11,,/articles/pmc6093191/
/articles/pmc4629920/,3210,pmc.ncbi.nlm.nih.gov,,,8172,99.11,,/articles/pmc4629920/
/advanced-materials/publications,3210,ornl.gov,,,8173,99.11,,/advanced-materials/publications
/retirement-center/apply/fegli-calculator/check-sheet/,3210,opm.gov,,,8174,99.11,,/retirement-center/apply/fegli-calcula...
/yose/planyourvisit/pinescampgrounds.htm,3210,nps.gov,,,8175,99.11,,/yose/planyourvisit/pinescampgrounds.h...
/olym/learn/photosmultimedia/hurricane-ridge-webcam.htm,3210,nps.gov,,,8176,99.11,,/olym/learn/photosmultimedia/hurricane...
/havo/planyourvisit/lava2.htm,3210,nps.gov,,,8177,99.11,,/havo/planyourvisit/lava2.htm
/dena/planyourvisit/spark.htm,3210,nps.gov,,,8178,99.11,,/dena/planyourvisit/spark.htm
/lot,3210,weather.gov,,,8179,99.11,,/lot
/multimedia/photos/igsearch/ufo/,3210,war.gov,,,8180,99.12,,/multimedia/photos/igsearch/ufo/
/field_campaigns/index.php,3210,wallops-prf.gsfc.nasa.gov,,,8181,99.12,,/field_campaigns/index.php
/careers/support-services-jobs/,3210,vacareers.va.gov,,,8182,99.12,,/careers/support-services-jobs/
/in/en/general-information,3210,ustraveldocs.com,,,8183,99.12,,/in/en/general-information
/uspstf/recommendation/cervical-cancer-screening,3210,uspreventiveservicestaskforce.org,,,8184,99.12,,/uspstf/recommendation/cervical-cancer...
/programs/vhp/volcano-updates,3210,usgs.gov,,,8185,99.12,,/programs/vhp/volcano-updates
/programs-impact/national-maternal-mental-health-hotline,3210,mchb.hrsa.gov,,,8186,99.12,,/programs-impact/national-maternal-men...
/basics/reporting-medicare-fraud-and-abuse,3210,medicare.gov,,,8187,99.12,,/basics/reporting-medicare-fraud-and-a...
/spanish/acercade/uso/citar/,3210,medlineplus.gov,,,8188,99.13,,/spanish/acercade/uso/citar/
/spanish/druginfo/meds/a688016-es.html,3210,medlineplus.gov,,,8189,99.13,,/spanish/druginfo/meds/a688016-es.html
/store/product/save-manatees-stamps-s_684804,3210,store.usps.com,,,8190,99.13,,/store/product/save-manatees-stamps-s_...
/oact/cola/sga.html,3210,ssa.gov,,,8191,99.13,,/oact/cola/sga.html
/forms-pubs/schedules-for-form-1040,3210,irs.gov,,,8192,99.13,,/forms-pubs/schedules-for-form-1040
/pentagon-tours/,3176,war.gov,,,8193,99.13,,/pentagon-tours/
/news/contracts/contract/article/4478224/contracts-for-may-5-2026/,3176,war.gov,,,8194,99.13,,/news/contracts/contract/article/44782...
/resources/how-to-get-your-medical-records-from-your-va-health-facility/,3176,va.gov,,,8195,99.13,,/resources/how-to-get-your-medical-rec...
/forms/20-0995/,3176,va.gov,,,8196,99.14,,/forms/20-0995/
/learning-and-resources/fees-and-payment,3176,uspto.gov,,,8197,99.14,,/learning-and-resources/fees-and-payme...
/content/travel/en/us-visas/immigrate/family-immigration/immigrant-visa-for-spouse.html,3176,travel.state.gov,,,8198,99.14,,/content/travel/en/us-visas/immigrate/...
/job/867260400,3176,usajobs.gov,,,8199,99.14,,/job/867260400
/court-programs/bankruptcy/bankruptcy-basics/chapter-13-bankruptcy-basics,3176,uscourts.gov,,,8200,99.14,,/court-programs/bankruptcy/bankruptcy-...
/media/images/sinking-basilica-mexico-city,3176,usgs.gov,,,8201,99.14,,/media/images/sinking-basilica-mexico-...
/historicaltrend/index.php,3176,statecancerprofiles.cancer.gov,,,8202,99.14,,/historicaltrend/index.php
/representation/,3176,ssa.gov,,,8203,99.14,,/representation/
/admin/forbidden.htm,3176,ssa.gov,,,8204,99.15,,/admin/forbidden.htm
/products/fire_wx/fwdy1.html,3176,spc.noaa.gov,,,8205,99.15,,/products/fire_wx/fwdy1.html
/seertools/hemelymph/,3176,seer.cancer.gov,,,8206,99.15,,/seertools/hemelymph/
/earth/explore/earth-indicators/arctic-sea-ice-minimum-extent/,3176,science.nasa.gov,,,8207,99.15,,/earth/explore/earth-indicators/arctic...
/blogs/swift/2026/05/08/katalyst-wraps-testing-at-nasa-goddard-for-swift-boost-mission/,3176,science.nasa.gov,,,8208,99.15,,/blogs/swift/2026/05/08/katalyst-wraps...
/teach-initial-and-subsequent-counseling/,3176,studentaid.gov,,,8209,99.15,,/teach-initial-and-subsequent-counseli...
/18524631/,3176,pubmed.ncbi.nlm.nih.gov,,,8210,99.15,,/18524631/
/tae/tor_cli_leon,3176,weather.gov,,,8211,99.15,,/tae/tor_cli_leon
/wrh/localweather,3176,weather.gov,,,8212,99.16,,/wrh/localweather
/contactwhd/,3176,webapps.dol.gov,,,8213,99.16,,/contactwhd/
/aq-dial-widget/,3176,widget.airnow.gov,,,8214,99.16,,/aq-dial-widget/
/getbanked,3176,www.fdic.gov,,,8215,99.16,,/getbanked
/records/request-personal-records-form-20-10206/phone-email,3176,www.va.gov,,,8216,99.16,,/records/request-personal-records-form...
/records/request-personal-records-form-20-10206/record-selections,3176,www.va.gov,,,8217,99.16,,/records/request-personal-records-form...
/articles/pmc27529/,3176,pmc.ncbi.nlm.nih.gov,,,8218,99.16,,/articles/pmc27529/
/education/resource-collections/marine-life/aquatic-food-webs,3176,noaa.gov,,,8219,99.16,,/education/resource-collections/marine...
/stea/index.htm,3176,nps.gov,,,8220,99.16,,/stea/index.htm
/chcoc/latest-memos/,3176,opm.gov,,,8221,99.17,,/chcoc/latest-memos/
/policy-data-oversight/pay-leave/leave-administration/,3176,opm.gov,,,8222,99.17,,/policy-data-oversight/pay-leave/leave...
/articles/pmc10891786/,3176,pmc.ncbi.nlm.nih.gov,,,8223,99.17,,/articles/pmc10891786/
/articles/pmc11317130/,3176,pmc.ncbi.nlm.nih.gov,,,8224,99.17,,/articles/pmc11317130/
/articles/pmc12319189/,3176,pmc.ncbi.nlm.nih.gov,,,8225,99.17,,/articles/pmc12319189/
/health/publications/panic-disorder-when-fear-overwhelms,3176,nimh.nih.gov,,,8226,99.17,,/health/publications/panic-disorder-wh...
/emicourses/emicatalog.aspx,3176,training.fema.gov,,,8227,99.17,,/emicourses/emicatalog.aspx
/individuals/aviation-consumer-protection/refunds,3176,transportation.gov,,,8228,99.17,,/individuals/aviation-consumer-protect...
/content/travel/en/traveladvisories/traveladvisories/guatemala-travel-advisory.html,3176,travel.state.gov,,,8229,99.18,,/content/travel/en/traveladvisories/tr...
/articles/pmc9412544/,3176,pmc.ncbi.nlm.nih.gov,,,8230,99.18,,/articles/pmc9412544/
/articles/pmc9353153/,3176,pmc.ncbi.nlm.nih.gov,,,8231,99.18,,/articles/pmc9353153/
/articles/pmc8430329/,3176,pmc.ncbi.nlm.nih.gov,,,8232,99.18,,/articles/pmc8430329/
/articles/pmc7605294/,3176,pmc.ncbi.nlm.nih.gov,,,8233,99.18,,/articles/pmc7605294/
/event-type/launch-schedule/,3176,nasa.gov,,,8234,99.18,,/event-type/launch-schedule/
/spanish/ency/article/007021.htm,3176,medlineplus.gov,,,8235,99.18,,/spanish/ency/article/007021.htm
/spanish/ency/article/003171.htm,3176,medlineplus.gov,,,8236,99.18,,/spanish/ency/article/003171.htm
/lab-tests/prothrombin-time-test-and-inr-ptinr/,3176,medlineplus.gov,,,8237,99.19,,/lab-tests/prothrombin-time-test-and-i...
/druginfo/meds/a682864.html,3176,medlineplus.gov,,,8238,99.19,,/druginfo/meds/a682864.html
/crt/immigrant-and-employee-rights-section,3176,justice.gov,,,8239,99.19,,/crt/immigrant-and-employee-rights-sec...
/payments/pay-as-you-go-so-you-wont-owe-a-guide-to-withholding-estimated-taxes-and-ways-to-avoid-the-estimated-tax-penalty,3176,irs.gov,,,8240,99.19,,/payments/pay-as-you-go-so-you-wont-ow...
/help/irs2go-accessibility-guide,3176,irs.gov,,,8241,99.19,,/help/irs2go-accessibility-guide
/credits-deductions/credits-for-new-clean-vehicles-purchased-in-2023-or-after,3176,irs.gov,,,8242,99.19,,/credits-deductions/credits-for-new-cl...
/professional/assessment/adult-sr/ptsd-checklist.asp,3176,ptsd.va.gov,,,8243,99.19,,/professional/assessment/adult-sr/ptsd...
/portal/newuserregistration,3176,portal.cms.gov,,,8244,99.19,,/portal/newuserregistration
/articles/pmc9512238/,3176,pmc.ncbi.nlm.nih.gov,,,8245,99.2,,/articles/pmc9512238/
/apod/ap241222.html,3176,apod.nasa.gov,,,8246,99.2,,/apod/ap241222.html
/rucker,3176,army.mil,,,8247,99.2,,/rucker
/apod/ap250418.html,3176,apod.nasa.gov,,,8248,99.2,,/apod/ap250418.html
/research/catalog/help/using,3176,archives.gov,,,8249,99.2,,/research/catalog/help/using
/apod/ap250416.html,3176,apod.nasa.gov,,,8250,99.2,,/apod/ap250416.html
/apod/ap241220.html,3176,apod.nasa.gov,,,8251,99.2,,/apod/ap241220.html
/apod/ap250217.html,3176,apod.nasa.gov,,,8252,99.2,,/apod/ap250217.html
/ar/education-ar/education-programs/,3176,dz.usembassy.gov,,,8253,99.2,,/ar/education-ar/education-programs/
/program/endangered-species,3176,fws.gov,,,8254,99.21,,/program/endangered-species
/research/topic-guides/global-war-terror,3176,georgewbushlibrary.gov,,,8255,99.21,,/research/topic-guides/global-war-terr...
/collections/earthobservatory/,3176,eol.jsc.nasa.gov,,,8256,99.21,,/collections/earthobservatory/
/myCases,3176,egov.uscis.gov,,,8257,99.21,,/myCases
/security-alert-u-s-embassy-baghdad-iraq-may-5-2026/,3176,iq.usembassy.gov,,,8258,99.21,,/security-alert-u-s-embassy-baghdad-ir...
/apology/404.html,3176,healthcare.gov,,,8259,99.21,,/apology/404.html
/data,3176,afdc.energy.gov,,,8260,99.21,,/data
/en-br/niv/users/sign_in,3176,ais.usvisa-info.com,,,8261,99.21,,/en-br/niv/users/sign_in
/es-gt/niv/users/sign_in,3176,ais.usvisa-info.com,,,8262,99.22,,/es-gt/niv/users/sign_in
/amc-travel-site/terminals/conus-terminals/joint-base-mdl-passenger-terminal/,3176,amc.af.mil,,,8263,99.22,,/amc-travel-site/terminals/conus-termi...
/apod/ap241213.html,3176,apod.nasa.gov,,,8264,99.22,,/apod/ap241213.html
/apod/ap241217.html,3176,apod.nasa.gov,,,8265,99.22,,/apod/ap241217.html
/gallery/nasas-space-launch-system-rocket/,3176,nasa.gov,,,8266,99.22,,/gallery/nasas-space-launch-system-roc...
/image-detail/amf-jsc2026e020490/,3176,nasa.gov,,,8267,99.22,,/image-detail/amf-jsc2026e020490/
/learning-resources/for-professionals/appel/,3176,nasa.gov,,,8268,99.22,,/learning-resources/for-professionals/...
/missions/nasa-answers-your-most-pressing-artemis-ii-questions/,3176,nasa.gov,,,8269,99.22,,/missions/nasa-answers-your-most-press...
/video-detail/art002m1200912222b-saj-jettison-2orig/,3176,nasa.gov,,,8270,99.23,,/video-detail/art002m1200912222b-saj-j...
/pcsubstance/,3176,ncbi.nlm.nih.gov,,,8271,99.23,,/pcsubstance/
/eye-health-information/healthy-vision/how-eyes-work/test-your-eye-health-knowledge,3176,nei.nih.gov,,,8272,99.23,,/eye-health-information/healthy-vision...
/news.release/cpi.t01.htm,3176,bls.gov,,,8273,99.23,,/news.release/cpi.t01.htm
/group-a-strep/about/symptoms-of-scarlet-fever.html,3176,cdc.gov,,,8274,99.23,,/group-a-strep/about/symptoms-of-scarl...
/pcd/issues/2025/24_0537.htm,3176,cdc.gov,,,8275,99.23,,/pcd/issues/2025/24_0537.htm
/trichomoniasis/about/index.html,3176,cdc.gov,,,8276,99.23,,/trichomoniasis/about/index.html
/vaccines/hcp/current-vis/mmr.html,3176,cdc.gov,,,8277,99.23,,/vaccines/hcp/current-vis/mmr.html
/vpv404/healthyweight/assessing/bmi/adult_bmi/english_bmi_calculator/bmi_calculator.html,3176,cdc.gov,,,8278,99.24,,/vpv404/healthyweight/assessing/bmi/ad...
/programs-surveys/acs/data.html,3176,census.gov,,,8279,99.24,,/programs-surveys/acs/data.html
/en/guidelines,3176,clinicalinfo.hiv.gov,,,8280,99.24,,/en/guidelines
/medicare/payment/fee-schedules/dmepos/dmepos-fee-schedule,3176,cms.gov,,,8281,99.24,,/medicare/payment/fee-schedules/dmepos...
/openfema-data-page/disaster-declarations-summaries-v2,3143,fema.gov,,,8282,99.24,,/openfema-data-page/disaster-declarati...
/s/article/refuse-unwanted-mail-and-remove-name-from-mailing-lists,3143,faq.usps.com,,,8283,99.24,,/s/article/refuse-unwanted-mail-and-re...
/climatechange-science/causes-climate-change,3143,epa.gov,,,8284,99.24,,/climatechange-science/causes-climate-...
/envirofacts/uv/search,3143,enviro.epa.gov,,,8285,99.24,,/envirofacts/uv/search
/about/news/press-release/us-department-of-education-announces-next-steps-borrowers-enrolled-unlawful-save-plan,3143,ed.gov,,,8286,99.24,,/about/news/press-release/us-departmen...
/earthquakes/eventpage/ci41459312/map,3143,earthquake.usgs.gov,,,8287,99.25,,/earthquakes/eventpage/ci41459312/map
/help/faqs,3143,disasterassistance.gov,,,8288,99.25,,/help/faqs
/pressroom/article/4391719/2026-military-pay-tables-on-dfas-website/,3143,dfas.mil,,,8289,99.25,,/pressroom/article/4391719/2026-milita...
/projects/cryptographic-algorithm-validation-program/details,3143,csrc.nist.gov,,,8290,99.25,,/projects/cryptographic-algorithm-vali...
/dailyburialschedule/,3143,cem.va.gov,,,8291,99.25,,/dailyburialschedule/
/marketplace/about/oversight/other-insurance-protections/prescription-drug-data-collection-rxdc,3143,cms.gov,,,8292,99.25,,/marketplace/about/oversight/other-ins...
/ask-cfpb/where-can-i-get-my-credit-scores-en-316/,3143,consumerfinance.gov,,,8293,99.25,,/ask-cfpb/where-can-i-get-my-credit-sc...
/recalls/2026/evlwzl-and-gunugu-mattresses-recalled-due-to-risk-of-serious-injury-or-death-from-fire-hazard-violates-mandatory-standard-for-mattress-flammability,3143,cpsc.gov,,,8294,99.25,,/recalls/2026/evlwzl-and-gunugu-mattre...
/IVApp/IVApp/review/review_reviewFamily.aspx,3143,ceac.state.gov,,,8295,99.26,,/IVApp/IVApp/review/review_reviewFamil...
/IVApp/IVApp/complete/complete_securityandbackground1.aspx,3143,ceac.state.gov,,,8296,99.26,,/IVApp/IVApp/complete/complete_securit...
/syphilis/hcp/images/index.html,3143,cdc.gov,,,8297,99.26,,/syphilis/hcp/images/index.html
/meningococcal/vaccines/index.html,3143,cdc.gov,,,8298,99.26,,/meningococcal/vaccines/index.html
/travel/us-citizens/know-before-you-go/what-expect-when-you-return,3143,cbp.gov,,,8299,99.26,,/travel/us-citizens/know-before-you-go...
/border-security/along-us-borders/smart-wall-map,3143,cbp.gov,,,8300,99.26,,/border-security/along-us-borders/smar...
/id/581247254,3143,catalog.archives.gov,,,8301,99.26,,/id/581247254
/s/career-paths/ofo,3143,careers.cbp.gov,,,8302,99.26,,/s/career-paths/ofo
/toolkit/training/find-local-training-detail.aspx,3143,careeronestop.org,,,8303,99.27,,/toolkit/training/find-local-training-...
/ooh/management/home.htm,3143,bls.gov,,,8304,99.27,,/ooh/management/home.htm
/oes/2023/may/oes_stru.htm,3143,bls.gov,,,8305,99.27,,/oes/2023/may/oes_stru.htm
/benefits/applying.asp,3143,benefits.va.gov,,,8306,99.27,,/benefits/applying.asp
/apod/ap250302.html,3143,apod.nasa.gov,,,8307,99.27,,/apod/ap250302.html
/apod/ap250125.html,3143,apod.nasa.gov,,,8308,99.27,,/apod/ap250125.html
/apod/ap241214.html,3143,apod.nasa.gov,,,8309,99.27,,/apod/ap241214.html
/apod/ap240101.html,3143,apod.nasa.gov,,,8310,99.27,,/apod/ap240101.html
/businesses/small-businesses-self-employed/a-z-index-for-business,3143,irs.gov,,,8311,99.27,,/businesses/small-businesses-self-empl...
/refuge/rocky-mountain-arsenal,3143,fws.gov,,,8312,99.28,,/refuge/rocky-mountain-arsenal
/mission/about-us,3143,fmcsa.dot.gov,,,8313,99.28,,/mission/about-us
/amc-travel-site/terminals/pacom-terminals/yokota-ab-passenger-terminal/,3143,amc.af.mil,,,8314,99.28,,/amc-travel-site/terminals/pacom-termi...
/scripts/medwatch/index.cfm,3143,accessdata.fda.gov,,,8315,99.28,,/scripts/medwatch/index.cfm
/far-overhaul/far-part-deviation-guide/far-overhaul-part-16,3143,acquisition.gov,,,8316,99.28,,/far-overhaul/far-part-deviation-guide...
/library/,3143,airuniversity.af.edu,,,8317,99.28,,/library/
/taxtopics/tc161,3143,irs.gov,,,8318,99.28,,/taxtopics/tc161
/servlet/singlerpt/singlerpt;jsessionid=a855eb93a28637cda86132e6d4fb8ac7,3143,itis.gov,,,8319,99.28,,/servlet/singlerpt/singlerpt;jsessioni...
/crt/fair-housing-act-1,3143,justice.gov,,,8320,99.29,,/crt/fair-housing-act-1
/vpv404/epstein/files/dataset 8/efta00024813.mp4,3143,justice.gov,,,8321,99.29,,/vpv404/epstein/files/dataset 8/efta00...
/basics/forms-publications-mailings/forms/enrollment,3143,medicare.gov,,,8322,99.29,,/basics/forms-publications-mailings/fo...
/care-compare/details/dialysis-facility/442573,3143,medicare.gov,,,8323,99.29,,/care-compare/details/dialysis-facilit...
/ency/patientinstructions/000835.htm,3143,medlineplus.gov,,,8324,99.29,,/ency/patientinstructions/000835.htm
/spanish/diabeticdiet.html,3143,medlineplus.gov,,,8325,99.29,,/spanish/diabeticdiet.html
/s/research-map,3143,mlrs.blm.gov,,,8326,99.29,,/s/research-map
/blogs/spacestation/2026/05/04/crew-works-advanced-radio-frequency-quantum-physics-and-health-tech/,3143,nasa.gov,,,8327,99.29,,/blogs/spacestation/2026/05/04/crew-wo...
/humans-in-space/destinations/,3143,nasa.gov,,,8328,99.3,,/humans-in-space/destinations/
/people/christina-koch/,3143,nasa.gov,,,8329,99.3,,/people/christina-koch/
/press-office/news-stories/display-news/article/4476509/texas-returns-from-deployment/,3143,navy.mil,,,8330,99.3,,/press-office/news-stories/display-new...
/books/nbk21054/,3143,ncbi.nlm.nih.gov,,,8331,99.3,,/books/nbk21054/
/nuccore/advanced,3143,ncbi.nlm.nih.gov,,,8332,99.3,,/nuccore/advanced
/research-topics,3143,nida.nih.gov,,,8333,99.3,,/research-topics
/about/departments/intelligence-surveillance-and-reconnaissance/marine-mammal-program/,3143,niwcpacific.navy.mil,,,8334,99.3,,/about/departments/intelligence-survei...
/yose/planyourvisit/publictransportation.htm,3143,nps.gov,,,8335,99.3,,/yose/planyourvisit/publictransportati...
/contact/find-a-service-center,3143,nrcs.usda.gov,,,8336,99.31,,/contact/find-a-service-center
/services/trm/trmredirectpage.aspx,3143,oit.va.gov,,,8337,99.31,,/services/trm/trmredirectpage.aspx
/laws-regs/regulations/standardnumber/1910/1910.178,3143,osha.gov,,,8338,99.31,,/laws-regs/regulations/standardnumber/...
/public/form/entry/101/1820857221/,3143,pay.gov,,,8339,99.31,,/public/form/entry/101/1820857221/
/public/form/start/1108678664,3143,pay.gov,,,8340,99.31,,/public/form/start/1108678664
/public/form/start/25987221/,3143,pay.gov,,,8341,99.31,,/public/form/start/25987221/
/articles/pmc3617436/,3143,pmc.ncbi.nlm.nih.gov,,,8342,99.31,,/articles/pmc3617436/
/es/businesses/small-businesses-self-employed/get-an-employer-identification-number,3143,irs.gov,,,8343,99.31,,/es/businesses/small-businesses-self-e...
/nihdatabook/report/267,3143,report.nih.gov,,,8344,99.31,,/nihdatabook/report/267
/content/travel/en/international-travel/international-travel-country-information-pages/australia.html,3143,travel.state.gov,,,8345,99.32,,/content/travel/en/international-trave...
/trade-search,3143,trade.gov,,,8346,99.32,,/trade-search
/gettingcare/referralspreauth,3143,tricare.mil,,,8347,99.32,,/gettingcare/referralspreauth
/applicant/application/847039500/continue/,3143,usajobs.gov,,,8348,99.32,,/applicant/application/847039500/conti...
/job/867696700,3143,usajobs.gov,,,8349,99.32,,/job/867696700
/content/travel/en/passports/get-fast/passport-agencies/chicago.html,3143,travel.state.gov,,,8350,99.32,,/content/travel/en/passports/get-fast/...
/green-card/green-card-processes-and-procedures/consular-processing,3143,uscis.gov,,,8351,99.32,,/green-card/green-card-processes-and-p...
/i-9-central/completing-form-i-9/completing-section-2-employer-review-and-attestation,3143,uscis.gov,,,8352,99.32,,/i-9-central/completing-form-i-9/compl...
/news/news-stories/article/article/3965403/dod-examining-unidentified-anomalous-phenomena/,3143,war.gov,,,8353,99.33,,/news/news-stories/article/article/396...
/n-648,3143,uscis.gov,,,8354,99.33,,/n-648
/crp/,3143,weather.gov,,,8355,99.33,,/crp/
/my-health/medical-records/allergies,3143,www.va.gov,,,8356,99.33,,/my-health/medical-records/allergies
/Multimedia/Photo-Collections/20051/week-in-photos,3143,www.war.gov,,,8357,99.33,,/Multimedia/Photo-Collections/20051/we...
/travel/destinations/traveler/none/thailand,3143,wwwnc.cdc.gov,,,8358,99.33,,/travel/destinations/traveler/none/tha...
/government-entities/tax-implications-of-settlements-and-judgments,3143,irs.gov,,,8359,99.33,,/government-entities/tax-implications-...
/es/payments/online-account-for-individuals-frequently-asked-questions,3143,irs.gov,,,8360,99.33,,/es/payments/online-account-for-indivi...
/filing/gather-your-documents,3143,irs.gov,,,8361,99.34,,/filing/gather-your-documents
/forms-pubs/about-form-8802,3143,irs.gov,,,8362,99.34,,/forms-pubs/about-form-8802
/publications/p946,3143,irs.gov,,,8363,99.34,,/publications/p946
/instructions/i2848,3143,irs.gov,,,8364,99.34,,/instructions/i2848
/scripts/cder/iig/index.cfm,3109,accessdata.fda.gov,,,8365,99.34,,/scripts/cder/iig/index.cfm
/apod/ap250527.html,3109,apod.nasa.gov,,,8366,99.34,,/apod/ap250527.html
/personnel-records-center,3109,archives.gov,,,8367,99.34,,/personnel-records-center
/research/african-americans/vote,3109,archives.gov,,,8368,99.34,,/research/african-americans/vote
/ooh/education-training-and-library/postsecondary-teachers.htm,3109,bls.gov,,,8369,99.34,,/ooh/education-training-and-library/po...
/tobacco/campaign/tips/diseases/depression-anxiety.html,3109,cdc.gov,,,8370,99.35,,/tobacco/campaign/tips/diseases/depres...
/vaccine-safety/vaccines/hpv.html,3109,cdc.gov,,,8371,99.35,,/vaccine-safety/vaccines/hpv.html
/quickfacts/fact/table/stpaulcityminnesota/pst045224,3109,census.gov,,,8372,99.35,,/quickfacts/fact/table/stpaulcityminne...
/en/passport-wizard/,3109,common.usembassy.gov,,,8373,99.35,,/en/passport-wizard/
/working-with-dla/applications/details/article/2920893/cage-code-commercial-and-government-entity-code/,3109,dla.mil,,,8374,99.35,,/working-with-dla/applications/details...
/scripts/cder/drls/,3109,accessdata.fda.gov,,,8375,99.35,,/scripts/cder/drls/
/far-overhaul/far-part-deviation-guide/far-overhaul-part-6,3109,acquisition.gov,,,8376,99.35,,/far-overhaul/far-part-deviation-guide...
/en-mx/iv,3109,ais.usvisa-info.com,,,8377,99.35,,/en-mx/iv
/pt-br/niv/reset,3109,ais.usvisa-info.com,,,8378,99.36,,/pt-br/niv/reset
/apod/ap241011.html,3109,apod.nasa.gov,,,8379,99.36,,/apod/ap241011.html
/apod/ap250314.html,3109,apod.nasa.gov,,,8380,99.36,,/apod/ap250314.html
/apod/ap250322.html,3109,apod.nasa.gov,,,8381,99.36,,/apod/ap250322.html
/contact_details/evergreen-search-mail/,3109,uspsdelivers.com,,,8382,99.36,,/contact_details/evergreen-search-mail...
/vpv404/scheduler.,3109,usps.com,,,8383,99.36,,/vpv404/scheduler.
/working-in-the-united-states/students-and-exchange-visitors/students-and-employment,3109,uscis.gov,,,8384,99.36,,/working-in-the-united-states/students...
/uscis-lockbox-filing-locations-chart,3109,uscis.gov,,,8385,99.36,,/uscis-lockbox-filing-locations-chart
/bmx,3109,weather.gov,,,8386,99.36,,/bmx
/questions-comments/,3109,waterdata.usgs.gov,,,8387,99.37,,/questions-comments/
/ae/en/,3109,ustraveldocs.com,,,8388,99.37,,/ae/en/
/page/teas-help,3109,uspto.gov,,,8389,99.37,,/page/teas-help
/green-card/green-card-processes-and-procedures/travel-documents,3109,uscis.gov,,,8390,99.37,,/green-card/green-card-processes-and-p...
/travel/plan-a-trip/per-diem-rates/faqs,3109,gsa.gov,,,8391,99.37,,/travel/plan-a-trip/per-diem-rates/faq...
/buy-through-us,3109,gsa.gov,,,8392,99.37,,/buy-through-us
/data_and_reports/disclosure_data/pages/datadownload_bulk.aspx,3109,ginniemae.gov,,,8393,99.37,,/data_and_reports/disclosure_data/page...
/resources/disaster-recovery/supplemental-disaster-relief-program-sdrp,3109,fsa.usda.gov,,,8394,99.37,,/resources/disaster-recovery/supplemen...
/r04/uinta-wasatch-cache/recreation,3109,fs.usda.gov,,,8395,99.38,,/r04/uinta-wasatch-cache/recreation
/regulations/medical/medical-examiners-certificate-commercial-driver-medical-certification,3109,fmcsa.dot.gov,,,8396,99.38,,/regulations/medical/medical-examiners...
/npspub/pub_cmn_login/index_live.jsp,3109,fisheriespermits.noaa.gov,,,8397,99.38,,/npspub/pub_cmn_login/index_live.jsp
/datasets/debt-to-the-penny/,3109,fiscaldata.treasury.gov,,,8398,99.38,,/datasets/debt-to-the-penny/
/presidential-documents/executive-orders/donald-trump/2026,3109,federalregister.gov,,,8399,99.38,,/presidential-documents/executive-orde...
/documents/2026/04/06/2026-06616/medicare-program-delayed-implementation-of-certain-prior-authorization-for-select-services-for-the,3109,federalregister.gov,,,8400,99.38,,/documents/2026/04/06/2026-06616/medic...
/medical-devices/device-advice-comprehensive-regulatory-assistance/medical-device-databases,3109,fda.gov,,,8401,99.38,,/medical-devices/device-advice-compreh...
/wanted/kidnap/karlie-lain-guse,3109,fbi.gov,,,8402,99.38,,/wanted/kidnap/karlie-lain-guse
/how-we-can-help-you/victim-services/national-crimes-and-victim-resources/cryptocurrency-investment-fraud,3109,fbi.gov,,,8403,99.39,,/how-we-can-help-you/victim-services/n...
/file-repository/cjis/fd-258.pdf/view,3109,fbi.gov,,,8404,99.39,,/file-repository/cjis/fd-258.pdf/view
/cmei/systems/how-do-wind-turbines-work,3109,energy.gov,,,8405,99.39,,/cmei/systems/how-do-wind-turbines-wor...
/about/news/press-release/myth-vs-fact-definition-of-professional-degrees,3109,ed.gov,,,8406,99.39,,/about/news/press-release/myth-vs-fact...
/articles/pmc2832581/,3109,pmc.ncbi.nlm.nih.gov,,,8407,99.39,,/articles/pmc2832581/
/articles/pmc10490034/,3109,pmc.ncbi.nlm.nih.gov,,,8408,99.39,,/articles/pmc10490034/
/retirement-center/calculators/federal-ball-park-estimator/bpinvas.html,3109,opm.gov,,,8409,99.39,,/retirement-center/calculators/federal...
/press-releases,3109,ofac.treasury.gov,,,8410,99.39,,/press-releases
/research-topics/cocaine,3109,nida.nih.gov,,,8411,99.39,,/research-topics/cocaine
/access,3109,ncei.noaa.gov,,,8412,99.4,,/access
/guide/proteins/,3109,ncbi.nlm.nih.gov,,,8413,99.4,,/guide/proteins/
/news/media-contacts/,3109,nasa.gov,,,8414,99.4,,/news/media-contacts/
/image-detail/amf-art002e016354/,3109,nasa.gov,,,8415,99.4,,/image-detail/amf-art002e016354/
/self-lock,3109,myeverify.uscis.gov,,,8416,99.4,,/self-lock
/es/visitando-la-embajada-y-los-consulados/,3109,mx.usembassy.gov,,,8417,99.4,,/es/visitando-la-embajada-y-los-consul...
/lab-tests/liver-function-tests/,3109,medlineplus.gov,,,8418,99.4,,/lab-tests/liver-function-tests/
/policy/how-does-it-work/,3109,login.gov,,,8419,99.4,,/policy/how-does-it-work/
/site-index-date-search,3109,irs.gov,,,8420,99.41,,/site-index-date-search
/privacy-disclosure/tax-code-regulations-and-official-guidance,3109,irs.gov,,,8421,99.41,,/privacy-disclosure/tax-code-regulatio...
/forms-pubs/about-publication-505,3109,irs.gov,,,8422,99.41,,/forms-pubs/about-publication-505
/forms/filing-fees/poverty-guidelines,3109,uscis.gov,,,8423,99.41,,/forms/filing-fees/poverty-guidelines
/postal-service-complaints,3109,usa.gov,,,8424,99.41,,/postal-service-complaints
/find-polling-place,3109,usa.gov,,,8425,99.41,,/find-polling-place
/app/proofOfCitizenship,3109,tsaprecheckbytelos.tsa.dhs.gov,,,8426,99.41,,/app/proofOfCitizenship
/gettingcare/finddoctor/changepcm,3109,tricare.mil,,,8427,99.41,,/gettingcare/finddoctor/changepcm
/help-center/answers/article/what-is-sai,3109,studentaid.gov,,,8428,99.41,,/help-center/answers/article/what-is-s...
/help-center/,3109,studentaid.gov,,,8429,99.42,,/help-center/
/store/product/lunar-new-year-year-of-the-horse-stamps-s_487904,3109,store.usps.com,,,8430,99.42,,/store/product/lunar-new-year-year-of-...
/work/,3109,ssa.gov,,,8431,99.42,,/work/
/ords/sfdw_pub/r/sfdw/cwns_pub/areas-related-to-needs,3109,sdwis.epa.gov,,,8432,99.42,,/ords/sfdw_pub/r/sfdw/cwns_pub/areas-r...
/reports/ei/static,3109,sam.gov,,,8433,99.42,,/reports/ei/static
/entreg/secure/changepasswordaction,3109,reg.usps.com,,,8434,99.42,,/entreg/secure/changepasswordaction
/patent/us-2025127870-a1,3109,pubchem.ncbi.nlm.nih.gov,,,8435,99.42,,/patent/us-2025127870-a1
/myportal/view-profile,3109,portal.cms.gov,,,8436,99.42,,/myportal/view-profile
/articles/pmc6457665/,3109,pmc.ncbi.nlm.nih.gov,,,8437,99.43,,/articles/pmc6457665/
/articles/pmc3621648/,3109,pmc.ncbi.nlm.nih.gov,,,8438,99.43,,/articles/pmc3621648/
/eid/,3109,wwwnc.cdc.gov,,,8439,99.43,,/eid/
/ebuy/seller/active-quotes,3109,www.ebuy.gsa.gov,,,8440,99.43,,/ebuy/seller/active-quotes
/hudclips/forms,3109,www.hud.gov,,,8441,99.43,,/hudclips/forms
/records/request-personal-records-form-20-10206/additional-records-information,3109,www.va.gov,,,8442,99.43,,/records/request-personal-records-form...
/s/article/what-is-the-usps-mail-recovery-center,3076,faq.usps.com,,,8443,99.43,,/s/article/what-is-the-usps-mail-recov...
/s/article/self-service-kiosks,3076,faq.usps.com,,,8444,99.43,,/s/article/self-service-kiosks
/research-states/epa-research-partner-support-story-genx-pfas-contamination-cape-fear-river,3076,epa.gov,,,8445,99.43,,/research-states/epa-research-partner-...
/working-with-dla/applications/fedmall/,3076,dla.mil,,,8446,99.44,,/working-with-dla/applications/fedmall...
/mypayinfo/mypayloginassistance/,3076,dfas.mil,,,8447,99.44,,/mypayinfo/mypayloginassistance/
/debtandclaims/,3076,dfas.mil,,,8448,99.44,,/debtandclaims/
/medicare/coverage/preventive-services/medicare-wellness-visits/annual-wellness-visit,3076,cms.gov,,,8449,99.44,,/medicare/coverage/preventive-services...
/burial-memorial-benefits/,3076,cem.va.gov,,,8450,99.44,,/burial-memorial-benefits/
/spanish/ency/article/007504.htm,3076,medlineplus.gov,,,8451,99.44,,/spanish/ency/article/007504.htm
/spanish/ency/article/000655.htm,3076,medlineplus.gov,,,8452,99.44,,/spanish/ency/article/000655.htm
/lab-tests/total-protein-and-albumin-globulin-a-g-ratio/,3076,medlineplus.gov,,,8453,99.44,,/lab-tests/total-protein-and-albumin-g...
/ency/article/000468.htm,3076,medlineplus.gov,,,8454,99.45,,/ency/article/000468.htm
/deposit/,3076,ssa.gov,,,8455,99.45,,/deposit/
/disclosure/story.html,3076,securityawareness.dcsa.mil,,,8456,99.45,,/disclosure/story.html
/reagans/reagan-administration/reagan-presidency,3076,reaganlibrary.gov,,,8457,99.45,,/reagans/reagan-administration/reagan-...
/38498508/,3076,pubmed.ncbi.nlm.nih.gov,,,8458,99.45,,/38498508/
/newsroom/how-taxpayers-can-check-the-status-of-their-federal-tax-refund,3076,irs.gov,,,8459,99.45,,/newsroom/how-taxpayers-can-check-the-...
/forms-pubs/accessible-irs-tax-products,3076,irs.gov,,,8460,99.45,,/forms-pubs/accessible-irs-tax-product...
/forms-pubs/about-form-990-ez,3076,irs.gov,,,8461,99.45,,/forms-pubs/about-form-990-ez
/faqs/estimated-tax,3076,irs.gov,,,8462,99.45,,/faqs/estimated-tax
/sectors/sectorweek.php,3076,graphical.weather.gov,,,8463,99.46,,/sectors/sectorweek.php
/hipaa/filing-a-complaint/index.html,3076,hhs.gov,,,8464,99.46,,/hipaa/filing-a-complaint/index.html
/psa/2026/psa260407,3076,ic3.gov,,,8465,99.46,,/psa/2026/psa260407
/login.jsp,3076,iqrs.npdb.hrsa.gov,,,8466,99.46,,/login.jsp
/wanted/wcc/mary-carole-mcdonnell,3076,fbi.gov,,,8467,99.46,,/wanted/wcc/mary-carole-mcdonnell
/medical-devices/510k-clearances/search-releasable-510k-database,3076,fda.gov,,,8468,99.46,,/medical-devices/510k-clearances/searc...
/species/killer-whale,3076,fisheries.noaa.gov,,,8469,99.46,,/species/killer-whale
/tn/myplate,3076,fns.usda.gov,,,8470,99.46,,/tn/myplate
/jetstream/atmosphere,3076,noaa.gov,,,8471,99.47,,/jetstream/atmosphere
/bsd/uniform_requirements.html,3076,nlm.nih.gov,,,8472,99.47,,/bsd/uniform_requirements.html
/health/publications/depression,3076,nimh.nih.gov,,,8473,99.47,,/health/publications/depression
/health-info/fever-blisters-canker-sores,3076,nidcr.nih.gov,,,8474,99.47,,/health-info/fever-blisters-canker-sor...
/articles/pmc4149902/,3076,pmc.ncbi.nlm.nih.gov,,,8475,99.47,,/articles/pmc4149902/
/articles/pmc1784540/,3076,pmc.ncbi.nlm.nih.gov,,,8476,99.47,,/articles/pmc1784540/
/articles/pmc11899917/,3076,pmc.ncbi.nlm.nih.gov,,,8477,99.47,,/articles/pmc11899917/
/olym/planyourvisit/index.htm,3076,nps.gov,,,8478,99.47,,/olym/planyourvisit/index.htm
/health-professionals-communities/core-resource-on-alcohol/basics-defining-how-much-alcohol-too-much,3076,niaaa.nih.gov,,,8479,99.47,,/health-professionals-communities/core...
/navy-personnel-command/,3076,mynavyhr.navy.mil,,,8480,99.48,,/navy-personnel-command/
/appointmentscheduler-appointment/ca/en/dates,3076,my.uscis.gov,,,8481,99.48,,/appointmentscheduler-appointment/ca/e...
//data_stats/download_data_files_codebook.jsp,3076,meps.ahrq.gov,,,8482,99.48,,//data_stats/download_data_files_codeb...
/records/request-personal-records-form-20-10206/associated-va-regional-office,3076,www.va.gov,,,8483,99.48,,/records/request-personal-records-form...
/health-care/order-hearing-aid-or-CPAP-supplies-form/introduction,3076,www.va.gov,,,8484,99.48,,/health-care/order-hearing-aid-or-CPAP...
/disability/file-disability-claim-form-21-526ez/toxic-exposure/additional-exposure-summary,3076,www.va.gov,,,8485,99.48,,/disability/file-disability-claim-form...
/records/request-personal-records-form-20-10206/review-and-submit,3076,www.va.gov,,,8486,99.48,,/records/request-personal-records-form...
/travel/security-screening/whatcanibring/household-and-tools,3076,tsa.gov,,,8487,99.48,,/travel/security-screening/whatcanibri...
/pn/hydromet/burtea.html,3076,usbr.gov,,,8488,99.49,,/pn/hydromet/burtea.html
/nfa/courses/,3076,usfa.fema.gov,,,8489,99.49,,/nfa/courses/
/learning-and-resources/support-centers/patents-ombuds-office,3076,uspto.gov,,,8490,99.49,,/learning-and-resources/support-center...
/forms/10091/,3076,va.gov,,,8491,99.49,,/forms/10091/
/resources/eligibility-for-community-care-outside-va/,3076,va.gov,,,8492,99.49,,/resources/eligibility-for-community-c...
/monitoring-location/usgs-03336645/,3076,waterdata.usgs.gov,,,8493,99.49,,/monitoring-location/usgs-03336645/
/fire/,3076,weather.gov,,,8494,99.49,,/fire/
/eligibility/affiliation-dashboard,3076,www.benefeds.gov,,,8495,99.49,,/eligibility/affiliation-dashboard
/loan-simulator/repayment/results/plan/(resultsPanel:assumptions-panel//infoPanel:contact-us-panel),3076,studentaid.gov,,,8496,99.49,,/loan-simulator/repayment/results/plan...
/store/stamps/love-wedding/_/n-8nn5mk,3076,store.usps.com,,,8497,99.5,,/store/stamps/love-wedding/_/n-8nn5mk
/gringlobal/taxon/taxonomyspecieslist,3076,training.ars-grin.gov,,,8498,99.5,,/gringlobal/taxon/taxonomyspecieslist
/vaccines/by-disease/index.html,3076,cdc.gov,,,8499,99.5,,/vaccines/by-disease/index.html
/rocky-mountain-spotted-fever/about/index.html,3076,cdc.gov,,,8500,99.5,,/rocky-mountain-spotted-fever/about/in...
/iis/contacts-locate-records/index.html,3076,cdc.gov,,,8501,99.5,,/iis/contacts-locate-records/index.htm...
/covid/prevention/index.html,3076,cdc.gov,,,8502,99.5,,/covid/prevention/index.html
/covid/,3076,cdc.gov,,,8503,99.5,,/covid/
/travel/trusted-traveler-programs/sentri/how-apply-sentri,3076,cbp.gov,,,8504,99.5,,/travel/trusted-traveler-programs/sent...
/travel/international-visitors/i-94/traveler-compliance,3076,cbp.gov,,,8505,99.51,,/travel/international-visitors/i-94/tr...
/how-we-can-help-you/students,3076,fbi.gov,,,8506,99.51,,/how-we-can-help-you/students
/cgi-bin/data_display_inv_v3,3076,aeronet.gsfc.nasa.gov,,,8507,99.51,,/cgi-bin/data_display_inv_v3
/en-gb/niv/signup,3076,ais.usvisa-info.com,,,8508,99.51,,/en-gb/niv/signup
/apod/ap241218.html,3076,apod.nasa.gov,,,8509,99.51,,/apod/ap241218.html
/workforce-shortage-areas/shortage-designation,3076,bhw.hrsa.gov,,,8510,99.51,,/workforce-shortage-areas/shortage-des...
/data/industries/gross-output-by-industry,3076,bea.gov,,,8511,99.51,,/data/industries/gross-output-by-indus...
/productmaps/pubform/armydir.aspx,3076,armypubs.army.mil,,,8512,99.51,,/productmaps/pubform/armydir.aspx
/milestone-documents/plessy-v-ferguson,3076,archives.gov,,,8513,99.51,,/milestone-documents/plessy-v-ferguson
/exhibits/powers-of-persuasion,3076,archives.gov,,,8514,99.52,,/exhibits/powers-of-persuasion
/apod/ap250328.html,3076,apod.nasa.gov,,,8515,99.52,,/apod/ap250328.html
/apod/ap250210.html,3076,apod.nasa.gov,,,8516,99.52,,/apod/ap250210.html
/apod/ap241226.html,3076,apod.nasa.gov,,,8517,99.52,,/apod/ap241226.html
/apod/ap241223.html,3076,apod.nasa.gov,,,8518,99.52,,/apod/ap241223.html
/resources/directives/handbooks,3043,rd.usda.gov,,,8519,99.52,,/resources/directives/handbooks
/articles/pmc9371461/,3043,pmc.ncbi.nlm.nih.gov,,,8520,99.52,,/articles/pmc9371461/
/articles/pmc12970049/,3043,pmc.ncbi.nlm.nih.gov,,,8521,99.52,,/articles/pmc12970049/
/articles/pmc12902307/,3043,pmc.ncbi.nlm.nih.gov,,,8522,99.53,,/articles/pmc12902307/
/articles/pmc12257069/,3043,pmc.ncbi.nlm.nih.gov,,,8523,99.53,,/articles/pmc12257069/
/articles/pmc11796567/,3043,pmc.ncbi.nlm.nih.gov,,,8524,99.53,,/articles/pmc11796567/
/articles/pmc11790292/,3043,pmc.ncbi.nlm.nih.gov,,,8525,99.53,,/articles/pmc11790292/
/earthquakes/eventpage/ci41459312,3043,earthquake.usgs.gov,,,8526,99.53,,/earthquakes/eventpage/ci41459312
/general/topics/posters,3043,dol.gov,,,8527,99.53,,/general/topics/posters
/priorities/innovation/overview,3043,cms.gov,,,8528,99.53,,/priorities/innovation/overview
/services/cmgds-dataset.php,3043,cmgds.marine.usgs.gov,,,8529,99.53,,/services/cmgds-dataset.php
/secure-our-world/use-strong-passwords,3043,cisa.gov,,,8530,99.53,,/secure-our-world/use-strong-passwords
/data/developers.html,3043,census.gov,,,8531,99.54,,/data/developers.html
/training/elearning/if141-resources/,3043,cdse.edu,,,8532,99.54,,/training/elearning/if141-resources/
/tobacco/e-cigarettes/index.html,3043,cdc.gov,,,8533,99.54,,/tobacco/e-cigarettes/index.html
/id/218517905,3043,catalog.archives.gov,,,8534,99.54,,/id/218517905
/ooh/installation-maintenance-and-repair/automotive-service-technicians-and-mechanics.htm,3043,bls.gov,,,8535,99.54,,/ooh/installation-maintenance-and-repa...
/ooh/arts-and-design/craft-and-fine-artists.htm,3043,bls.gov,,,8536,99.54,,/ooh/arts-and-design/craft-and-fine-ar...
/apod/ap250603.html,3043,apod.nasa.gov,,,8537,99.54,,/apod/ap250603.html
/apod/ap250424.html,3043,apod.nasa.gov,,,8538,99.54,,/apod/ap250424.html
/es-gt/niv,3043,ais.usvisa-info.com,,,8539,99.55,,/es-gt/niv
/far-overhaul/far-part-deviation-guide/far-overhaul-part-19,3043,acquisition.gov,,,8540,99.55,,/far-overhaul/far-part-deviation-guide...
/content/regulations,3043,acquisition.gov,,,8541,99.55,,/content/regulations
/spanish/ency/article/000433.htm,3043,medlineplus.gov,,,8542,99.55,,/spanish/ency/article/000433.htm
/heartfailure.html,3043,medlineplus.gov,,,8543,99.55,,/heartfailure.html
/cholesterollevelswhatyouneedtoknow.html,3043,medlineplus.gov,,,8544,99.55,,/cholesterollevelswhatyouneedtoknow.ht...
/borrower-v3/,3043,lending.sba.gov,,,8545,99.55,,/borrower-v3/
/psn/news,3043,justice.gov,,,8546,99.55,,/psn/news
/crt/housing-cases-summary-page,3043,justice.gov,,,8547,99.55,,/crt/housing-cases-summary-page
/help/ita/are-my-social-security-or-railroad-retirement-tier-i-benefits-taxable,3043,irs.gov,,,8548,99.56,,/help/ita/are-my-social-security-or-ra...
/businesses/small-businesses-self-employed/estate-tax,3043,irs.gov,,,8549,99.56,,/businesses/small-businesses-self-empl...
/hiv-basics/overview/about-hiv-and-aids/what-are-hiv-and-aids,3043,hiv.gov,,,8550,99.56,,/hiv-basics/overview/about-hiv-and-aid...
/working-in-government/benefits,3043,help.usajobs.gov,,,8551,99.56,,/working-in-government/benefits
/es/web/nova77-stem-workshop-partner/home/news,3043,globe.gov,,,8552,99.56,,/es/web/nova77-stem-workshop-partner/h...
/about-genomics/fact-sheets/eugenics-and-scientific-racism,3043,genome.gov,,,8553,99.56,,/about-genomics/fact-sheets/eugenics-a...
/rds/archive/catalog/metrics,3043,fs.usda.gov,,,8554,99.56,,/rds/archive/catalog/metrics
/special-agents/physical-requirements/event-3,3043,fbijobs.gov,,,8555,99.56,,/special-agents/physical-requirements/...
/history/cases-and-criminals/alcatraz-escape,3043,fbi.gov,,,8556,99.56,,/history/cases-and-criminals/alcatraz-...
/religious-discrimination,3043,eeoc.gov,,,8557,99.57,,/religious-discrimination
/health-care/apply-for-health-care-form-10-10ez/insurance-information/medicare,3043,www.va.gov,,,8558,99.57,,/health-care/apply-for-health-care-for...
/states/california,3043,www.hud.gov,,,8559,99.57,,/states/california
/screener/sep/change-in-household/,3043,www.healthcare.gov,,,8560,99.57,,/screener/sep/change-in-household/
/find-local-help/results,3043,www.healthcare.gov,,,8561,99.57,,/find-local-help/results
/current/title-14/chapter-I/subchapter-C,3043,www.ecfr.gov,,,8562,99.57,,/current/title-14/chapter-I/subchapter...
/rev/,3043,weather.gov,,,8563,99.57,,/rev/
/lub/,3043,weather.gov,,,8564,99.57,,/lub/
/favorites/,3043,waterdata.usgs.gov,,,8565,99.58,,/favorites/
/indiana-health-care/locations/richard-l-roudebush-veterans-administration-medical-center/,3043,va.gov,,,8566,99.58,,/indiana-health-care/locations/richard...
/ae/en/nonimmigrant-visa,3043,ustraveldocs.com,,,8567,99.58,,/ae/en/nonimmigrant-visa
/about-federal-courts/educational-resources/educational-activities/fifth-amendment-activities/miranda-v-arizona/facts-and-case-summary-miranda-v-arizona,3043,uscourts.gov,,,8568,99.58,,/about-federal-courts/educational-reso...
/policy-manual/volume-12-part-e-chapter-2,3043,uscis.gov,,,8569,99.58,,/policy-manual/volume-12-part-e-chapte...
/newsroom/alerts,3043,uscis.gov,,,8570,99.58,,/newsroom/alerts
/job/868139100,3043,usajobs.gov,,,8571,99.58,,/job/868139100
/app/nameMatch,3043,tsaprecheckbytelos.tsa.dhs.gov,,,8572,99.58,,/app/nameMatch
/content/travel/es/pasaportes/requisitos-para-tramitar-el-pasaporte/formularios.html,3043,travel.state.gov,,,8573,99.58,,/content/travel/es/pasaportes/requisit...
/careers/engineering/,3043,nasa.gov,,,8574,99.59,,/careers/engineering/
/gallery/artemis-ii-astronauts/,3043,nasa.gov,,,8575,99.59,,/gallery/artemis-ii-astronauts/
/goddard/,3043,nasa.gov,,,8576,99.59,,/goddard/
/langley/science/personnel/,3043,nasa.gov,,,8577,99.59,,/langley/science/personnel/
/medgen,3043,ncbi.nlm.nih.gov,,,8578,99.59,,/medgen
/projects/msaviewer/,3043,ncbi.nlm.nih.gov,,,8579,99.59,,/projects/msaviewer/
/netdmr-web/protected/edit_dmr.htm,3043,netdmr.epa.gov,,,8580,99.59,,/netdmr-web/protected/edit_dmr.htm
/health/publications/the-teen-brain-7-things-to-know,3043,nimh.nih.gov,,,8581,99.59,,/health/publications/the-teen-brain-7-...
/health/publications/warning-signs-of-suicide,3043,nimh.nih.gov,,,8582,99.6,,/health/publications/warning-signs-of-...
/education/resource-collections/climate/carbon-cycle,3043,noaa.gov,,,8583,99.6,,/education/resource-collections/climat...
/yose/planyourvisit/calendar.htm,3043,nps.gov,,,8584,99.6,,/yose/planyourvisit/calendar.htm
/services-for-agencies/executive-development-programs/,3043,opm.gov,,,8585,99.6,,/services-for-agencies/executive-devel...
/personal-protective-equipment,3043,osha.gov,,,8586,99.6,,/personal-protective-equipment
/Search/Index,3043,pe.usps.com,,,8587,99.6,,/Search/Index
/important-visa-information/,3043,ph.usembassy.gov,,,8588,99.6,,/important-visa-information/
/articles/pmc10399954/,3043,pmc.ncbi.nlm.nih.gov,,,8589,99.6,,/articles/pmc10399954/
/earth/explore/wildfires-and-climate-change/,3043,science.nasa.gov,,,8590,99.6,,/earth/explore/wildfires-and-climate-c...
/ems/07_infraredwaves/,3043,science.nasa.gov,,,8591,99.61,,/ems/07_infraredwaves/
/mission/voyager/voyager-golden-record-overview/,3043,science.nasa.gov,,,8592,99.61,,/mission/voyager/voyager-golden-record...
/myaccount/lp/landing-page-i1020.html,3043,ssa.gov,,,8593,99.61,,/myaccount/lp/landing-page-i1020.html
/store/product/domestic-return-receipt-forms-p_form_3811,3043,store.usps.com,,,8594,99.61,,/store/product/domestic-return-receipt...
/notices/privacy,3043,studentaid.gov,,,8595,99.61,,/notices/privacy
/emicourses/schedules.aspx,3043,training.fema.gov,,,8596,99.61,,/emicourses/schedules.aspx
/entreg/secure/requestcodeaction_input,3043,reg.usps.com,,,8597,99.61,,/entreg/secure/requestcodeaction_input
/content/travel/en/us-visas/supplements/supplements_by_post/cdj-ciudad-juarez.html,3043,travel.state.gov,,,8598,99.61,,/content/travel/en/us-visas/supplement...
/disability/eligibility/hazardous-materials-exposure/specific-environmental-hazards/,3009,va.gov,,,8599,99.61,,/disability/eligibility/hazardous-mate...
/job-opportunities-in-ho-chi-minh/,3009,vn.usembassy.gov,,,8600,99.62,,/job-opportunities-in-ho-chi-minh/
/welcome-kit/,3009,va.gov,,,8601,99.62,,/welcome-kit/
/lmrfc/obsfcst_mississippi,3009,weather.gov,,,8602,99.62,,/lmrfc/obsfcst_mississippi
/wpc_ensemble_clusters/day_3_9_plus_esa/view.php,3009,wpc.ncep.noaa.gov,,,8603,99.62,,/wpc_ensemble_clusters/day_3_9_plus_es...
/records/request-personal-records-form-20-10206/confirmation,3009,www.va.gov,,,8604,99.62,,/records/request-personal-records-form...
/car/,3009,weather.gov,,,8605,99.62,,/car/
/earth/earth-observatory/global-maps/cloud-fraction/,3009,science.nasa.gov,,,8606,99.62,,/earth/earth-observatory/global-maps/c...
/project,3009,search.earthdata.nasa.gov,,,8607,99.62,,/project
/atmosphere/en/,3009,spaceplace.nasa.gov,,,8608,99.63,,/atmosphere/en/
/disability/restart,3009,ssa.gov,,,8609,99.63,,/disability/restart
/borrower-defense/application/borrower,3009,studentaid.gov,,,8610,99.63,,/borrower-defense/application/borrower
/feedback-center/complaint/step-1/about,3009,studentaid.gov,,,8611,99.63,,/feedback-center/complaint/step-1/abou...
/resources/prepare-for-college/students/choosing-schools,3009,studentaid.gov,,,8612,99.63,,/resources/prepare-for-college/student...
/teach-initial-and-subsequent-counseling,3009,studentaid.gov,,,8613,99.63,,/teach-initial-and-subsequent-counseli...
/content/travel/en/international-travel/international-travel-country-information-pages/philippines.html,3009,travel.state.gov,,,8614,99.63,,/content/travel/en/international-trave...
/content/travel/en/us-visas/visa-information-resources/imbra.html,3009,travel.state.gov,,,8615,99.63,,/content/travel/en/us-visas/visa-infor...
/photographs/order,3009,trumanlibrary.gov,,,8616,99.63,,/photographs/order
/access-your-account/troubleshoot-account-access/,3009,tsp.gov,,,8617,99.64,,/access-your-account/troubleshoot-acco...
/was-tax-return-received,3009,usa.gov,,,8618,99.64,,/was-tax-return-received
/what-is-social-security,3009,usa.gov,,,8619,99.64,,/what-is-social-security
/job/867909700,3009,usajobs.gov,,,8620,99.64,,/job/867909700
/certain-vawa-t-u-filing-locations,3009,uscis.gov,,,8621,99.64,,/certain-vawa-t-u-filing-locations
/ocean-coasts,3009,noaa.gov,,,8622,99.64,,/ocean-coasts
/band/index.htm,3009,nps.gov,,,8623,99.64,,/band/index.htm
/civilwar/facts.htm,3009,nps.gov,,,8624,99.64,,/civilwar/facts.htm
/deto/index.htm,3009,nps.gov,,,8625,99.64,,/deto/index.htm
/olym/planyourvisit/visiting-the-hoh.htm,3009,nps.gov,,,8626,99.65,,/olym/planyourvisit/visiting-the-hoh.h...
/romo/planyourvisit/all-about-weather.htm,3009,nps.gov,,,8627,99.65,,/romo/planyourvisit/all-about-weather....
/yell/planyourvisit/situationreport.htm,3009,nps.gov,,,8628,99.65,,/yell/planyourvisit/situationreport.ht...
/funding/initiatives/reu/search,3009,nsf.gov,,,8629,99.65,,/funding/initiatives/reu/search
/articles/pmc10275467/,3009,pmc.ncbi.nlm.nih.gov,,,8630,99.65,,/articles/pmc10275467/
/articles/pmc10924985/,3009,pmc.ncbi.nlm.nih.gov,,,8631,99.65,,/articles/pmc10924985/
/articles/pmc7098532/,3009,pmc.ncbi.nlm.nih.gov,,,8632,99.65,,/articles/pmc7098532/
/articles/pmc9161156/,3009,pmc.ncbi.nlm.nih.gov,,,8633,99.65,,/articles/pmc9161156/
/entreg/accountrecoveryhelpaction_input,3009,reg.usps.com,,,8634,99.66,,/entreg/accountrecoveryhelpaction_inpu...
/forgot,3009,reg.usps.com,,,8635,99.66,,/forgot
/workspace/em/entities/register,3009,sam.gov,,,8636,99.66,,/workspace/em/entities/register
/documents,3009,sba.gov,,,8637,99.66,,/documents
/individuals/understanding-your-cp23-notice,3009,irs.gov,,,8638,99.66,,/individuals/understanding-your-cp23-n...
/filing/where-to-file-your-taxes-for-form-941,3009,irs.gov,,,8639,99.66,,/filing/where-to-file-your-taxes-for-f...
/steps,3009,identitytheft.gov,,,8640,99.66,,/steps
/hsi,3009,ice.gov,,,8641,99.66,,/hsi
/news/press-releases/sb0489,3009,home.treasury.gov,,,8642,99.66,,/news/press-releases/sb0489
/hipaa/for-professionals/privacy/index.html,3009,hhs.gov,,,8643,99.67,,/hipaa/for-professionals/privacy/index...
/tms/administrators/,3009,hcsc.va.gov,,,8644,99.67,,/tms/administrators/
/buy-through-us/purchasing-programs/requisition-programs/gsa-global-supply,3009,gsa.gov,,,8645,99.67,,/buy-through-us/purchasing-programs/re...
/resources/farm-loan-programs/farm-ownership-loans,3009,fsa.usda.gov,,,8646,99.67,,/resources/farm-loan-programs/farm-own...
/legal-resources/court-cases/citizens-united-v-fec/,3009,fec.gov,,,8647,99.67,,/legal-resources/court-cases/citizens-...
/medical-devices/device-registration-and-listing/search-registration-and-listing,3009,fda.gov,,,8648,99.67,,/medical-devices/device-registration-a...
/forms/index.cfm/go/document.list/,3009,faa.gov,,,8649,99.67,,/forms/index.cfm/go/document.list/
/current/title-29,3009,ecfr.gov,,,8650,99.67,,/current/title-29
/militarymembers/payentitlements/pay-tables/bas/,3009,dfas.mil,,,8651,99.67,,/militarymembers/payentitlements/pay-t...
/IVApp/IVApp/review/review_reviewpreviousustravel.aspx,3009,ceac.state.gov,,,8652,99.68,,/IVApp/IVApp/review/review_reviewprevi...
/pages/downloads,3009,cde.ucr.cjis.gov,,,8653,99.68,,/pages/downloads
/health/advance-care-planning/getting-your-affairs-order-checklist-documents-prepare-future,3009,nia.nih.gov,,,8654,99.68,,/health/advance-care-planning/getting-...
/medgen/416028,3009,ncbi.nlm.nih.gov,,,8655,99.68,,/medgen/416028
/missions/space-shuttle/sts-51l/challenger-crew-transcript/,3009,nasa.gov,,,8656,99.68,,/missions/space-shuttle/sts-51l/challe...
/image-detail/amf-art002e009210/,3009,nasa.gov,,,8657,99.68,,/image-detail/amf-art002e009210/
/portal/login,3009,myseco.militaryonesource.mil,,,8658,99.68,,/portal/login
/career-management/,3009,mynavyhr.navy.mil,,,8659,99.68,,/career-management/
/mp/listing/publicrequestsearch.do;jsessionid=qwjdt6s_f_77cdo4prczs1uhxshvwqyse_atntizmxgrpifevafh!1141324203,3009,my.americorps.gov,,,8660,99.69,,/mp/listing/publicrequestsearch.do;jse...
/spanish/druginfo/meds/a690002-es.html,3009,medlineplus.gov,,,8661,99.69,,/spanish/druginfo/meds/a690002-es.html
/lab-tests/bun-blood-urea-nitrogen/,3009,medlineplus.gov,,,8662,99.69,,/lab-tests/bun-blood-urea-nitrogen/
/coverage/dental-services,3009,medicare.gov,,,8663,99.69,,/coverage/dental-services
/care-compare/details/inpatient-rehabilitation/44t152,3009,medicare.gov,,,8664,99.69,,/care-compare/details/inpatient-rehabi...
/dataviz/,3009,marsoweb.nas.nasa.gov,,,8665,99.69,,/dataviz/
/ResearchCreditUnion,3009,mapping.ncua.gov,,,8666,99.69,,/ResearchCreditUnion
/login/index.php,3009,learning.cisa.gov,,,8667,99.69,,/login/index.php
/games/gold-rush,3009,kids.usmint.gov,,,8668,99.69,,/games/gold-rush
/pardon/ffrr,3009,justice.gov,,,8669,99.7,,/pardon/ffrr
/diabetes/signs-symptoms/index.html,3009,cdc.gov,,,8670,99.7,,/diabetes/signs-symptoms/index.html
/diabetes/diabetes-testing/index.html,3009,cdc.gov,,,8671,99.7,,/diabetes/diabetes-testing/index.html
/autism/data-research/index.html,3009,cdc.gov,,,8672,99.7,,/autism/data-research/index.html
/id/295136832,3009,catalog.archives.gov,,,8673,99.7,,/id/295136832
/archive/publications/national_transportation_statistics/2011/table_01_15,3009,bts.gov,,,8674,99.7,,/archive/publications/national_transpo...
/ooh/architecture-and-engineering/electrical-and-electronics-engineers.htm,3009,bls.gov,,,8675,99.7,,/ooh/architecture-and-engineering/elec...
/data/intl-trade-investment/international-transactions,3009,bea.gov,,,8676,99.7,,/data/intl-trade-investment/internatio...
/article/242347/the_army_training_network_gateway_to_training_management,3009,army.mil,,,8677,99.7,,/article/242347/the_army_training_netw...
/apod/ap250324.html,3009,apod.nasa.gov,,,8678,99.71,,/apod/ap250324.html
/apod/ap250208.html,3009,apod.nasa.gov,,,8679,99.71,,/apod/ap250208.html
/apod/ap241104.html,3009,apod.nasa.gov,,,8680,99.71,,/apod/ap241104.html
/apod/ap241024.html,3009,apod.nasa.gov,,,8681,99.71,,/apod/ap241024.html
/apod/ap241012.html,3009,apod.nasa.gov,,,8682,99.71,,/apod/ap241012.html
/amc-travel-site/terminals/pacom-terminals/andersen-afb-passenger-terminal/,3009,amc.af.mil,,,8683,99.71,,/amc-travel-site/terminals/pacom-termi...
/foundational-resources/,3009,airuniversity.af.edu,,,8684,99.71,,/foundational-resources/
/careers/career-opportunities/transitioning-military.htm,3009,about.usps.com,,,8685,99.71,,/careers/career-opportunities/transiti...
/apod/ap250207.html,2976,apod.nasa.gov,,,8686,99.72,,/apod/ap250207.html
/apod/ap241207.html,2976,apod.nasa.gov,,,8687,99.72,,/apod/ap241207.html
/research/start/online-tools,2976,archives.gov,,,8688,99.72,,/research/start/online-tools
/graphics/,2976,aviationweather.gov,,,8689,99.72,,/graphics/
/milestone-documents/articles-of-confederation,2976,archives.gov,,,8690,99.72,,/milestone-documents/articles-of-confe...
/apod/ap250317.html,2976,apod.nasa.gov,,,8691,99.72,,/apod/ap250317.html
/overdose-prevention/about/understanding-the-opioid-overdose-epidemic.html,2976,cdc.gov,,,8692,99.72,,/overdose-prevention/about/understandi...
/GenNIV/Common/Recovery.aspx,2976,ceac.state.gov,,,8693,99.72,,/GenNIV/Common/Recovery.aspx
/heart-disease-family-history/about/about-lipoprotein-a.html,2976,cdc.gov,,,8694,99.72,,/heart-disease-family-history/about/ab...
/mrsa/about/index.html,2976,cdc.gov,,,8695,99.73,,/mrsa/about/index.html
/quickfacts/fact/table/minneapoliscityminnesota/pst045224,2976,census.gov,,,8696,99.73,,/quickfacts/fact/table/minneapoliscity...
/topics/cybersecurity-best-practices,2976,cisa.gov,,,8697,99.73,,/topics/cybersecurity-best-practices
/travel/international-visitors/visa-waiver-program,2976,cbp.gov,,,8698,99.73,,/travel/international-visitors/visa-wa...
/id/218517910,2976,catalog.archives.gov,,,8699,99.73,,/id/218517910
/travel/plan-a-trip/transportation-airfare-rates-pov-rates,2976,gsa.gov,,,8700,99.73,,/travel/plan-a-trip/transportation-air...
/working-in-government/unique-hiring-paths/individuals-with-disabilities,2976,help.usajobs.gov,,,8701,99.73,,/working-in-government/unique-hiring-p...
/cartels,2976,dea.gov,,,8702,99.73,,/cartels
/pfas/pfas-explained,2976,epa.gov,,,8703,99.73,,/pfas/pfas-explained
/air_traffic/flight_info/aeronav/digital_products/vfr/,2976,faa.gov,,,8704,99.74,,/air_traffic/flight_info/aeronav/digit...
/wanted/wcc/kalpeshkumar-rasikbhai-patel,2976,fbi.gov,,,8705,99.74,,/wanted/wcc/kalpeshkumar-rasikbhai-pat...
/food-safety/safe-food-handling-and-preparation/food-safety-basics/food-product-dating,2976,fsis.usda.gov,,,8706,99.74,,/food-safety/safe-food-handling-and-pr...
/human-genome-project,2976,genome.gov,,,8707,99.74,,/human-genome-project
/what-are-invasive-species,2976,invasivespeciesinfo.gov,,,8708,99.74,,/what-are-invasive-species
/businesses/small-businesses-self-employed/if-you-no-longer-need-your-ein,2976,irs.gov,,,8709,99.74,,/businesses/small-businesses-self-empl...
/es/informacion-basica/descripcion-general/acerca-del-vih-y-sida/sintomas-del-vih,2976,hiv.gov,,,8710,99.74,,/es/informacion-basica/descripcion-gen...
/enforcementconcerns,2976,ice.gov,,,8711,99.74,,/enforcementconcerns
/charities-non-profits/charitable-organizations/charitable-contribution-deductions,2976,irs.gov,,,8712,99.74,,/charities-non-profits/charitable-orga...
/publications/p15,2976,irs.gov,,,8713,99.75,,/publications/p15
/study/nct05266040,2976,clinicaltrials.gov,,,8714,99.75,,/study/nct05266040
/en/guidelines/hiv-clinical-guidelines-adult-and-adolescent-opportunistic-infections/progressive,2976,clinicalinfo.hiv.gov,,,8715,99.75,,/en/guidelines/hiv-clinical-guidelines...
/articles/pmc7520613/,2976,pmc.ncbi.nlm.nih.gov,,,8716,99.75,,/articles/pmc7520613/
/articles/pmc6199309/figure/fig1/,2976,pmc.ncbi.nlm.nih.gov,,,8717,99.75,,/articles/pmc6199309/figure/fig1/
/articles/pmc3486028/,2976,pmc.ncbi.nlm.nih.gov,,,8718,99.75,,/articles/pmc3486028/
/articles/pmc2759819/,2976,pmc.ncbi.nlm.nih.gov,,,8719,99.75,,/articles/pmc2759819/
/articles/pmc11898507/,2976,pmc.ncbi.nlm.nih.gov,,,8720,99.75,,/articles/pmc11898507/
/text/pub52/welcome.htm,2976,pe.usps.com,,,8721,99.75,,/text/pub52/welcome.htm
/special-rates/search.aspx,2976,opm.gov,,,8722,99.76,,/special-rates/search.aspx
/site-help/search,2976,nrc.gov,,,8723,99.76,,/site-help/search
/zion/planyourvisit/things2do.htm,2976,nps.gov,,,8724,99.76,,/zion/planyourvisit/things2do.htm
/mapr/learn/manhattan-project.htm,2976,nps.gov,,,8725,99.76,,/mapr/learn/manhattan-project.htm
/grfa/index.htm,2976,nps.gov,,,8726,99.76,,/grfa/index.htm
/dena/planyourvisit/kennels.htm,2976,nps.gov,,,8727,99.76,,/dena/planyourvisit/kennels.htm
/health/publications/pandas,2976,nimh.nih.gov,,,8728,99.76,,/health/publications/pandas
/risky-driving/drug-impaired-driving,2976,nhtsa.gov,,,8729,99.76,,/risky-driving/drug-impaired-driving
/technology/nasa-fosters-development-of-lunar-resource-seeking-technologies/,2976,nasa.gov,,,8730,99.77,,/technology/nasa-fosters-development-o...
/image-article/a-gently-glowing-galaxy/,2976,nasa.gov,,,8731,99.77,,/image-article/a-gently-glowing-galaxy...
/humans-in-space/space-launch-system/,2976,nasa.gov,,,8732,99.77,,/humans-in-space/space-launch-system/
/references/us-navy-uniforms/uniform-regulations/chapter-2/2201-personal-appearance/,2976,mynavyhr.navy.mil,,,8733,99.77,,/references/us-navy-uniforms/uniform-r...
/references/,2976,mynavyhr.navy.mil,,,8734,99.77,,/references/
/career-management/boards/active-duty-enlisted/scpo-selection-boards/,2976,mynavyhr.navy.mil,,,8735,99.77,,/career-management/boards/active-duty-...
/news/article/4480615/coast-guard-sets-up-summer-training-sprints-to-meet-increasing-demand-for-reser/,2976,mycg.uscg.mil,,,8736,99.77,,/news/article/4480615/coast-guard-sets...
/spanish/ency/article/003130.htm,2976,medlineplus.gov,,,8737,99.77,,/spanish/ency/article/003130.htm
/spanish/druginfo/meds/a684035-es.html,2976,medlineplus.gov,,,8738,99.77,,/spanish/druginfo/meds/a684035-es.html
/hypothyroidism.html,2976,medlineplus.gov,,,8739,99.78,,/hypothyroidism.html
/ency/article/007504.htm,2976,medlineplus.gov,,,8740,99.78,,/ency/article/007504.htm
/coverage/skilled-nursing-facility-care,2976,medicare.gov,,,8741,99.78,,/coverage/skilled-nursing-facility-car...
/coverage/find-alphabetically,2976,medicare.gov,,,8742,99.78,,/coverage/find-alphabetically
/msl/multimedia/raw-images/,2976,mars.nasa.gov,,,8743,99.78,,/msl/multimedia/raw-images/
/opa/video/acting-attorney-blanche-announces-antitrust-investigations-meatpacking-operations,2976,justice.gov,,,8744,99.78,,/opa/video/acting-attorney-blanche-ann...
/opa/pr/coordinated-takedown-scam-centers-leads-least-276-arrests-alleged-managers-and-recruiters,2976,justice.gov,,,8745,99.78,,/opa/pr/coordinated-takedown-scam-cent...
/civil,2976,justice.gov,,,8746,99.78,,/civil
/travel/destinations/traveler/none/tanzania,2976,wwwnc.cdc.gov,,,8747,99.78,,/travel/destinations/traveler/none/tan...
/visaapplicantui/home/group/mission,2976,www.usvisaappt.com,,,8748,99.79,,/visaapplicantui/home/group/mission
/mycd/,2976,www.census.gov,,,8749,99.79,,/mycd/
/cgi-bin/geo/shapefiles/index.php,2976,www.census.gov,,,8750,99.79,,/cgi-bin/geo/shapefiles/index.php
/family-and-caregiver-benefits/health-and-disability/champva/file-champva-claim-10-7959a/,2976,va.gov,,,8751,99.79,,/family-and-caregiver-benefits/health-...
/disability/eligibility/special-claims/unemployability/,2976,va.gov,,,8752,99.79,,/disability/eligibility/special-claims...
/th/th/nonimmigrant-visa,2976,ustraveldocs.com,,,8753,99.79,,/th/th/nonimmigrant-visa
/business/vendors.htm,2976,usps.com,,,8754,99.79,,/business/vendors.htm
/volcanoes/kilauea,2976,usgs.gov,,,8755,99.79,,/volcanoes/kilauea
/link/39050,2976,uscis.gov,,,8756,99.79,,/link/39050
/i-9-central/form-i-9-resources/handbook-for-employers-m-274/40-completing-section-2-employer-review-and-verification/44-acceptable-receipts,2976,uscis.gov,,,8757,99.8,,/i-9-central/form-i-9-resources/handbo...
/job/852814800,2976,usajobs.gov,,,8758,99.8,,/job/852814800
/plans/eligibility/deers,2976,tricare.mil,,,8759,99.8,,/plans/eligibility/deers
/content/travel/en/news/visas-news/update-on-dv-program-2026.html,2976,travel.state.gov,,,8760,99.8,,/content/travel/en/news/visas-news/upd...
/content/travel/en/news/newsroom.html,2976,travel.state.gov,,,8761,99.8,,/content/travel/en/news/newsroom.html
/go/trackconfirmaction_input/plus/https://tools.usps.com/go/trackconfirmaction,2976,tools.usps.com,,,8762,99.8,,/go/trackconfirmaction_input/plus/http...
/rdms/tmep/current,2976,tmep.uspto.gov,,,8763,99.8,,/rdms/tmep/current
/subs/sra/,2976,submit.ncbi.nlm.nih.gov,,,8764,99.8,,/subs/sra/
/feedback-center/complaint/step-1/about-contact,2976,studentaid.gov,,,8765,99.8,,/feedback-center/complaint/step-1/abou...
/borrower-defense/application/school-info,2976,studentaid.gov,,,8766,99.81,,/borrower-defense/application/school-i...
/oact/babynames/popularity_decrease.html,2976,ssa.gov,,,8767,99.81,,/oact/babynames/popularity_decrease.ht...
/apply/appeal-decision-we-made/request-hearing,2976,ssa.gov,,,8768,99.81,,/apply/appeal-decision-we-made/request...
/climo/reports/260505_rpts.html,2976,spc.noaa.gov,,,8769,99.81,,/climo/reports/260505_rpts.html
/sewp5chop/security/login.sa,2976,sewp.nasa.gov,,,8770,99.81,,/sewp5chop/security/login.sa
/universe/stars/types/,2976,science.nasa.gov,,,8771,99.81,,/universe/stars/types/
/solar-system/meteors-meteorites/,2976,science.nasa.gov,,,8772,99.81,,/solar-system/meteors-meteorites/
/5627870/,2976,pubmed.ncbi.nlm.nih.gov,,,8773,99.81,,/5627870/
/24880958/,2976,pubmed.ncbi.nlm.nih.gov,,,8774,99.82,,/24880958/
/24408514/,2976,pubmed.ncbi.nlm.nih.gov,,,8775,99.82,,/24408514/
/myportal/wps/myportal/cmsportal/bcrs/verticalRedirect/bcrs,2976,portal.cms.cmsnet,,,8776,99.82,,/myportal/wps/myportal/cmsportal/bcrs/...
/articles/pmc9009903/,2976,pmc.ncbi.nlm.nih.gov,,,8777,99.82,,/articles/pmc9009903/
/articles/pmc8729907/,2976,pmc.ncbi.nlm.nih.gov,,,8778,99.82,,/articles/pmc8729907/
/articles/pmc8341601/,2976,pmc.ncbi.nlm.nih.gov,,,8779,99.82,,/articles/pmc8341601/
/publications/p463,2976,irs.gov,,,8780,99.82,,/publications/p463
/loan-simulator/borrow-more/wizard/loan-info/confirm-current-loan/current,2942,studentaid.gov,,,8781,99.82,,/loan-simulator/borrow-more/wizard/loa...
/patents/apply/checking-application-status/check-filing-status-your-patent-application,2942,uspto.gov,,,8782,99.82,,/patents/apply/checking-application-st...
/store/product/winter-landscapes-stamps-s_685704,2942,store.usps.com,,,8783,99.83,,/store/product/winter-landscapes-stamp...
/citizenship/exceptions-and-accommodations,2942,uscis.gov,,,8784,99.83,,/citizenship/exceptions-and-accommodat...
/job/868398900,2942,usajobs.gov,,,8785,99.83,,/job/868398900
/working-in-us/eb4/sij,2942,uscis.gov,,,8786,99.83,,/working-in-us/eb4/sij
/uspstf/recommendation/colorectal-cancer-screening,2942,uspreventiveservicestaskforce.org,,,8787,99.83,,/uspstf/recommendation/colorectal-canc...
/mars/resources/,2942,science.nasa.gov,,,8788,99.83,,/mars/resources/
/disability-services,2942,usa.gov,,,8789,99.83,,/disability-services
/kids/earth/what-causes-air-pollution/,2942,science.nasa.gov,,,8790,99.83,,/kids/earth/what-causes-air-pollution/
/hypub-bin/trajtype.pl,2942,ready.noaa.gov,,,8791,99.83,,/hypub-bin/trajtype.pl
/articles/pmc3245318/,2942,pmc.ncbi.nlm.nih.gov,,,8792,99.84,,/articles/pmc3245318/
/16681470/,2942,pubmed.ncbi.nlm.nih.gov,,,8793,99.84,,/16681470/
/country/unitedarabemirates/content/detail/report/b09f0825-66b7-41d4-906f-1d9bf5277853,2942,osac.gov,,,8794,99.84,,/country/unitedarabemirates/content/de...
/working-in-the-united-states/temporary-workers/h-1b-specialty-occupations/h-1b-electronic-registration-process,2942,uscis.gov,,,8795,99.84,,/working-in-the-united-states/temporar...
/maf/,2942,weather.gov,,,8796,99.84,,/maf/
/top/tornadohistory,2942,weather.gov,,,8797,99.84,,/top/tornadohistory
/my/en/,2942,ustraveldocs.com,,,8798,99.84,,/my/en/
/manage-dependents/add-remove-form-21-686c-674/add-spouse-evidence,2942,www.va.gov,,,8799,99.84,,/manage-dependents/add-remove-form-21-...
/news/news-stories/article/article/4479499/pentagon-lab-day-demonstrates-best-of-war-department-research/,2942,war.gov,,,8800,99.84,,/news/news-stories/article/article/447...
/14866/,2942,svs.gsfc.nasa.gov,,,8801,99.85,,/14866/
/content/travel/en/intercountry-adoption.html,2942,travel.state.gov,,,8802,99.85,,/content/travel/en/intercountry-adopti...
/initial-application/attorney-information,2942,trademarkcenter.uspto.gov,,,8803,99.85,,/initial-application/attorney-informat...
/benefits/retirement/planner/claiming.html,2942,ssa.gov,,,8804,99.85,,/benefits/retirement/planner/claiming....
/oact/progdata/nra.html,2942,ssa.gov,,,8805,99.85,,/oact/progdata/nra.html
/store/product/boston-2026-world-stamp-show-stamps-s_487304,2942,store.usps.com,,,8806,99.85,,/store/product/boston-2026-world-stamp...
/starcom-careers/,2942,starcom.spaceforce.mil,,,8807,99.85,,/starcom-careers/
/mission/hubble/multimedia/online-activities/hubble-skymap/,2942,science.nasa.gov,,,8808,99.85,,/mission/hubble/multimedia/online-acti...
/solar-system/meteors-meteorites/eta-aquarids/,2942,science.nasa.gov,,,8809,99.85,,/solar-system/meteors-meteorites/eta-a...
/visas-2/,2942,tr.usembassy.gov,,,8810,99.86,,/visas-2/
/articles/pmc2890937/,2942,pmc.ncbi.nlm.nih.gov,,,8811,99.86,,/articles/pmc2890937/
/tr/niv-how-do-i-apply/,2942,tr.usembassy.gov,,,8812,99.86,,/tr/niv-how-do-i-apply/
/scripts/cder/dissolution/dsp_searchresults.cfm,2942,accessdata.fda.gov,,,8813,99.86,,/scripts/cder/dissolution/dsp_searchre...
/es-ar/niv/information/niv,2942,ais.usvisa-info.com,,,8814,99.86,,/es-ar/niv/information/niv
/apod/ap250216.html,2942,apod.nasa.gov,,,8815,99.86,,/apod/ap250216.html
/apod/ap250223.html,2942,apod.nasa.gov,,,8816,99.86,,/apod/ap250223.html
/apod/ap250313.html,2942,apod.nasa.gov,,,8817,99.86,,/apod/ap250313.html
/apod/ap250610.html,2942,apod.nasa.gov,,,8818,99.86,,/apod/ap250610.html
/research/genealogy/start-research,2942,archives.gov,,,8819,99.87,,/research/genealogy/start-research
/ooh/entertainment-and-sports/musicians-and-singers.htm,2942,bls.gov,,,8820,99.87,,/ooh/entertainment-and-sports/musician...
/ooh/healthcare/physician-assistants.htm,2942,bls.gov,,,8821,99.87,,/ooh/healthcare/physician-assistants.h...
/next-generation-uniformed-services-id-card/getting-your-id-card/,2942,cac.mil,,,8822,99.87,,/next-generation-uniformed-services-id...
/alpha-gal-syndrome/signs-symptoms/index.html,2942,cdc.gov,,,8823,99.87,,/alpha-gal-syndrome/signs-symptoms/ind...
/diabetes/about/about-type-2-diabetes.html,2942,cdc.gov,,,8824,99.87,,/diabetes/about/about-type-2-diabetes....
/mold-health/about/index.html,2942,cdc.gov,,,8825,99.87,,/mold-health/about/index.html
/naegleria/about/index.html,2942,cdc.gov,,,8826,99.87,,/naegleria/about/index.html
/GenNIV/Common/AppError.aspx,2942,ceac.state.gov,,,8827,99.87,,/GenNIV/Common/AppError.aspx
/about-cms,2942,cms.gov,,,8828,99.88,,/about-cms
/osa/osa_security_statement.aspx,2942,dcp.psc.gov,,,8829,99.88,,/osa/osa_security_statement.aspx
/current/title-13/chapter-i/part-121,2942,ecfr.gov,,,8830,99.88,,/current/title-13/chapter-i/part-121
/grants-and-programs/recognition-programs/us-presidential-scholars-program,2942,ed.gov,,,8831,99.88,,/grants-and-programs/recognition-progr...
/parents.htm,2942,everykidoutdoors.gov,,,8832,99.88,,/parents.htm
/s/topiccatalog,2942,faq.usps.com,,,8833,99.88,,/s/topiccatalog
/how-we-can-help-you,2942,fbi.gov,,,8834,99.88,,/how-we-can-help-you
/wanted/seeking-info,2942,fbi.gov,,,8835,99.88,,/wanted/seeking-info
/wanted/topten/yulan-adonay-archaga-carias,2942,fbi.gov,,,8836,99.88,,/wanted/topten/yulan-adonay-archaga-ca...
/about-fda/contact-fda/subscribe-podcasts-and-news-feeds,2942,fda.gov,,,8837,99.89,,/about-fda/contact-fda/subscribe-podca...
/news-events/press-announcements/fda-approves-first-ever-gene-therapy-treatment-genetic-hearing-loss-under-national-priority-voucher,2942,fda.gov,,,8838,99.89,,/news-events/press-announcements/fda-a...
/news-events/public-health-focus/fda-and-kratom,2942,fda.gov,,,8839,99.89,,/news-events/public-health-focus/fda-a...
/agencies/alcohol-tobacco-firearms-and-explosives-bureau,2942,federalregister.gov,,,8840,99.89,,/agencies/alcohol-tobacco-firearms-and...
/americas-finance-guide/government-revenue/,2942,fiscaldata.treasury.gov,,,8841,99.89,,/americas-finance-guide/government-rev...
/snap/applicant-participant,2942,fns.usda.gov,,,8842,99.89,,/snap/applicant-participant
/travel/plan-a-trip,2942,gsa.gov,,,8843,99.89,,/travel/plan-a-trip
/news/press-releases/sb0485,2942,home.treasury.gov,,,8844,99.89,,/news/press-releases/sb0485
/businesses/small-businesses-self-employed/independent-contractor-defined,2942,irs.gov,,,8845,99.9,,/businesses/small-businesses-self-empl...
/forms-pubs/about-schedule-d-form-1040,2942,irs.gov,,,8846,99.9,,/forms-pubs/about-schedule-d-form-1040
/individuals/international-taxpayers/us-citizens-and-resident-aliens-abroad,2942,irs.gov,,,8847,99.9,,/individuals/international-taxpayers/u...
/newsroom/one-big-beautiful-bill-provisions-individuals-and-workers,2942,irs.gov,,,8848,99.9,,/newsroom/one-big-beautiful-bill-provi...
/publications/p590a,2942,irs.gov,,,8849,99.9,,/publications/p590a
/opa/pr/justice-department-files-lawsuit-against-state-new-mexico-and-city-albuquerque-obstructing,2942,justice.gov,,,8850,99.9,,/opa/pr/justice-department-files-lawsu...
/landingsites/newest.html,2942,marsoweb.nas.nasa.gov,,,8851,99.9,,/landingsites/newest.html
/about-us/accessibility-nondiscrimination-notice,2942,medicare.gov,,,8852,99.9,,/about-us/accessibility-nondiscriminat...
/druginfo/meds/a692044.html,2942,medlineplus.gov,,,8853,99.9,,/druginfo/meds/a692044.html
/spanish/druginfo/meds/a697048-es.html,2942,medlineplus.gov,,,8854,99.91,,/spanish/druginfo/meds/a697048-es.html
/spanish/ency/article/000845.htm,2942,medlineplus.gov,,,8855,99.91,,/spanish/ency/article/000845.htm
/spanish/ency/article/003211.htm,2942,medlineplus.gov,,,8856,99.91,,/spanish/ency/article/003211.htm
/spanish/spleendiseases.html,2942,medlineplus.gov,,,8857,99.91,,/spanish/spleendiseases.html
/portal/topic/find-a-job,2942,myseco.militaryonesource.mil,,,8858,99.91,,/portal/topic/find-a-job
/image-detail/amf-art002e021296/,2942,nasa.gov,,,8859,99.91,,/image-detail/amf-art002e021296/
/books/nbk207191/box/part1_ch3.box16/,2942,ncbi.nlm.nih.gov,,,8860,99.91,,/books/nbk207191/box/part1_ch3.box16/
/nceskids/graphing/classic/bar_pie_chart.asp,2942,nces.ed.gov,,,8861,99.91,,/nceskids/graphing/classic/bar_pie_cha...
/radial_search.php,2942,ndbc.noaa.gov,,,8862,99.91,,/radial_search.php
/health/memory-loss-and-forgetfulness/memory-problems-forgetfulness-and-aging,2942,nia.nih.gov,,,8863,99.92,,/health/memory-loss-and-forgetfulness/...
/health/sexuality/sexuality-and-intimacy-older-adults,2942,nia.nih.gov,,,8864,99.92,,/health/sexuality/sexuality-and-intima...
/publications/brochures-and-fact-sheets/understanding-alcohol-use-disorder,2942,niaaa.nih.gov,,,8865,99.92,,/publications/brochures-and-fact-sheet...
/research-topics/methamphetamine,2942,nida.nih.gov,,,8866,99.92,,/research-topics/methamphetamine
/grte/planyourvisit/index.htm,2942,nps.gov,,,8867,99.92,,/grte/planyourvisit/index.htm
/jotr/planyourvisit/conditions.htm,2942,nps.gov,,,8868,99.92,,/jotr/planyourvisit/conditions.htm
/mora/planyourvisit/hours.htm,2942,nps.gov,,,8869,99.92,,/mora/planyourvisit/hours.htm
/nama/index.htm,2942,nps.gov,,,8870,99.92,,/nama/index.htm
/en/international-travel/planning/personal-needs/dual-nationality.html,2942,travel.state.gov,,,8871,99.92,,/en/international-travel/planning/pers...
/buy-from-government,2942,usa.gov,,,8872,99.93,,/buy-from-government
/news/article-display/article/4478758/back-from-the-boneyard-tinker-brings-b-1-back-to-the-fight/,2942,tinker.af.mil,,,8873,99.93,,/news/article-display/article/4478758/...
/wanted/kidnap/rosa-marie-camacho,2909,fbi.gov,,,8874,99.93,,/wanted/kidnap/rosa-marie-camacho
/r06/deschutes/recreation,2909,fs.usda.gov,,,8875,99.93,,/r06/deschutes/recreation
/GenNIV/General/review/review_reviewStudent.aspx,2909,ceac.state.gov,,,8876,99.93,,/GenNIV/General/review/review_reviewSt...
/infection-control/about/index.html,2909,cdc.gov,,,8877,99.93,,/infection-control/about/index.html
/hiv/prevention/prep.html,2909,cdc.gov,,,8878,99.93,,/hiv/prevention/prep.html
/flu/about/flu-vs-covid19.html,2909,cdc.gov,,,8879,99.93,,/flu/about/flu-vs-covid19.html
/ebola/outbreaks/index.html,2909,cdc.gov,,,8880,99.93,,/ebola/outbreaks/index.html
/adhd/about/index.html,2909,cdc.gov,,,8881,99.94,,/adhd/about/index.html
/act-early/milestones/5-years.html,2909,cdc.gov,,,8882,99.94,,/act-early/milestones/5-years.html
/explorecareers/assessments/skills.aspx,2909,careeronestop.org,,,8883,99.94,,/explorecareers/assessments/skills.asp...
/web/laus/laumstrk.htm,2909,bls.gov,,,8884,99.94,,/web/laus/laumstrk.htm
/ooh/food-preparation-and-serving/chefs-and-head-cooks.htm,2909,bls.gov,,,8885,99.94,,/ooh/food-preparation-and-serving/chef...
/emp/,2909,bls.gov,,,8886,99.94,,/emp/
/visit/search,2909,blm.gov,,,8887,99.94,,/visit/search
/tcf/,2909,aviationweather.gov,,,8888,99.94,,/tcf/
/research/immigration/naturalization,2909,archives.gov,,,8889,99.94,,/research/immigration/naturalization
/visit/passes-permits,2909,fs.usda.gov,,,8890,99.95,,/visit/passes-permits
/grants-process/write-application/how-to-apply-application-guide/page-limits,2909,grants.nih.gov,,,8891,99.95,,/grants-process/write-application/how-...
/IVApp/IVApp/complete/complete_workeducation3.aspx,2909,ceac.state.gov,,,8892,99.95,,/IVApp/IVApp/complete/complete_workedu...
/IVApp/IVApp/complete/complete_securityandbackground2.aspx,2909,ceac.state.gov,,,8893,99.95,,/IVApp/IVApp/complete/complete_securit...
/IVApp/IVApp/review/review_reviewpetitioner.aspx,2909,ceac.state.gov,,,8894,99.95,,/IVApp/IVApp/review/review_reviewpetit...
/articles/how-stop-junk-mail,2909,consumer.ftc.gov,,,8895,99.95,,/articles/how-stop-junk-mail
/systems-applications/electronic-questionnaires-for-investigations-processing-e-qip/,2909,dcsa.mil,,,8896,99.95,,/systems-applications/electronic-quest...
/marine/forecast/enhanced_atlc.php,2909,nhc.noaa.gov,,,8897,99.95,,/marine/forecast/enhanced_atlc.php
/visit/,2909,nationalmuseum.af.mil,,,8898,99.95,,/visit/
/home/download/,2909,ncbi.nlm.nih.gov,,,8899,99.96,,/home/download/
/policy/our-privacy-act-statement/,2909,login.gov,,,8900,99.96,,/policy/our-privacy-act-statement/
/rest-auth/login/,2909,lending.sba.gov,,,8901,99.96,,/rest-auth/login/
/usao-dc/pr,2909,justice.gov,,,8902,99.96,,/usao-dc/pr
/universe/supernova-remnant-sn-1006/,2909,nasa.gov,,,8903,99.96,,/universe/supernova-remnant-sn-1006/
/image-detail/amf-art002e020904/,2909,nasa.gov,,,8904,99.96,,/image-detail/amf-art002e020904/
/image-detail/amf-art002e014066/,2909,nasa.gov,,,8905,99.96,,/image-detail/amf-art002e014066/
/ignition/,2909,nasa.gov,,,8906,99.96,,/ignition/
/lab-tests/calprotectin-stool-test/,2909,medlineplus.gov,,,8907,99.96,,/lab-tests/calprotectin-stool-test/
/health/publications/disruptive-mood-dysregulation-disorder,2909,nimh.nih.gov,,,8908,99.97,,/health/publications/disruptive-mood-d...
/health-information/disorders/myasthenia-gravis,2909,ninds.nih.gov,,,8909,99.97,,/health-information/disorders/myasthen...
/forms-pubs/about-form-5695,2909,irs.gov,,,8910,99.97,,/forms-pubs/about-form-5695
/government-entities/federal-state-local-governments,2909,irs.gov,,,8911,99.97,,/government-entities/federal-state-loc...
/crt,2909,justice.gov,,,8912,99.97,,/crt
/contactus/bystate,2909,osha.gov,,,8913,99.97,,/contactus/bystate
/directorate/ccsd/publications,2909,ornl.gov,,,8914,99.97,,/directorate/ccsd/publications
/registrar/transcript-requests/,2909,airuniversity.af.edu,,,8915,99.97,,/registrar/transcript-requests/
/amc-travel-site/terminals/eucom-terminals/raf-mildenhall-passenger-terminal/,2909,amc.af.mil,,,8916,99.97,,/amc-travel-site/terminals/eucom-termi...
/apod/ap250227.html,2909,apod.nasa.gov,,,8917,99.98,,/apod/ap250227.html
/apod/ap250330.html,2909,apod.nasa.gov,,,8918,99.98,,/apod/ap250330.html
/faq/job-announcement/bargaining-units,2909,help.usajobs.gov,,,8919,99.98,,/faq/job-announcement/bargaining-units
/optn/about/governance/board-of-directors,2909,hrsa.gov,,,8920,99.98,,/optn/about/governance/board-of-direct...
/forms-pubs/about-form-1040-v,2909,irs.gov,,,8921,99.98,,/forms-pubs/about-form-1040-v
/acad/planyourvisit/basicinfo.htm,2909,nps.gov,,,8922,99.98,,/acad/planyourvisit/basicinfo.htm
/glac/planyourvisit/camping.htm,2909,nps.gov,,,8923,99.98,,/glac/planyourvisit/camping.htm
/jeff/index.htm,2909,nps.gov,,,8924,99.98,,/jeff/index.htm
/planyourvisit/event-search.htm,2909,nps.gov,,,8925,99.98,,/planyourvisit/event-search.htm
/regulations_policies,2909,faa.gov,,,8926,99.99,,/regulations_policies
/history/cases-and-criminals/unabomber,2909,fbi.gov,,,8927,99.99,,/history/cases-and-criminals/unabomber
/how-we-can-help-you/victim-services,2909,fbi.gov,,,8928,99.99,,/how-we-can-help-you/victim-services
/factsheets/ketamine,2909,dea.gov,,,8929,99.99,,/factsheets/ketamine
/es/no-viaje-a-los-estados-unidos-con-productos-porcinos/,2909,do.usembassy.gov,,,8930,99.99,,/es/no-viaje-a-los-estados-unidos-con-...
/current/title-22/chapter-i/subchapter-m/part-121,2909,ecfr.gov,,,8931,99.99,,/current/title-22/chapter-i/subchapter...
/elibrary/docinfo,2909,elibrary.ferc.gov,,,8932,99.99,,/elibrary/docinfo
/ground-water-and-drinking-water/basic-information-about-lead-drinking-water,2909,epa.gov,,,8933,99.99,,/ground-water-and-drinking-water/basic...
/viewtopic.php,2909,forum.earthdata.nasa.gov,,,8934,99.99,,/viewtopic.php
/articles/pmc10239294/,2909,pmc.ncbi.nlm.nih.gov,,,8935,100.0,,/articles/pmc10239294/
/articles/pmc4071469/,2909,pmc.ncbi.nlm.nih.gov,,,8936,100.0,,/articles/pmc4071469/
/articles/pmc4323632/,2909,pmc.ncbi.nlm.nih.gov,,,8937,100.0,,/articles/pmc4323632/
/articles/pmc7522354/,2909,pmc.ncbi.nlm.nih.gov,,,8938,100.0,,/articles/pmc7522354/
/featured-research,2909,pnnl.gov,,,8939,100.0,,/featured-research
